{2825,251.000458, 24}
{2825,251.000458, 19.2}
{2825,251.000458, 14.4}
{2825,251.000458, 9.6}
{2825,251.000458, 4.8}
{2825,251.000458, 0}
{2825,-251.000458, 0}
{2825,-251.000458, 4.8}
{2825,-251.000458, 9.6}
{2825,-251.000458, 14.4}
{2825,-251.000458, 19.2}
{2825,-251.000458, 24}
{2925.892857,250.840169, 24}
{2925.892857,250.840169, 19.2}
{2925.892857,250.840169, 14.4}
{2925.892857,250.840169, 9.6}
{2925.892857,250.840169, 4.8}
{2925.892857,250.840169, 0}
{2925.892857,-250.845, 0}
{2925.892857,-250.845, 4.8}
{2925.892857,-250.845, 9.6}
{2925.892857,-250.845, 14.4}
{2925.892857,-250.845, 19.2}
{2925.892857,-250.845, 24}
{3026.785714,250.229984, 24}
{3026.785714,250.229984, 19.2}
{3026.785714,250.229984, 14.4}
{3026.785714,250.229984, 9.6}
{3026.785714,250.229984, 4.8}
{3026.785714,250.229984, 0}
{3026.785714,-250.231607, 0}
{3026.785714,-250.231607, 4.8}
{3026.785714,-250.231607, 9.6}
{3026.785714,-250.231607, 14.4}
{3026.785714,-250.231607, 19.2}
{3026.785714,-250.231607, 24}
{3127.678571,249.145522, 24}
{3127.678571,249.145522, 19.2}
{3127.678571,249.145522, 14.4}
{3127.678571,249.145522, 9.6}
{3127.678571,249.145522, 4.8}
{3127.678571,249.145522, 0}
{3127.678571,-249.143809, 0}
{3127.678571,-249.143809, 4.8}
{3127.678571,-249.143809, 9.6}
{3127.678571,-249.143809, 14.4}
{3127.678571,-249.143809, 19.2}
{3127.678571,-249.143809, 24}
{3228.571429,247.526136, 24}
{3228.571429,247.526136, 19.2}
{3228.571429,247.526136, 14.4}
{3228.571429,247.526136, 9.6}
{3228.571429,247.526136, 4.8}
{3228.571429,247.526136, 0}
{3228.571429,-247.53156, 0}
{3228.571429,-247.53156, 4.8}
{3228.571429,-247.53156, 9.6}
{3228.571429,-247.53156, 14.4}
{3228.571429,-247.53156, 19.2}
{3228.571429,-247.53156, 24}
{3329.464286,245.271888, 24}
{3329.464286,245.271888, 19.2}
{3329.464286,245.271888, 14.4}
{3329.464286,245.271888, 9.6}
{3329.464286,245.271888, 4.8}
{3329.464286,245.271888, 0}
{3329.464286,-245.271932, 0}
{3329.464286,-245.271932, 4.8}
{3329.464286,-245.271932, 9.6}
{3329.464286,-245.271932, 14.4}
{3329.464286,-245.271932, 19.2}
{3329.464286,-245.271932, 24}
{3430.357143,242.34605, 24}
{3430.357143,242.34605, 19.2}
{3430.357143,242.34605, 14.4}
{3430.357143,242.34605, 9.6}
{3430.357143,242.34605, 4.8}
{3430.357143,242.34605, 0}
{3430.357143,-242.346006, 0}
{3430.357143,-242.346006, 4.8}
{3430.357143,-242.346006, 9.6}
{3430.357143,-242.346006, 14.4}
{3430.357143,-242.346006, 19.2}
{3430.357143,-242.346006, 24}
{3531.25,238.770552, 24}
{3531.25,238.770552, 19.2}
{3531.25,238.770552, 14.4}
{3531.25,238.770552, 9.6}
{3531.25,238.770552, 4.8}
{3531.25,238.770552, 0}
{3531.25,-238.770576, 0}
{3531.25,-238.770576, 4.8}
{3531.25,-238.770576, 9.6}
{3531.25,-238.770576, 14.4}
{3531.25,-238.770576, 19.2}
{3531.25,-238.770576, 24}
{3632.142857,234.519726, 24}
{3632.142857,234.519726, 19.2}
{3632.142857,234.519726, 14.4}
{3632.142857,234.519726, 9.6}
{3632.142857,234.519726, 4.8}
{3632.142857,234.519726, 0}
{3632.142857,-234.511893, 0}
{3632.142857,-234.511893, 4.8}
{3632.142857,-234.511893, 9.6}
{3632.142857,-234.511893, 14.4}
{3632.142857,-234.511893, 19.2}
{3632.142857,-234.511893, 24}
{3733.035714,229.571443, 24}
{3733.035714,229.571443, 19.2}
{3733.035714,229.571443, 14.4}
{3733.035714,229.571443, 9.6}
{3733.035714,229.571443, 4.8}
{3733.035714,229.571443, 0}
{3733.035714,-229.569341, 0}
{3733.035714,-229.569341, 4.8}
{3733.035714,-229.569341, 9.6}
{3733.035714,-229.569341, 14.4}
{3733.035714,-229.569341, 19.2}
{3733.035714,-229.569341, 24}
{3833.928571,223.796507, 24}
{3833.928571,223.796507, 19.2}
{3833.928571,223.796507, 14.4}
{3833.928571,223.796507, 9.6}
{3833.928571,223.796507, 4.8}
{3833.928571,223.796507, 0}
{3833.928571,-223.791668, 0}
{3833.928571,-223.791668, 4.8}
{3833.928571,-223.791668, 9.6}
{3833.928571,-223.791668, 14.4}
{3833.928571,-223.791668, 19.2}
{3833.928571,-223.791668, 24}
{3934.821429,217.27818, 24}
{3934.821429,217.27818, 19.2}
{3934.821429,217.27818, 14.4}
{3934.821429,217.27818, 9.6}
{3934.821429,217.27818, 4.8}
{3934.821429,217.27818, 0}
{3934.821429,-217.278201, 0}
{3934.821429,-217.278201, 4.8}
{3934.821429,-217.278201, 9.6}
{3934.821429,-217.278201, 14.4}
{3934.821429,-217.278201, 19.2}
{3934.821429,-217.278201, 24}
{4035.714286,210.003181, 24}
{4035.714286,210.003181, 19.2}
{4035.714286,210.003181, 14.4}
{4035.714286,210.003181, 9.6}
{4035.714286,210.003181, 4.8}
{4035.714286,210.003181, 0}
{4035.714286,-210.003167, 0}
{4035.714286,-210.003167, 4.8}
{4035.714286,-210.003167, 9.6}
{4035.714286,-210.003167, 14.4}
{4035.714286,-210.003167, 19.2}
{4035.714286,-210.003167, 24}
{4136.607143,201.95588, 24}
{4136.607143,201.95588, 19.2}
{4136.607143,201.95588, 14.4}
{4136.607143,201.95588, 9.6}
{4136.607143,201.95588, 4.8}
{4136.607143,201.95588, 0}
{4136.607143,-201.955893, 0}
{4136.607143,-201.955893, 4.8}
{4136.607143,-201.955893, 9.6}
{4136.607143,-201.955893, 14.4}
{4136.607143,-201.955893, 19.2}
{4136.607143,-201.955893, 24}
{4237.5,193.058487, 24}
{4237.5,193.058487, 19.2}
{4237.5,193.058487, 14.4}
{4237.5,193.058487, 9.6}
{4237.5,193.058487, 4.8}
{4237.5,193.058487, 0}
{4237.5,-193.058461, 0}
{4237.5,-193.058461, 4.8}
{4237.5,-193.058461, 9.6}
{4237.5,-193.058461, 14.4}
{4237.5,-193.058461, 19.2}
{4237.5,-193.058461, 24}
{4338.392857,183.295892, 24}
{4338.392857,183.295892, 19.2}
{4338.392857,183.295892, 14.4}
{4338.392857,183.295892, 9.6}
{4338.392857,183.295892, 4.8}
{4338.392857,183.295892, 0}
{4338.392857,-183.295907, 0}
{4338.392857,-183.295907, 4.8}
{4338.392857,-183.295907, 9.6}
{4338.392857,-183.295907, 14.4}
{4338.392857,-183.295907, 19.2}
{4338.392857,-183.295907, 24}
{4439.285714,172.71584, 24}
{4439.285714,172.71584, 19.2}
{4439.285714,172.71584, 14.4}
{4439.285714,172.71584, 9.6}
{4439.285714,172.71584, 4.8}
{4439.285714,172.71584, 0}
{4439.285714,-172.715847, 0}
{4439.285714,-172.715847, 4.8}
{4439.285714,-172.715847, 9.6}
{4439.285714,-172.715847, 14.4}
{4439.285714,-172.715847, 19.2}
{4439.285714,-172.715847, 24}
{4540.178571,161.306088, 24}
{4540.178571,161.306088, 19.2}
{4540.178571,161.306088, 14.4}
{4540.178571,161.306088, 9.6}
{4540.178571,161.306088, 4.8}
{4540.178571,161.306088, 0}
{4540.178571,-161.306076, 0}
{4540.178571,-161.306076, 4.8}
{4540.178571,-161.306076, 9.6}
{4540.178571,-161.306076, 14.4}
{4540.178571,-161.306076, 19.2}
{4540.178571,-161.306076, 24}
{4641.071429,149.043319, 24}
{4641.071429,149.043319, 19.2}
{4641.071429,149.043319, 14.4}
{4641.071429,149.043319, 9.6}
{4641.071429,149.043319, 4.8}
{4641.071429,149.043319, 0}
{4641.071429,-149.038565, 0}
{4641.071429,-149.038565, 4.8}
{4641.071429,-149.038565, 9.6}
{4641.071429,-149.038565, 14.4}
{4641.071429,-149.038565, 19.2}
{4641.071429,-149.038565, 24}
{4741.964286,135.801717, 24}
{4741.964286,135.801717, 19.2}
{4741.964286,135.801717, 14.4}
{4741.964286,135.801717, 9.6}
{4741.964286,135.801717, 4.8}
{4741.964286,135.801717, 0}
{4741.964286,-135.798207, 0}
{4741.964286,-135.798207, 4.8}
{4741.964286,-135.798207, 9.6}
{4741.964286,-135.798207, 14.4}
{4741.964286,-135.798207, 19.2}
{4741.964286,-135.798207, 24}
{4842.857143,121.694866, 24}
{4842.857143,121.694866, 19.2}
{4842.857143,121.694866, 14.4}
{4842.857143,121.694866, 9.6}
{4842.857143,121.694866, 4.8}
{4842.857143,121.694866, 0}
{4842.857143,-121.691214, 0}
{4842.857143,-121.691214, 4.8}
{4842.857143,-121.691214, 9.6}
{4842.857143,-121.691214, 14.4}
{4842.857143,-121.691214, 19.2}
{4842.857143,-121.691214, 24}
{4943.75,106.704437, 24}
{4943.75,106.704437, 19.2}
{4943.75,106.704437, 14.4}
{4943.75,106.704437, 9.6}
{4943.75,106.704437, 4.8}
{4943.75,106.704437, 0}
{4943.75,-106.707746, 0}
{4943.75,-106.707746, 4.8}
{4943.75,-106.707746, 9.6}
{4943.75,-106.707746, 14.4}
{4943.75,-106.707746, 19.2}
{4943.75,-106.707746, 24}
{5044.642857,90.838065, 24}
{5044.642857,90.838065, 19.2}
{5044.642857,90.838065, 14.4}
{5044.642857,90.838065, 9.6}
{5044.642857,90.838065, 4.8}
{5044.642857,90.838065, 0}
{5044.642857,-90.838046, 0}
{5044.642857,-90.838046, 4.8}
{5044.642857,-90.838046, 9.6}
{5044.642857,-90.838046, 14.4}
{5044.642857,-90.838046, 19.2}
{5044.642857,-90.838046, 24}
{5145.535714,73.950102, 24}
{5145.535714,73.950102, 19.2}
{5145.535714,73.950102, 14.4}
{5145.535714,73.950102, 9.6}
{5145.535714,73.950102, 4.8}
{5145.535714,73.950102, 0}
{5145.535714,-73.95014, 0}
{5145.535714,-73.95014, 4.8}
{5145.535714,-73.95014, 9.6}
{5145.535714,-73.95014, 14.4}
{5145.535714,-73.95014, 19.2}
{5145.535714,-73.95014, 24}
{5246.428571,56.131814, 24}
{5246.428571,56.131814, 19.2}
{5246.428571,56.131814, 14.4}
{5246.428571,56.131814, 9.6}
{5246.428571,56.131814, 4.8}
{5246.428571,56.131814, 0}
{5246.428571,-56.13179, 0}
{5246.428571,-56.13179, 4.8}
{5246.428571,-56.13179, 9.6}
{5246.428571,-56.13179, 14.4}
{5246.428571,-56.13179, 19.2}
{5246.428571,-56.13179, 24}
{5347.321429,37.397577, 24}
{5347.321429,37.397577, 19.2}
{5347.321429,37.397577, 14.4}
{5347.321429,37.397577, 9.6}
{5347.321429,37.397577, 4.8}
{5347.321429,37.397577, 0}
{5347.321429,-37.397574, 0}
{5347.321429,-37.397574, 4.8}
{5347.321429,-37.397574, 9.6}
{5347.321429,-37.397574, 14.4}
{5347.321429,-37.397574, 19.2}
{5347.321429,-37.397574, 24}
{5448.214286,17.729742, 24}
{5448.214286,17.729742, 19.2}
{5448.214286,17.729742, 14.4}
{5448.214286,17.729742, 9.6}
{5448.214286,17.729742, 4.8}
{5448.214286,17.729742, 0}
{5448.214286,-17.739163, 0}
{5448.214286,-17.739163, 4.8}
{5448.214286,-17.739163, 9.6}
{5448.214286,-17.739163, 14.4}
{5448.214286,-17.739163, 19.2}
{5448.214286,-17.739163, 24}
{2724.107143,250.845, 24}
{2724.107143,250.845, 19.2}
{2724.107143,250.845, 14.4}
{2724.107143,250.845, 9.6}
{2724.107143,250.845, 4.8}
{2724.107143,250.845, 0}
{2724.107143,-250.840169, 0}
{2724.107143,-250.840169, 4.8}
{2724.107143,-250.840169, 9.6}
{2724.107143,-250.840169, 14.4}
{2724.107143,-250.840169, 19.2}
{2724.107143,-250.840169, 24}
{2623.214286,250.231607, 24}
{2623.214286,250.231607, 19.2}
{2623.214286,250.231607, 14.4}
{2623.214286,250.231607, 9.6}
{2623.214286,250.231607, 4.8}
{2623.214286,250.231607, 0}
{2623.214286,-250.229984, 0}
{2623.214286,-250.229984, 4.8}
{2623.214286,-250.229984, 9.6}
{2623.214286,-250.229984, 14.4}
{2623.214286,-250.229984, 19.2}
{2623.214286,-250.229984, 24}
{2522.321429,249.143809, 24}
{2522.321429,249.143809, 19.2}
{2522.321429,249.143809, 14.4}
{2522.321429,249.143809, 9.6}
{2522.321429,249.143809, 4.8}
{2522.321429,249.143809, 0}
{2522.321429,-249.145522, 0}
{2522.321429,-249.145522, 4.8}
{2522.321429,-249.145522, 9.6}
{2522.321429,-249.145522, 14.4}
{2522.321429,-249.145522, 19.2}
{2522.321429,-249.145522, 24}
{2421.428571,247.53156, 24}
{2421.428571,247.53156, 19.2}
{2421.428571,247.53156, 14.4}
{2421.428571,247.53156, 9.6}
{2421.428571,247.53156, 4.8}
{2421.428571,247.53156, 0}
{2421.428571,-247.526136, 0}
{2421.428571,-247.526136, 4.8}
{2421.428571,-247.526136, 9.6}
{2421.428571,-247.526136, 14.4}
{2421.428571,-247.526136, 19.2}
{2421.428571,-247.526136, 24}
{2320.535714,245.271932, 24}
{2320.535714,245.271932, 19.2}
{2320.535714,245.271932, 14.4}
{2320.535714,245.271932, 9.6}
{2320.535714,245.271932, 4.8}
{2320.535714,245.271932, 0}
{2320.535714,-245.271888, 0}
{2320.535714,-245.271888, 4.8}
{2320.535714,-245.271888, 9.6}
{2320.535714,-245.271888, 14.4}
{2320.535714,-245.271888, 19.2}
{2320.535714,-245.271888, 24}
{2219.642857,242.346006, 24}
{2219.642857,242.346006, 19.2}
{2219.642857,242.346006, 14.4}
{2219.642857,242.346006, 9.6}
{2219.642857,242.346006, 4.8}
{2219.642857,242.346006, 0}
{2219.642857,-242.34605, 0}
{2219.642857,-242.34605, 4.8}
{2219.642857,-242.34605, 9.6}
{2219.642857,-242.34605, 14.4}
{2219.642857,-242.34605, 19.2}
{2219.642857,-242.34605, 24}
{2118.75,238.770576, 24}
{2118.75,238.770576, 19.2}
{2118.75,238.770576, 14.4}
{2118.75,238.770576, 9.6}
{2118.75,238.770576, 4.8}
{2118.75,238.770576, 0}
{2118.75,-238.770552, 0}
{2118.75,-238.770552, 4.8}
{2118.75,-238.770552, 9.6}
{2118.75,-238.770552, 14.4}
{2118.75,-238.770552, 19.2}
{2118.75,-238.770552, 24}
{2017.857143,234.511893, 24}
{2017.857143,234.511893, 19.2}
{2017.857143,234.511893, 14.4}
{2017.857143,234.511893, 9.6}
{2017.857143,234.511893, 4.8}
{2017.857143,234.511893, 0}
{2017.857143,-234.519726, 0}
{2017.857143,-234.519726, 4.8}
{2017.857143,-234.519726, 9.6}
{2017.857143,-234.519726, 14.4}
{2017.857143,-234.519726, 19.2}
{2017.857143,-234.519726, 24}
{1916.964286,229.569341, 24}
{1916.964286,229.569341, 19.2}
{1916.964286,229.569341, 14.4}
{1916.964286,229.569341, 9.6}
{1916.964286,229.569341, 4.8}
{1916.964286,229.569341, 0}
{1916.964286,-229.571443, 0}
{1916.964286,-229.571443, 4.8}
{1916.964286,-229.571443, 9.6}
{1916.964286,-229.571443, 14.4}
{1916.964286,-229.571443, 19.2}
{1916.964286,-229.571443, 24}
{1816.071429,223.791668, 24}
{1816.071429,223.791668, 19.2}
{1816.071429,223.791668, 14.4}
{1816.071429,223.791668, 9.6}
{1816.071429,223.791668, 4.8}
{1816.071429,223.791668, 0}
{1816.071429,-223.796507, 0}
{1816.071429,-223.796507, 4.8}
{1816.071429,-223.796507, 9.6}
{1816.071429,-223.796507, 14.4}
{1816.071429,-223.796507, 19.2}
{1816.071429,-223.796507, 24}
{1715.178571,217.278201, 24}
{1715.178571,217.278201, 19.2}
{1715.178571,217.278201, 14.4}
{1715.178571,217.278201, 9.6}
{1715.178571,217.278201, 4.8}
{1715.178571,217.278201, 0}
{1715.178571,-217.27818, 0}
{1715.178571,-217.27818, 4.8}
{1715.178571,-217.27818, 9.6}
{1715.178571,-217.27818, 14.4}
{1715.178571,-217.27818, 19.2}
{1715.178571,-217.27818, 24}
{1614.285714,210.003167, 24}
{1614.285714,210.003167, 19.2}
{1614.285714,210.003167, 14.4}
{1614.285714,210.003167, 9.6}
{1614.285714,210.003167, 4.8}
{1614.285714,210.003167, 0}
{1614.285714,-210.003181, 0}
{1614.285714,-210.003181, 4.8}
{1614.285714,-210.003181, 9.6}
{1614.285714,-210.003181, 14.4}
{1614.285714,-210.003181, 19.2}
{1614.285714,-210.003181, 24}
{1513.392857,201.955893, 24}
{1513.392857,201.955893, 19.2}
{1513.392857,201.955893, 14.4}
{1513.392857,201.955893, 9.6}
{1513.392857,201.955893, 4.8}
{1513.392857,201.955893, 0}
{1513.392857,-201.95588, 0}
{1513.392857,-201.95588, 4.8}
{1513.392857,-201.95588, 9.6}
{1513.392857,-201.95588, 14.4}
{1513.392857,-201.95588, 19.2}
{1513.392857,-201.95588, 24}
{1412.5,193.058461, 24}
{1412.5,193.058461, 19.2}
{1412.5,193.058461, 14.4}
{1412.5,193.058461, 9.6}
{1412.5,193.058461, 4.8}
{1412.5,193.058461, 0}
{1412.5,-193.058487, 0}
{1412.5,-193.058487, 4.8}
{1412.5,-193.058487, 9.6}
{1412.5,-193.058487, 14.4}
{1412.5,-193.058487, 19.2}
{1412.5,-193.058487, 24}
{1311.607143,183.295907, 24}
{1311.607143,183.295907, 19.2}
{1311.607143,183.295907, 14.4}
{1311.607143,183.295907, 9.6}
{1311.607143,183.295907, 4.8}
{1311.607143,183.295907, 0}
{1311.607143,-183.295892, 0}
{1311.607143,-183.295892, 4.8}
{1311.607143,-183.295892, 9.6}
{1311.607143,-183.295892, 14.4}
{1311.607143,-183.295892, 19.2}
{1311.607143,-183.295892, 24}
{1210.714286,172.715847, 24}
{1210.714286,172.715847, 19.2}
{1210.714286,172.715847, 14.4}
{1210.714286,172.715847, 9.6}
{1210.714286,172.715847, 4.8}
{1210.714286,172.715847, 0}
{1210.714286,-172.71584, 0}
{1210.714286,-172.71584, 4.8}
{1210.714286,-172.71584, 9.6}
{1210.714286,-172.71584, 14.4}
{1210.714286,-172.71584, 19.2}
{1210.714286,-172.71584, 24}
{1109.821429,161.306076, 24}
{1109.821429,161.306076, 19.2}
{1109.821429,161.306076, 14.4}
{1109.821429,161.306076, 9.6}
{1109.821429,161.306076, 4.8}
{1109.821429,161.306076, 0}
{1109.821429,-161.306088, 0}
{1109.821429,-161.306088, 4.8}
{1109.821429,-161.306088, 9.6}
{1109.821429,-161.306088, 14.4}
{1109.821429,-161.306088, 19.2}
{1109.821429,-161.306088, 24}
{1008.928571,149.038565, 24}
{1008.928571,149.038565, 19.2}
{1008.928571,149.038565, 14.4}
{1008.928571,149.038565, 9.6}
{1008.928571,149.038565, 4.8}
{1008.928571,149.038565, 0}
{1008.928571,-149.043319, 0}
{1008.928571,-149.043319, 4.8}
{1008.928571,-149.043319, 9.6}
{1008.928571,-149.043319, 14.4}
{1008.928571,-149.043319, 19.2}
{1008.928571,-149.043319, 24}
{908.035714,135.798207, 24}
{908.035714,135.798207, 19.2}
{908.035714,135.798207, 14.4}
{908.035714,135.798207, 9.6}
{908.035714,135.798207, 4.8}
{908.035714,135.798207, 0}
{908.035714,-135.801717, 0}
{908.035714,-135.801717, 4.8}
{908.035714,-135.801717, 9.6}
{908.035714,-135.801717, 14.4}
{908.035714,-135.801717, 19.2}
{908.035714,-135.801717, 24}
{807.142857,121.691214, 24}
{807.142857,121.691214, 19.2}
{807.142857,121.691214, 14.4}
{807.142857,121.691214, 9.6}
{807.142857,121.691214, 4.8}
{807.142857,121.691214, 0}
{807.142857,-121.694866, 0}
{807.142857,-121.694866, 4.8}
{807.142857,-121.694866, 9.6}
{807.142857,-121.694866, 14.4}
{807.142857,-121.694866, 19.2}
{807.142857,-121.694866, 24}
{706.25,106.707746, 24}
{706.25,106.707746, 19.2}
{706.25,106.707746, 14.4}
{706.25,106.707746, 9.6}
{706.25,106.707746, 4.8}
{706.25,106.707746, 0}
{706.25,-106.704437, 0}
{706.25,-106.704437, 4.8}
{706.25,-106.704437, 9.6}
{706.25,-106.704437, 14.4}
{706.25,-106.704437, 19.2}
{706.25,-106.704437, 24}
{605.357143,90.838046, 24}
{605.357143,90.838046, 19.2}
{605.357143,90.838046, 14.4}
{605.357143,90.838046, 9.6}
{605.357143,90.838046, 4.8}
{605.357143,90.838046, 0}
{605.357143,-90.838065, 0}
{605.357143,-90.838065, 4.8}
{605.357143,-90.838065, 9.6}
{605.357143,-90.838065, 14.4}
{605.357143,-90.838065, 19.2}
{605.357143,-90.838065, 24}
{504.464286,73.95014, 24}
{504.464286,73.95014, 19.2}
{504.464286,73.95014, 14.4}
{504.464286,73.95014, 9.6}
{504.464286,73.95014, 4.8}
{504.464286,73.95014, 0}
{504.464286,-73.950102, 0}
{504.464286,-73.950102, 4.8}
{504.464286,-73.950102, 9.6}
{504.464286,-73.950102, 14.4}
{504.464286,-73.950102, 19.2}
{504.464286,-73.950102, 24}
{403.571429,56.13179, 24}
{403.571429,56.13179, 19.2}
{403.571429,56.13179, 14.4}
{403.571429,56.13179, 9.6}
{403.571429,56.13179, 4.8}
{403.571429,56.13179, 0}
{403.571429,-56.131814, 0}
{403.571429,-56.131814, 4.8}
{403.571429,-56.131814, 9.6}
{403.571429,-56.131814, 14.4}
{403.571429,-56.131814, 19.2}
{403.571429,-56.131814, 24}
{302.678571,37.397574, 24}
{302.678571,37.397574, 19.2}
{302.678571,37.397574, 14.4}
{302.678571,37.397574, 9.6}
{302.678571,37.397574, 4.8}
{302.678571,37.397574, 0}
{302.678571,-37.397577, 0}
{302.678571,-37.397577, 4.8}
{302.678571,-37.397577, 9.6}
{302.678571,-37.397577, 14.4}
{302.678571,-37.397577, 19.2}
{302.678571,-37.397577, 24}
{201.785714,17.739163, 24}
{201.785714,17.739163, 19.2}
{201.785714,17.739163, 14.4}
{201.785714,17.739163, 9.6}
{201.785714,17.739163, 4.8}
{201.785714,17.739163, 0}
{201.785714,-17.729742, 0}
{201.785714,-17.729742, 4.8}
{201.785714,-17.729742, 9.6}
{201.785714,-17.729742, 14.4}
{201.785714,-17.729742, 19.2}
{201.785714,-17.729742, 24}
{0,0, 0}
{5650,0, 0}
{100.892857,0, 0}
{100.892857,0, 0}
{100.892857,0, 0}
{100.892857,0, 0}
{100.892857,0, 0}
{100.892857,0, 0}
{100.892857,0, 0}
{100.892857,0, 0}
{100.892857,0, 0}
{100.892857,0, 0}
{100.892857,0, 0}
{100.892857,0, 0}
{5549.107143,0, 0}
{5549.107143,0, 0}
{5549.107143,0, 0}
{5549.107143,0, 0}
{5549.107143,0, 0}
{5549.107143,0, 0}
{5549.107143,0, 0}
{5549.107143,0, 0}
{5549.107143,0, 0}
{5549.107143,0, 0}
{5549.107143,0, 0}
{5549.107143,0, 0}
