{2825,300, 24}
{2825,300, 19.2}
{2825,300, 14.4}
{2825,300, 9.6}
{2825,300, 4.8}
{2825,300, 0}
{2825,-300, 0}
{2825,-300, 4.8}
{2825,-300, 9.6}
{2825,-300, 14.4}
{2825,-300, 19.2}
{2825,-300, 24}
{2925.892857,299.856103, 24}
{2925.892857,299.856103, 19.2}
{2925.892857,299.856103, 14.4}
{2925.892857,299.856103, 9.6}
{2925.892857,299.856103, 4.8}
{2925.892857,299.856103, 0}
{2925.892857,-299.855933, 0}
{2925.892857,-299.855933, 4.8}
{2925.892857,-299.855933, 9.6}
{2925.892857,-299.855933, 14.4}
{2925.892857,-299.855933, 19.2}
{2925.892857,-299.855933, 24}
{3026.785714,299.197732, 24}
{3026.785714,299.197732, 19.2}
{3026.785714,299.197732, 14.4}
{3026.785714,299.197732, 9.6}
{3026.785714,299.197732, 4.8}
{3026.785714,299.197732, 0}
{3026.785714,-299.197722, 0}
{3026.785714,-299.197722, 4.8}
{3026.785714,-299.197722, 9.6}
{3026.785714,-299.197722, 14.4}
{3026.785714,-299.197722, 19.2}
{3026.785714,-299.197722, 24}
{3127.678571,298.016941, 24}
{3127.678571,298.016941, 19.2}
{3127.678571,298.016941, 14.4}
{3127.678571,298.016941, 9.6}
{3127.678571,298.016941, 4.8}
{3127.678571,298.016941, 0}
{3127.678571,-298.016939, 0}
{3127.678571,-298.016939, 4.8}
{3127.678571,-298.016939, 9.6}
{3127.678571,-298.016939, 14.4}
{3127.678571,-298.016939, 19.2}
{3127.678571,-298.016939, 24}
{3228.571429,296.231898, 24}
{3228.571429,296.231898, 19.2}
{3228.571429,296.231898, 14.4}
{3228.571429,296.231898, 9.6}
{3228.571429,296.231898, 4.8}
{3228.571429,296.231898, 0}
{3228.571429,-296.231903, 0}
{3228.571429,-296.231903, 4.8}
{3228.571429,-296.231903, 9.6}
{3228.571429,-296.231903, 14.4}
{3228.571429,-296.231903, 19.2}
{3228.571429,-296.231903, 24}
{3329.464286,293.780224, 24}
{3329.464286,293.780224, 19.2}
{3329.464286,293.780224, 14.4}
{3329.464286,293.780224, 9.6}
{3329.464286,293.780224, 4.8}
{3329.464286,293.780224, 0}
{3329.464286,-293.780199, 0}
{3329.464286,-293.780199, 4.8}
{3329.464286,-293.780199, 9.6}
{3329.464286,-293.780199, 14.4}
{3329.464286,-293.780199, 19.2}
{3329.464286,-293.780199, 24}
{3430.357143,290.622616, 24}
{3430.357143,290.622616, 19.2}
{3430.357143,290.622616, 14.4}
{3430.357143,290.622616, 9.6}
{3430.357143,290.622616, 4.8}
{3430.357143,290.622616, 0}
{3430.357143,-290.622625, 0}
{3430.357143,-290.622625, 4.8}
{3430.357143,-290.622625, 9.6}
{3430.357143,-290.622625, 14.4}
{3430.357143,-290.622625, 19.2}
{3430.357143,-290.622625, 24}
{3531.25,286.733469, 24}
{3531.25,286.733469, 19.2}
{3531.25,286.733469, 14.4}
{3531.25,286.733469, 9.6}
{3531.25,286.733469, 4.8}
{3531.25,286.733469, 0}
{3531.25,-286.733479, 0}
{3531.25,-286.733479, 4.8}
{3531.25,-286.733479, 9.6}
{3531.25,-286.733479, 14.4}
{3531.25,-286.733479, 19.2}
{3531.25,-286.733479, 24}
{3632.142857,282.085703, 24}
{3632.142857,282.085703, 19.2}
{3632.142857,282.085703, 14.4}
{3632.142857,282.085703, 9.6}
{3632.142857,282.085703, 4.8}
{3632.142857,282.085703, 0}
{3632.142857,-282.085694, 0}
{3632.142857,-282.085694, 4.8}
{3632.142857,-282.085694, 9.6}
{3632.142857,-282.085694, 14.4}
{3632.142857,-282.085694, 19.2}
{3632.142857,-282.085694, 24}
{3733.035714,276.653918, 24}
{3733.035714,276.653918, 19.2}
{3733.035714,276.653918, 14.4}
{3733.035714,276.653918, 9.6}
{3733.035714,276.653918, 4.8}
{3733.035714,276.653918, 0}
{3733.035714,-276.653907, 0}
{3733.035714,-276.653907, 4.8}
{3733.035714,-276.653907, 9.6}
{3733.035714,-276.653907, 14.4}
{3733.035714,-276.653907, 19.2}
{3733.035714,-276.653907, 24}
{3833.928571,270.415285, 24}
{3833.928571,270.415285, 19.2}
{3833.928571,270.415285, 14.4}
{3833.928571,270.415285, 9.6}
{3833.928571,270.415285, 4.8}
{3833.928571,270.415285, 0}
{3833.928571,-270.415258, 0}
{3833.928571,-270.415258, 4.8}
{3833.928571,-270.415258, 9.6}
{3833.928571,-270.415258, 14.4}
{3833.928571,-270.415258, 19.2}
{3833.928571,-270.415258, 24}
{3934.821429,263.339803, 24}
{3934.821429,263.339803, 19.2}
{3934.821429,263.339803, 14.4}
{3934.821429,263.339803, 9.6}
{3934.821429,263.339803, 4.8}
{3934.821429,263.339803, 0}
{3934.821429,-263.339786, 0}
{3934.821429,-263.339786, 4.8}
{3934.821429,-263.339786, 9.6}
{3934.821429,-263.339786, 14.4}
{3934.821429,-263.339786, 19.2}
{3934.821429,-263.339786, 24}
{4035.714286,255.407682, 24}
{4035.714286,255.407682, 19.2}
{4035.714286,255.407682, 14.4}
{4035.714286,255.407682, 9.6}
{4035.714286,255.407682, 4.8}
{4035.714286,255.407682, 0}
{4035.714286,-255.407679, 0}
{4035.714286,-255.407679, 4.8}
{4035.714286,-255.407679, 9.6}
{4035.714286,-255.407679, 14.4}
{4035.714286,-255.407679, 19.2}
{4035.714286,-255.407679, 24}
{4136.607143,246.607891, 24}
{4136.607143,246.607891, 19.2}
{4136.607143,246.607891, 14.4}
{4136.607143,246.607891, 9.6}
{4136.607143,246.607891, 4.8}
{4136.607143,246.607891, 0}
{4136.607143,-246.607895, 0}
{4136.607143,-246.607895, 4.8}
{4136.607143,-246.607895, 9.6}
{4136.607143,-246.607895, 14.4}
{4136.607143,-246.607895, 19.2}
{4136.607143,-246.607895, 24}
{4237.5,236.922267, 24}
{4237.5,236.922267, 19.2}
{4237.5,236.922267, 14.4}
{4237.5,236.922267, 9.6}
{4237.5,236.922267, 4.8}
{4237.5,236.922267, 0}
{4237.5,-236.92362, 0}
{4237.5,-236.92362, 4.8}
{4237.5,-236.92362, 9.6}
{4237.5,-236.92362, 14.4}
{4237.5,-236.92362, 19.2}
{4237.5,-236.92362, 24}
{4338.392857,226.338087, 24}
{4338.392857,226.338087, 19.2}
{4338.392857,226.338087, 14.4}
{4338.392857,226.338087, 9.6}
{4338.392857,226.338087, 4.8}
{4338.392857,226.338087, 0}
{4338.392857,-226.338085, 0}
{4338.392857,-226.338085, 4.8}
{4338.392857,-226.338085, 9.6}
{4338.392857,-226.338085, 14.4}
{4338.392857,-226.338085, 19.2}
{4338.392857,-226.338085, 24}
{4439.285714,214.825418, 24}
{4439.285714,214.825418, 19.2}
{4439.285714,214.825418, 14.4}
{4439.285714,214.825418, 9.6}
{4439.285714,214.825418, 4.8}
{4439.285714,214.825418, 0}
{4439.285714,-214.825438, 0}
{4439.285714,-214.825438, 4.8}
{4439.285714,-214.825438, 9.6}
{4439.285714,-214.825438, 14.4}
{4439.285714,-214.825438, 19.2}
{4439.285714,-214.825438, 24}
{4540.178571,202.372789, 24}
{4540.178571,202.372789, 19.2}
{4540.178571,202.372789, 14.4}
{4540.178571,202.372789, 9.6}
{4540.178571,202.372789, 4.8}
{4540.178571,202.372789, 0}
{4540.178571,-202.372791, 0}
{4540.178571,-202.372791, 4.8}
{4540.178571,-202.372791, 9.6}
{4540.178571,-202.372791, 14.4}
{4540.178571,-202.372791, 19.2}
{4540.178571,-202.372791, 24}
{4641.071429,188.974094, 24}
{4641.071429,188.974094, 19.2}
{4641.071429,188.974094, 14.4}
{4641.071429,188.974094, 9.6}
{4641.071429,188.974094, 4.8}
{4641.071429,188.974094, 0}
{4641.071429,-188.974088, 0}
{4641.071429,-188.974088, 4.8}
{4641.071429,-188.974088, 9.6}
{4641.071429,-188.974088, 14.4}
{4641.071429,-188.974088, 19.2}
{4641.071429,-188.974088, 24}
{4741.964286,174.61665, 24}
{4741.964286,174.61665, 19.2}
{4741.964286,174.61665, 14.4}
{4741.964286,174.61665, 9.6}
{4741.964286,174.61665, 4.8}
{4741.964286,174.61665, 0}
{4741.964286,-174.616651, 0}
{4741.964286,-174.616651, 4.8}
{4741.964286,-174.616651, 9.6}
{4741.964286,-174.616651, 14.4}
{4741.964286,-174.616651, 19.2}
{4741.964286,-174.616651, 24}
{4842.857143,159.28686, 24}
{4842.857143,159.28686, 19.2}
{4842.857143,159.28686, 14.4}
{4842.857143,159.28686, 9.6}
{4842.857143,159.28686, 4.8}
{4842.857143,159.28686, 0}
{4842.857143,-159.286851, 0}
{4842.857143,-159.286851, 4.8}
{4842.857143,-159.286851, 9.6}
{4842.857143,-159.286851, 14.4}
{4842.857143,-159.286851, 19.2}
{4842.857143,-159.286851, 24}
{4943.75,142.952268, 24}
{4943.75,142.952268, 19.2}
{4943.75,142.952268, 14.4}
{4943.75,142.952268, 9.6}
{4943.75,142.952268, 4.8}
{4943.75,142.952268, 0}
{4943.75,-142.952279, 0}
{4943.75,-142.952279, 4.8}
{4943.75,-142.952279, 9.6}
{4943.75,-142.952279, 14.4}
{4943.75,-142.952279, 19.2}
{4943.75,-142.952279, 24}
{5044.642857,125.619249, 24}
{5044.642857,125.619249, 19.2}
{5044.642857,125.619249, 14.4}
{5044.642857,125.619249, 9.6}
{5044.642857,125.619249, 4.8}
{5044.642857,125.619249, 0}
{5044.642857,-125.61918, 0}
{5044.642857,-125.61918, 4.8}
{5044.642857,-125.61918, 9.6}
{5044.642857,-125.61918, 14.4}
{5044.642857,-125.61918, 19.2}
{5044.642857,-125.61918, 24}
{5145.535714,107.280185, 24}
{5145.535714,107.280185, 19.2}
{5145.535714,107.280185, 14.4}
{5145.535714,107.280185, 9.6}
{5145.535714,107.280185, 4.8}
{5145.535714,107.280185, 0}
{5145.535714,-107.280181, 0}
{5145.535714,-107.280181, 4.8}
{5145.535714,-107.280181, 9.6}
{5145.535714,-107.280181, 14.4}
{5145.535714,-107.280181, 19.2}
{5145.535714,-107.280181, 24}
{5246.428571,87.921787, 24}
{5246.428571,87.921787, 19.2}
{5246.428571,87.921787, 14.4}
{5246.428571,87.921787, 9.6}
{5246.428571,87.921787, 4.8}
{5246.428571,87.921787, 0}
{5246.428571,-87.921769, 0}
{5246.428571,-87.921769, 4.8}
{5246.428571,-87.921769, 9.6}
{5246.428571,-87.921769, 14.4}
{5246.428571,-87.921769, 19.2}
{5246.428571,-87.921769, 24}
{5347.321429,67.514967, 24}
{5347.321429,67.514967, 19.2}
{5347.321429,67.514967, 14.4}
{5347.321429,67.514967, 9.6}
{5347.321429,67.514967, 4.8}
{5347.321429,67.514967, 0}
{5347.321429,-67.513548, 0}
{5347.321429,-67.513548, 4.8}
{5347.321429,-67.513548, 9.6}
{5347.321429,-67.513548, 14.4}
{5347.321429,-67.513548, 19.2}
{5347.321429,-67.513548, 24}
{5448.214286,46.063, 24}
{5448.214286,46.063, 19.2}
{5448.214286,46.063, 14.4}
{5448.214286,46.063, 9.6}
{5448.214286,46.063, 4.8}
{5448.214286,46.063, 0}
{5448.214286,-46.061675, 0}
{5448.214286,-46.061675, 4.8}
{5448.214286,-46.061675, 9.6}
{5448.214286,-46.061675, 14.4}
{5448.214286,-46.061675, 19.2}
{5448.214286,-46.061675, 24}
{5549.107143,23.561693, 24}
{5549.107143,23.561693, 19.2}
{5549.107143,23.561693, 14.4}
{5549.107143,23.561693, 9.6}
{5549.107143,23.561693, 4.8}
{5549.107143,23.561693, 0}
{5549.107143,-23.560743, 0}
{5549.107143,-23.560743, 4.8}
{5549.107143,-23.560743, 9.6}
{5549.107143,-23.560743, 14.4}
{5549.107143,-23.560743, 19.2}
{5549.107143,-23.560743, 24}
{2724.107143,299.855933, 24}
{2724.107143,299.855933, 19.2}
{2724.107143,299.855933, 14.4}
{2724.107143,299.855933, 9.6}
{2724.107143,299.855933, 4.8}
{2724.107143,299.855933, 0}
{2724.107143,-299.856103, 0}
{2724.107143,-299.856103, 4.8}
{2724.107143,-299.856103, 9.6}
{2724.107143,-299.856103, 14.4}
{2724.107143,-299.856103, 19.2}
{2724.107143,-299.856103, 24}
{2623.214286,299.197722, 24}
{2623.214286,299.197722, 19.2}
{2623.214286,299.197722, 14.4}
{2623.214286,299.197722, 9.6}
{2623.214286,299.197722, 4.8}
{2623.214286,299.197722, 0}
{2623.214286,-299.197732, 0}
{2623.214286,-299.197732, 4.8}
{2623.214286,-299.197732, 9.6}
{2623.214286,-299.197732, 14.4}
{2623.214286,-299.197732, 19.2}
{2623.214286,-299.197732, 24}
{2522.321429,298.016939, 24}
{2522.321429,298.016939, 19.2}
{2522.321429,298.016939, 14.4}
{2522.321429,298.016939, 9.6}
{2522.321429,298.016939, 4.8}
{2522.321429,298.016939, 0}
{2522.321429,-298.016941, 0}
{2522.321429,-298.016941, 4.8}
{2522.321429,-298.016941, 9.6}
{2522.321429,-298.016941, 14.4}
{2522.321429,-298.016941, 19.2}
{2522.321429,-298.016941, 24}
{2421.428571,296.231903, 24}
{2421.428571,296.231903, 19.2}
{2421.428571,296.231903, 14.4}
{2421.428571,296.231903, 9.6}
{2421.428571,296.231903, 4.8}
{2421.428571,296.231903, 0}
{2421.428571,-296.231898, 0}
{2421.428571,-296.231898, 4.8}
{2421.428571,-296.231898, 9.6}
{2421.428571,-296.231898, 14.4}
{2421.428571,-296.231898, 19.2}
{2421.428571,-296.231898, 24}
{2320.535714,293.780199, 24}
{2320.535714,293.780199, 19.2}
{2320.535714,293.780199, 14.4}
{2320.535714,293.780199, 9.6}
{2320.535714,293.780199, 4.8}
{2320.535714,293.780199, 0}
{2320.535714,-293.780224, 0}
{2320.535714,-293.780224, 4.8}
{2320.535714,-293.780224, 9.6}
{2320.535714,-293.780224, 14.4}
{2320.535714,-293.780224, 19.2}
{2320.535714,-293.780224, 24}
{2219.642857,290.622625, 24}
{2219.642857,290.622625, 19.2}
{2219.642857,290.622625, 14.4}
{2219.642857,290.622625, 9.6}
{2219.642857,290.622625, 4.8}
{2219.642857,290.622625, 0}
{2219.642857,-290.622616, 0}
{2219.642857,-290.622616, 4.8}
{2219.642857,-290.622616, 9.6}
{2219.642857,-290.622616, 14.4}
{2219.642857,-290.622616, 19.2}
{2219.642857,-290.622616, 24}
{2118.75,286.733479, 24}
{2118.75,286.733479, 19.2}
{2118.75,286.733479, 14.4}
{2118.75,286.733479, 9.6}
{2118.75,286.733479, 4.8}
{2118.75,286.733479, 0}
{2118.75,-286.733469, 0}
{2118.75,-286.733469, 4.8}
{2118.75,-286.733469, 9.6}
{2118.75,-286.733469, 14.4}
{2118.75,-286.733469, 19.2}
{2118.75,-286.733469, 24}
{2017.857143,282.085694, 24}
{2017.857143,282.085694, 19.2}
{2017.857143,282.085694, 14.4}
{2017.857143,282.085694, 9.6}
{2017.857143,282.085694, 4.8}
{2017.857143,282.085694, 0}
{2017.857143,-282.085703, 0}
{2017.857143,-282.085703, 4.8}
{2017.857143,-282.085703, 9.6}
{2017.857143,-282.085703, 14.4}
{2017.857143,-282.085703, 19.2}
{2017.857143,-282.085703, 24}
{1916.964286,276.653907, 24}
{1916.964286,276.653907, 19.2}
{1916.964286,276.653907, 14.4}
{1916.964286,276.653907, 9.6}
{1916.964286,276.653907, 4.8}
{1916.964286,276.653907, 0}
{1916.964286,-276.653918, 0}
{1916.964286,-276.653918, 4.8}
{1916.964286,-276.653918, 9.6}
{1916.964286,-276.653918, 14.4}
{1916.964286,-276.653918, 19.2}
{1916.964286,-276.653918, 24}
{1816.071429,270.415258, 24}
{1816.071429,270.415258, 19.2}
{1816.071429,270.415258, 14.4}
{1816.071429,270.415258, 9.6}
{1816.071429,270.415258, 4.8}
{1816.071429,270.415258, 0}
{1816.071429,-270.415285, 0}
{1816.071429,-270.415285, 4.8}
{1816.071429,-270.415285, 9.6}
{1816.071429,-270.415285, 14.4}
{1816.071429,-270.415285, 19.2}
{1816.071429,-270.415285, 24}
{1715.178571,263.339786, 24}
{1715.178571,263.339786, 19.2}
{1715.178571,263.339786, 14.4}
{1715.178571,263.339786, 9.6}
{1715.178571,263.339786, 4.8}
{1715.178571,263.339786, 0}
{1715.178571,-263.339803, 0}
{1715.178571,-263.339803, 4.8}
{1715.178571,-263.339803, 9.6}
{1715.178571,-263.339803, 14.4}
{1715.178571,-263.339803, 19.2}
{1715.178571,-263.339803, 24}
{1614.285714,255.407679, 24}
{1614.285714,255.407679, 19.2}
{1614.285714,255.407679, 14.4}
{1614.285714,255.407679, 9.6}
{1614.285714,255.407679, 4.8}
{1614.285714,255.407679, 0}
{1614.285714,-255.407682, 0}
{1614.285714,-255.407682, 4.8}
{1614.285714,-255.407682, 9.6}
{1614.285714,-255.407682, 14.4}
{1614.285714,-255.407682, 19.2}
{1614.285714,-255.407682, 24}
{1513.392857,246.607895, 24}
{1513.392857,246.607895, 19.2}
{1513.392857,246.607895, 14.4}
{1513.392857,246.607895, 9.6}
{1513.392857,246.607895, 4.8}
{1513.392857,246.607895, 0}
{1513.392857,-246.607891, 0}
{1513.392857,-246.607891, 4.8}
{1513.392857,-246.607891, 9.6}
{1513.392857,-246.607891, 14.4}
{1513.392857,-246.607891, 19.2}
{1513.392857,-246.607891, 24}
{1412.5,236.92362, 24}
{1412.5,236.92362, 19.2}
{1412.5,236.92362, 14.4}
{1412.5,236.92362, 9.6}
{1412.5,236.92362, 4.8}
{1412.5,236.92362, 0}
{1412.5,-236.922267, 0}
{1412.5,-236.922267, 4.8}
{1412.5,-236.922267, 9.6}
{1412.5,-236.922267, 14.4}
{1412.5,-236.922267, 19.2}
{1412.5,-236.922267, 24}
{1311.607143,226.338085, 24}
{1311.607143,226.338085, 19.2}
{1311.607143,226.338085, 14.4}
{1311.607143,226.338085, 9.6}
{1311.607143,226.338085, 4.8}
{1311.607143,226.338085, 0}
{1311.607143,-226.338087, 0}
{1311.607143,-226.338087, 4.8}
{1311.607143,-226.338087, 9.6}
{1311.607143,-226.338087, 14.4}
{1311.607143,-226.338087, 19.2}
{1311.607143,-226.338087, 24}
{1210.714286,214.825438, 24}
{1210.714286,214.825438, 19.2}
{1210.714286,214.825438, 14.4}
{1210.714286,214.825438, 9.6}
{1210.714286,214.825438, 4.8}
{1210.714286,214.825438, 0}
{1210.714286,-214.825418, 0}
{1210.714286,-214.825418, 4.8}
{1210.714286,-214.825418, 9.6}
{1210.714286,-214.825418, 14.4}
{1210.714286,-214.825418, 19.2}
{1210.714286,-214.825418, 24}
{1109.821429,202.372791, 24}
{1109.821429,202.372791, 19.2}
{1109.821429,202.372791, 14.4}
{1109.821429,202.372791, 9.6}
{1109.821429,202.372791, 4.8}
{1109.821429,202.372791, 0}
{1109.821429,-202.372789, 0}
{1109.821429,-202.372789, 4.8}
{1109.821429,-202.372789, 9.6}
{1109.821429,-202.372789, 14.4}
{1109.821429,-202.372789, 19.2}
{1109.821429,-202.372789, 24}
{1008.928571,188.974088, 24}
{1008.928571,188.974088, 19.2}
{1008.928571,188.974088, 14.4}
{1008.928571,188.974088, 9.6}
{1008.928571,188.974088, 4.8}
{1008.928571,188.974088, 0}
{1008.928571,-188.974094, 0}
{1008.928571,-188.974094, 4.8}
{1008.928571,-188.974094, 9.6}
{1008.928571,-188.974094, 14.4}
{1008.928571,-188.974094, 19.2}
{1008.928571,-188.974094, 24}
{908.035714,174.616651, 24}
{908.035714,174.616651, 19.2}
{908.035714,174.616651, 14.4}
{908.035714,174.616651, 9.6}
{908.035714,174.616651, 4.8}
{908.035714,174.616651, 0}
{908.035714,-174.61665, 0}
{908.035714,-174.61665, 4.8}
{908.035714,-174.61665, 9.6}
{908.035714,-174.61665, 14.4}
{908.035714,-174.61665, 19.2}
{908.035714,-174.61665, 24}
{807.142857,159.286851, 24}
{807.142857,159.286851, 19.2}
{807.142857,159.286851, 14.4}
{807.142857,159.286851, 9.6}
{807.142857,159.286851, 4.8}
{807.142857,159.286851, 0}
{807.142857,-159.28686, 0}
{807.142857,-159.28686, 4.8}
{807.142857,-159.28686, 9.6}
{807.142857,-159.28686, 14.4}
{807.142857,-159.28686, 19.2}
{807.142857,-159.28686, 24}
{706.25,142.952279, 24}
{706.25,142.952279, 19.2}
{706.25,142.952279, 14.4}
{706.25,142.952279, 9.6}
{706.25,142.952279, 4.8}
{706.25,142.952279, 0}
{706.25,-142.952268, 0}
{706.25,-142.952268, 4.8}
{706.25,-142.952268, 9.6}
{706.25,-142.952268, 14.4}
{706.25,-142.952268, 19.2}
{706.25,-142.952268, 24}
{605.357143,125.61918, 24}
{605.357143,125.61918, 19.2}
{605.357143,125.61918, 14.4}
{605.357143,125.61918, 9.6}
{605.357143,125.61918, 4.8}
{605.357143,125.61918, 0}
{605.357143,-125.619249, 0}
{605.357143,-125.619249, 4.8}
{605.357143,-125.619249, 9.6}
{605.357143,-125.619249, 14.4}
{605.357143,-125.619249, 19.2}
{605.357143,-125.619249, 24}
{504.464286,107.280181, 24}
{504.464286,107.280181, 19.2}
{504.464286,107.280181, 14.4}
{504.464286,107.280181, 9.6}
{504.464286,107.280181, 4.8}
{504.464286,107.280181, 0}
{504.464286,-107.280185, 0}
{504.464286,-107.280185, 4.8}
{504.464286,-107.280185, 9.6}
{504.464286,-107.280185, 14.4}
{504.464286,-107.280185, 19.2}
{504.464286,-107.280185, 24}
{403.571429,87.921769, 24}
{403.571429,87.921769, 19.2}
{403.571429,87.921769, 14.4}
{403.571429,87.921769, 9.6}
{403.571429,87.921769, 4.8}
{403.571429,87.921769, 0}
{403.571429,-87.921787, 0}
{403.571429,-87.921787, 4.8}
{403.571429,-87.921787, 9.6}
{403.571429,-87.921787, 14.4}
{403.571429,-87.921787, 19.2}
{403.571429,-87.921787, 24}
{302.678571,67.513548, 24}
{302.678571,67.513548, 19.2}
{302.678571,67.513548, 14.4}
{302.678571,67.513548, 9.6}
{302.678571,67.513548, 4.8}
{302.678571,67.513548, 0}
{302.678571,-67.514967, 0}
{302.678571,-67.514967, 4.8}
{302.678571,-67.514967, 9.6}
{302.678571,-67.514967, 14.4}
{302.678571,-67.514967, 19.2}
{302.678571,-67.514967, 24}
{201.785714,46.061675, 24}
{201.785714,46.061675, 19.2}
{201.785714,46.061675, 14.4}
{201.785714,46.061675, 9.6}
{201.785714,46.061675, 4.8}
{201.785714,46.061675, 0}
{201.785714,-46.063, 0}
{201.785714,-46.063, 4.8}
{201.785714,-46.063, 9.6}
{201.785714,-46.063, 14.4}
{201.785714,-46.063, 19.2}
{201.785714,-46.063, 24}
{100.892857,23.560743, 24}
{100.892857,23.560743, 19.2}
{100.892857,23.560743, 14.4}
{100.892857,23.560743, 9.6}
{100.892857,23.560743, 4.8}
{100.892857,23.560743, 0}
{100.892857,-23.561693, 0}
{100.892857,-23.561693, 4.8}
{100.892857,-23.561693, 9.6}
{100.892857,-23.561693, 14.4}
{100.892857,-23.561693, 19.2}
{100.892857,-23.561693, 24}
{0,0, 0}
{5650,0, 0}
