{2825,-289.799988, 0}
{2825,-286.132375, -56.530641}
{2825,-280.684703, -112.918636}
{2825,-273.870199, -169.158604}
{2825,-265.20179, -225.136875}
{2825,-251.832279, -280.143203}
{2825,-223.594997, -328.369517}
{2825,-169.957162, -340.869995}
{2825,-113.304775, -340.869995}
{2825,-56.652387, -340.869995}
{2825,0, -340.869995}
{2825,56.652387, -340.869995}
{2825,113.304775, -340.869995}
{2825,169.957162, -340.869995}
{2825,223.594997, -328.369517}
{2825,251.832279, -280.143203}
{2825,265.20179, -225.136875}
{2825,273.870199, -169.158604}
{2825,280.684703, -112.918636}
{2825,286.132375, -56.530641}
{2825,289.799988, 0}
{2925.892857,-289.649511, 0}
{2925.892857,-285.984814, -56.518321}
{2925.892857,-280.541655, -112.894209}
{2925.892857,-273.732861, -169.122293}
{2925.892857,-265.073067, -225.089283}
{2925.892857,-251.720504, -280.087066}
{2925.892857,-223.529048, -328.329386}
{2925.892857,-169.9197, -340.869995}
{2925.892857,-113.2798, -340.869995}
{2925.892857,-56.6399, -340.869995}
{2925.892857,0, -340.869995}
{2925.892857,56.6399, -340.869995}
{2925.892857,113.2798, -340.869995}
{2925.892857,169.9197, -340.869995}
{2925.892857,223.529048, -328.329386}
{2925.892857,251.720504, -280.087066}
{2925.892857,265.073067, -225.089283}
{2925.892857,273.732861, -169.122293}
{2925.892857,280.541655, -112.894209}
{2925.892857,285.984814, -56.518321}
{2925.892857,289.649511, 0}
{3026.785714,-288.965775, 0}
{3026.785714,-285.314423, -56.461821}
{3026.785714,-279.891707, -112.782162}
{3026.785714,-273.108611, -168.955679}
{3026.785714,-264.487802, -224.870842}
{3026.785714,-251.211295, -279.828961}
{3026.785714,-223.225168, -328.141026}
{3026.785714,-169.747905, -340.869995}
{3026.785714,-113.16527, -340.869995}
{3026.785714,-56.582635, -340.869995}
{3026.785714,1.50E-12, -340.869995}
{3026.785714,56.582635, -340.869995}
{3026.785714,113.16527, -340.869995}
{3026.785714,169.747905, -340.869995}
{3026.785714,223.225168, -328.141026}
{3026.785714,251.211295, -279.828961}
{3026.785714,264.487802, -224.870842}
{3026.785714,273.108611, -168.955679}
{3026.785714,279.891707, -112.782162}
{3026.785714,285.314423, -56.461821}
{3026.785714,288.965775, 0}
{3127.678571,-287.734378, 0}
{3127.678571,-284.106981, -56.360293}
{3127.678571,-278.720965, -112.58081}
{3127.678571,-271.984031, -168.65626}
{3127.678571,-263.433189, -224.478237}
{3127.678571,-250.292889, -279.364757}
{3127.678571,-222.675583, -327.799395}
{3127.678571,-169.439212, -340.869995}
{3127.678571,-112.959475, -340.869995}
{3127.678571,-56.479737, -340.869995}
{3127.678571,0, -340.869995}
{3127.678571,56.479737, -340.869995}
{3127.678571,112.959475, -340.869995}
{3127.678571,169.439212, -340.869995}
{3127.678571,222.675583, -327.799395}
{3127.678571,250.292889, -279.364757}
{3127.678571,263.433189, -224.478237}
{3127.678571,271.984031, -168.65626}
{3127.678571,278.720965, -112.58081}
{3127.678571,284.106981, -56.360293}
{3127.678571,287.734378, 0}
{3228.571429,-285.866095, 0}
{3228.571429,-282.27485, -56.206292}
{3228.571429,-276.944294, -112.275372}
{3228.571429,-270.277077, -168.202019}
{3228.571429,-261.831516, -223.882435}
{3228.571429,-248.89537, -278.659245}
{3228.571429,-221.832942, -327.270599}
{3228.571429,-168.971047, -340.869995}
{3228.571429,-112.647364, -340.869995}
{3228.571429,-56.323682, -340.869995}
{3228.571429,-2.52E-12, -340.869995}
{3228.571429,56.323682, -340.869995}
{3228.571429,112.647364, -340.869995}
{3228.571429,168.971047, -340.869995}
{3228.571429,221.832942, -327.270599}
{3228.571429,248.89537, -278.659245}
{3228.571429,261.831516, -223.882435}
{3228.571429,270.277077, -168.202019}
{3228.571429,276.944294, -112.275372}
{3228.571429,282.27485, -56.206292}
{3228.571429,285.866095, 0}
{3329.464286,-283.299981, 0}
{3329.464286,-279.758115, -55.994823}
{3329.464286,-274.503278, -111.855902}
{3329.464286,-267.93116, -167.578102}
{3329.464286,-259.628564, -223.063717}
{3329.464286,-246.967904, -277.687734}
{3329.464286,-220.657555, -326.523561}
{3329.464286,-168.328292, -340.869995}
{3329.464286,-112.218862, -340.869995}
{3329.464286,-56.109431, -340.869995}
{3329.464286,-2.36E-12, -340.869995}
{3329.464286,56.109431, -340.869995}
{3329.464286,112.218862, -340.869995}
{3329.464286,168.328292, -340.869995}
{3329.464286,220.657555, -326.523561}
{3329.464286,246.967904, -277.687734}
{3329.464286,259.628564, -223.063717}
{3329.464286,267.93116, -167.578102}
{3329.464286,274.503278, -111.855902}
{3329.464286,279.758115, -55.994823}
{3329.464286,283.299981, 0}
{3430.357143,-280.00433, 0}
{3430.357143,-276.525359, -55.723422}
{3430.357143,-271.366907, -111.317462}
{3430.357143,-264.915818, -166.777091}
{3430.357143,-256.794091, -222.012026}
{3430.357143,-244.479129, -276.436512}
{3430.357143,-219.11705, -325.530587}
{3430.357143,-167.503578, -340.869995}
{3430.357143,-111.669052, -340.869995}
{3430.357143,-55.834526, -340.869995}
{3430.357143,0, -340.869995}
{3430.357143,55.834526, -340.869995}
{3430.357143,111.669052, -340.869995}
{3430.357143,167.503578, -340.869995}
{3430.357143,219.11705, -325.530587}
{3430.357143,244.479129, -276.436512}
{3430.357143,256.794091, -222.012026}
{3430.357143,264.915818, -166.777091}
{3430.357143,271.366907, -111.317462}
{3430.357143,276.525359, -55.723422}
{3430.357143,280.00433, 0}
{3531.25,-275.946074, 0}
{3531.25,-272.543816, -55.389385}
{3531.25,-267.502831, -110.654619}
{3531.25,-261.199103, -165.790788}
{3531.25,-253.295956, -220.716172}
{3531.25,-241.394453, -274.889991}
{3531.25,-217.170393, -324.256297}
{3531.25,-166.488817, -340.869995}
{3531.25,-110.992544, -340.869995}
{3531.25,-55.496272, -340.869995}
{3531.25,0, -340.869995}
{3531.25,55.496272, -340.869995}
{3531.25,110.992544, -340.869995}
{3531.25,166.488817, -340.869995}
{3531.25,217.170393, -324.256297}
{3531.25,241.394453, -274.889991}
{3531.25,253.295956, -220.716172}
{3531.25,261.199103, -165.790788}
{3531.25,267.502831, -110.654619}
{3531.25,272.543816, -55.389385}
{3531.25,275.946074, 0}
{3632.142857,-271.093982, 0}
{3632.142857,-267.782239, -54.990359}
{3632.142857,-262.879837, -109.862625}
{3632.142857,-256.749893, -164.612012}
{3632.142857,-249.102117, -219.166215}
{3632.142857,-237.67781, -273.033746}
{3632.142857,-214.768646, -322.662069}
{3632.142857,-165.277069, -340.869995}
{3632.142857,-110.184713, -340.869995}
{3632.142857,-55.092356, -340.869995}
{3632.142857,3.17E-12, -340.869995}
{3632.142857,55.092356, -340.869995}
{3632.142857,110.184713, -340.869995}
{3632.142857,165.277069, -340.869995}
{3632.142857,214.768646, -322.662069}
{3632.142857,237.67781, -273.033746}
{3632.142857,249.102117, -219.166215}
{3632.142857,256.749893, -164.612012}
{3632.142857,262.879837, -109.862625}
{3632.142857,267.782239, -54.990359}
{3632.142857,271.093982, 0}
{3733.035714,-265.4198, 0}
{3733.035714,-262.212386, -54.524488}
{3733.035714,-257.469519, -108.937699}
{3733.035714,-251.539474, -163.234977}
{3733.035714,-244.182225, -217.35398}
{3733.035714,-233.292897, -270.855164}
{3733.035714,-211.852512, -320.706437}
{3733.035714,-163.862889, -340.869995}
{3733.035714,-109.241926, -340.869995}
{3733.035714,-54.620963, -340.869995}
{3733.035714,-2.64E-12, -340.869995}
{3733.035714,54.620963, -340.869995}
{3733.035714,109.241926, -340.869995}
{3733.035714,163.862889, -340.869995}
{3733.035714,211.852512, -320.706437}
{3733.035714,233.292897, -270.855164}
{3733.035714,244.182225, -217.35398}
{3733.035714,251.539474, -163.234977}
{3733.035714,257.469519, -108.937699}
{3733.035714,262.212386, -54.524488}
{3733.035714,265.4198, 0}
{3833.928571,-258.900119, 0}
{3833.928571,-255.810546, -53.989871}
{3833.928571,-251.247696, -107.87595}
{3833.928571,-245.543059, -161.653718}
{3833.928571,-238.509206, -215.270978}
{3833.928571,-228.205628, -268.341144}
{3833.928571,-208.358014, -318.346394}
{3833.928571,-162.240772, -340.869995}
{3833.928571,-108.160515, -340.869995}
{3833.928571,-54.080257, -340.869995}
{3833.928571,0.00E+00, -340.869995}
{3833.928571,54.080257, -340.869995}
{3833.928571,108.160515, -340.869995}
{3833.928571,162.240772, -340.869995}
{3833.928571,208.358014, -318.346394}
{3833.928571,228.205628, -268.341144}
{3833.928571,238.509206, -215.270978}
{3833.928571,245.543059, -161.653718}
{3833.928571,251.247696, -107.87595}
{3833.928571,255.810546, -53.989871}
{3833.928571,258.900119, 0}
{3934.821429,-251.512016, 0}
{3934.821429,-248.553284, -53.38495}
{3934.821429,-244.190069, -106.674151}
{3934.821429,-238.735329, -159.863235}
{3934.821429,-232.054784, -212.909959}
{3934.821429,-222.379533, -265.480121}
{3934.821429,-204.210543, -315.541397}
{3934.821429,-160.406294, -340.869995}
{3934.821429,-106.937529, -340.869995}
{3934.821429,-53.468765, -340.869995}
{3934.821429,0.00E+00, -340.869995}
{3934.821429,53.468765, -340.869995}
{3934.821429,106.937529, -340.869995}
{3934.821429,160.406294, -340.869995}
{3934.821429,204.210543, -315.541397}
{3934.821429,222.379533, -265.480121}
{3934.821429,232.054784, -212.909959}
{3934.821429,238.735329, -159.863235}
{3934.821429,244.190069, -106.674151}
{3934.821429,248.553284, -53.38495}
{3934.821429,251.512016, 0}
{4035.714286,-243.234321, 0}
{4035.714286,-240.419018, -52.708751}
{4035.714286,-236.274244, -105.330236}
{4035.714286,-231.092826, -157.860254}
{4035.714286,-224.792182, -210.265959}
{4035.714286,-215.779167, -262.263571}
{4035.714286,-199.330878, -312.258271}
{4035.714286,-158.356774, -340.869995}
{4035.714286,-105.571183, -340.869995}
{4035.714286,-52.785591, -340.869995}
{4035.714286,-2.75E-12, -340.869995}
{4035.714286,52.785591, -340.869995}
{4035.714286,105.571183, -340.869995}
{4035.714286,158.356774, -340.869995}
{4035.714286,199.330878, -312.258271}
{4035.714286,215.779167, -262.263571}
{4035.714286,224.792182, -210.265959}
{4035.714286,231.092826, -157.860254}
{4035.714286,236.274244, -105.330236}
{4035.714286,240.419018, -52.708751}
{4035.714286,243.234321, 0}
{4136.607143,-234.048741, 0}
{4136.607143,-231.388325, -51.960524}
{4136.607143,-227.479155, -103.842562}
{4136.607143,-222.592572, -155.642103}
{4136.607143,-216.694227, -207.334808}
{4136.607143,-208.368172, -258.684271}
{4136.607143,-193.637155, -308.471985}
{4136.607143,-156.090335, -340.869995}
{4136.607143,-104.060223, -340.869995}
{4136.607143,-52.030112, -340.869995}
{4136.607143,0, -340.869995}
{4136.607143,52.030112, -340.869995}
{4136.607143,104.060223, -340.869995}
{4136.607143,156.090335, -340.869995}
{4136.607143,193.637155, -308.471985}
{4136.607143,208.368172, -258.684271}
{4136.607143,216.694227, -207.334808}
{4136.607143,222.592572, -155.642103}
{4136.607143,227.479155, -103.842562}
{4136.607143,231.388325, -51.960524}
{4136.607143,234.048741, 0}
{4237.5,-223.933936, 0}
{4237.5,-221.439463, -51.13789}
{4237.5,-217.782073, -102.206231}
{4237.5,-213.210597, -153.20124}
{4237.5,-207.733472, -204.105938}
{4237.5,-200.111735, -254.727563}
{4237.5,-187.056018, -304.157492}
{4237.5,-153.494264, -340.133381}
{4237.5,-102.400065, -340.869995}
{4237.5,-51.200033, -340.869995}
{4237.5,-1.19E-12, -340.869995}
{4237.5,51.200033, -340.869995}
{4237.5,102.400065, -340.869995}
{4237.5,153.494264, -340.133381}
{4237.5,187.056018, -304.157492}
{4237.5,200.111735, -254.727563}
{4237.5,207.733472, -204.105938}
{4237.5,213.210597, -153.20124}
{4237.5,217.782073, -102.206231}
{4237.5,221.439463, -51.13789}
{4237.5,223.933936, 0}
{4338.392857,-212.875652, 0}
{4338.392857,-210.556689, -50.242373}
{4338.392857,-207.165001, -100.424125}
{4338.392857,-202.926133, -150.541739}
{4338.392857,-197.884206, -200.584271}
{4338.392857,-190.975401, -250.398399}
{4338.392857,-179.521025, -299.321141}
{4338.392857,-150.464743, -338.430811}
{4338.392857,-100.594033, -340.869995}
{4338.392857,-50.297016, -340.869995}
{4338.392857,1.12E-12, -340.869995}
{4338.392857,50.297016, -340.869995}
{4338.392857,100.594033, -340.869995}
{4338.392857,150.464743, -338.430811}
{4338.392857,179.521025, -299.321141}
{4338.392857,190.975401, -250.398399}
{4338.392857,197.884206, -200.584271}
{4338.392857,202.926133, -150.541739}
{4338.392857,207.165001, -100.424125}
{4338.392857,210.556689, -50.242373}
{4338.392857,212.875652, 0}
{4439.285714,-200.855887, 0}
{4439.285714,-198.72093, -49.271631}
{4439.285714,-195.607069, -98.491411}
{4439.285714,-191.716039, -147.656119}
{4439.285714,-187.119425, -196.759477}
{4439.285714,-180.926312, -245.683285}
{4439.285714,-170.990529, -293.955798}
{4439.285714,-146.777343, -335.707662}
{4439.285714,-98.637683, -340.869995}
{4439.285714,-49.318842, -340.869995}
{4439.285714,2.34E-12, -340.869995}
{4439.285714,49.318842, -340.869995}
{4439.285714,98.637683, -340.869995}
{4439.285714,146.777343, -335.707662}
{4439.285714,170.990529, -293.955798}
{4439.285714,180.926312, -245.683285}
{4439.285714,187.119425, -196.759477}
{4439.285714,191.716039, -147.656119}
{4439.285714,195.607069, -98.491411}
{4439.285714,198.72093, -49.271631}
{4439.285714,200.855887, 0}
{4540.178571,-187.85975, 0}
{4540.178571,-185.916244, -48.228124}
{4540.178571,-183.090286, -96.412849}
{4540.178571,-179.559623, -144.551283}
{4540.178571,-175.414248, -192.640468}
{4540.178571,-169.931741, -240.592756}
{4540.178571,-161.421456, -288.082085}
{4540.178571,-142.047816, -331.667103}
{4540.178571,-96.536151, -340.869995}
{4540.178571,-48.268076, -340.869995}
{4540.178571,0, -340.869995}
{4540.178571,48.268076, -340.869995}
{4540.178571,96.536151, -340.869995}
{4540.178571,142.047816, -331.667103}
{4540.178571,161.421456, -288.082085}
{4540.178571,169.931741, -240.592756}
{4540.178571,175.414248, -192.640468}
{4540.178571,179.559623, -144.551283}
{4540.178571,183.090286, -96.412849}
{4540.178571,185.916244, -48.228124}
{4540.178571,187.85975, 0}
{4641.071429,-173.871685, 0}
{4641.071429,-172.124877, -47.109497}
{4641.071429,-169.593901, -94.183579}
{4641.071429,-166.432534, -141.2197}
{4641.071429,-162.740091, -188.21703}
{4641.071429,-157.955318, -235.113706}
{4641.071429,-150.770279, -281.691924}
{4641.071429,-135.711589, -326.08435}
{4641.071429,-94.285043, -340.869995}
{4641.071429,-47.142522, -340.869995}
{4641.071429,1.19E-12, -340.869995}
{4641.071429,47.142522, -340.869995}
{4641.071429,94.285043, -340.869995}
{4641.071429,135.711589, -326.08435}
{4641.071429,150.770279, -281.691924}
{4641.071429,157.955318, -235.113706}
{4641.071429,162.740091, -188.21703}
{4641.071429,166.432534, -141.2197}
{4641.071429,169.593901, -94.183579}
{4641.071429,172.124877, -47.109497}
{4641.071429,173.871685, 0}
{4741.964286,-158.877707, 0}
{4741.964286,-157.332425, -45.916168}
{4741.964286,-155.101991, -91.80431}
{4741.964286,-152.316655, -137.662244}
{4741.964286,-149.07636, -183.490273}
{4741.964286,-144.96882, -229.247358}
{4741.964286,-138.998186, -274.792894}
{4741.964286,-127.520749, -319.16653}
{4741.964286,-91.88534, -340.869995}
{4741.964286,-45.94267, -340.869995}
{4741.964286,0, -340.869995}
{4741.964286,45.94267, -340.869995}
{4741.964286,91.88534, -340.869995}
{4741.964286,127.520749, -319.16653}
{4741.964286,138.998186, -274.792894}
{4741.964286,144.96882, -229.247358}
{4741.964286,149.07636, -183.490273}
{4741.964286,152.316655, -137.662244}
{4741.964286,155.101991, -91.80431}
{4741.964286,157.332425, -45.916168}
{4741.964286,158.877707, 0}
{4842.857143,-142.864493, 0}
{4842.857143,-141.522424, -44.654641}
{4842.857143,-139.593805, -89.287908}
{4842.857143,-137.186182, -133.897994}
{4842.857143,-134.392599, -178.485604}
{4842.857143,-130.93179, -223.02554}
{4842.857143,-126.053939, -267.429703}
{4842.857143,-117.404713, -311.216405}
{4842.857143,-89.350367, -340.869995}
{4842.857143,-44.675184, -340.869995}
{4842.857143,0.00E+00, -340.869995}
{4842.857143,44.675184, -340.869995}
{4842.857143,89.350367, -340.869995}
{4842.857143,117.404713, -311.216405}
{4842.857143,126.053939, -267.429703}
{4842.857143,130.93179, -223.02554}
{4842.857143,134.392599, -178.485604}
{4842.857143,137.186182, -133.897994}
{4842.857143,139.593805, -89.287908}
{4842.857143,141.522424, -44.654641}
{4842.857143,142.864493, 0}
{4943.75,-125.817709, 0}
{4943.75,-124.680209, -43.306224}
{4943.75,-123.05357, -86.596911}
{4943.75,-121.023819, -129.870636}
{4943.75,-118.671509, -173.128064}
{4943.75,-115.824849, -216.35529}
{4943.75,-111.927216, -259.499041}
{4943.75,-105.501238, -302.324109}
{4943.75,-86.356641, -339.681753}
{4943.75,-43.32143, -340.869995}
{4943.75,0, -340.869995}
{4943.75,43.32143, -340.869995}
{4943.75,86.356641, -339.681753}
{4943.75,105.501238, -302.324109}
{4943.75,111.927216, -259.499041}
{4943.75,115.824849, -216.35529}
{4943.75,118.671509, -173.128064}
{4943.75,121.023819, -129.870636}
{4943.75,123.05357, -86.596911}
{4943.75,124.680209, -43.306224}
{4943.75,125.817709, 0}
{5044.642857,-107.726299, 0}
{5044.642857,-106.791105, -41.924002}
{5044.642857,-105.460896, -83.837379}
{5044.642857,-103.801996, -125.739076}
{5044.642857,-101.879353, -167.629531}
{5044.642857,-99.603182, -209.50202}
{5044.642857,-96.567376, -251.325579}
{5044.642857,-91.864439, -292.9881}
{5044.642857,-80.500569, -333.059128}
{5044.642857,-41.934612, -340.869995}
{5044.642857,0, -340.869995}
{5044.642857,41.934612, -340.869995}
{5044.642857,80.500569, -333.059128}
{5044.642857,91.864439, -292.9881}
{5044.642857,96.567376, -251.325579}
{5044.642857,99.603182, -209.50202}
{5044.642857,101.879353, -167.629531}
{5044.642857,103.801996, -125.739076}
{5044.642857,105.460896, -83.837379}
{5044.642857,106.791105, -41.924002}
{5044.642857,107.726299, 0}
{5145.535714,-88.573445, 0}
{5145.535714,-87.838004, -40.411285}
{5145.535714,-86.798592, -80.815923}
{5145.535714,-85.504039, -121.213217}
{5145.535714,-84.002968, -161.603384}
{5145.535714,-82.262516, -201.983843}
{5145.535714,-80.003902, -242.338275}
{5145.535714,-76.712473, -282.619238}
{5145.535714,-70.422451, -322.512085}
{5145.535714,-40.418087, -340.869995}
{5145.535714,0, -340.869995}
{5145.535714,40.418087, -340.869995}
{5145.535714,70.422451, -322.512085}
{5145.535714,76.712473, -282.619238}
{5145.535714,80.003902, -242.338275}
{5145.535714,82.262516, -201.983843}
{5145.535714,84.002968, -161.603384}
{5145.535714,85.504039, -121.213217}
{5145.535714,86.798592, -80.815923}
{5145.535714,87.838004, -40.411285}
{5145.535714,88.573445, 0}
{5246.428571,-68.348287, 0}
{5246.428571,-67.806163, -38.945559}
{5246.428571,-67.044523, -77.887458}
{5246.428571,-66.097423, -116.825301}
{5246.428571,-64.99887, -155.759176}
{5246.428571,-63.745607, -194.688345}
{5246.428571,-62.161092, -233.60527}
{5246.428571,-59.963487, -272.491725}
{5246.428571,-56.160804, -311.246988}
{5246.428571,-38.949391, -340.869995}
{5246.428571,0, -340.869995}
{5246.428571,38.949391, -340.869995}
{5246.428571,56.160804, -311.246988}
{5246.428571,59.963487, -272.491725}
{5246.428571,62.161092, -233.60527}
{5246.428571,63.745607, -194.688345}
{5246.428571,64.99887, -155.759176}
{5246.428571,66.097423, -116.825301}
{5246.428571,67.044523, -77.887458}
{5246.428571,67.806163, -38.945559}
{5246.428571,68.348287, 0}
{5347.321429,-47.045565, 0}
{5347.321429,-46.689858, -37.346643}
{5347.321429,-46.193504, -74.691688}
{5347.321429,-45.577755, -112.034961}
{5347.321429,-44.864005, -149.376494}
{5347.321429,-44.060276, -186.716191}
{5347.321429,-43.072734, -224.05142}
{5347.321429,-41.75091, -261.376164}
{5347.321429,-39.683039, -298.665797}
{5347.321429,-34.285861, -335.535368}
{5347.321429,0, -340.869995}
{5347.321429,34.285861, -335.535368}
{5347.321429,39.683039, -298.665797}
{5347.321429,41.75091, -261.376164}
{5347.321429,43.072734, -224.05142}
{5347.321429,44.060276, -186.716191}
{5347.321429,44.864005, -149.376494}
{5347.321429,45.577755, -112.034961}
{5347.321429,46.193504, -74.691688}
{5347.321429,46.689858, -37.346643}
{5347.321429,47.045565, 0}
{5448.214286,-24.646968, 0}
{5448.214286,-24.47038, -34.410591}
{5448.214286,-24.224795, -68.820761}
{5448.214286,-23.920039, -103.230459}
{5448.214286,-23.565943, -137.639685}
{5448.214286,-23.169116, -172.048445}
{5448.214286,-22.694238, -206.456204}
{5448.214286,-22.075316, -240.861648}
{5448.214286,-21.164257, -275.260378}
{5448.214286,-19.353026, -309.619426}
{5448.214286,0, -328.894895}
{5448.214286,19.353026, -309.619426}
{5448.214286,21.164257, -275.260378}
{5448.214286,22.075316, -240.861648}
{5448.214286,22.694238, -206.456204}
{5448.214286,23.169116, -172.048445}
{5448.214286,23.565943, -137.639685}
{5448.214286,23.920039, -103.230459}
{5448.214286,24.224795, -68.820761}
{5448.214286,24.47038, -34.410591}
{5448.214286,24.646968, 0}
{5549.107143,-1.155736, 0}
{5549.107143,-1.19254, -6.713516}
{5549.107143,-1.220851, -13.427073}
{5549.107143,-1.243309, -20.140652}
{5549.107143,-1.261435, -26.854245}
{5549.107143,-1.274227, -33.56785}
{5549.107143,-1.279938, -40.281464}
{5549.107143,-1.27654, -46.995079}
{5549.107143,-1.258768, -53.708671}
{5549.107143,-1.210526, -60.422094}
{5549.107143,0, -66.21655}
{5549.107143,1.210526, -60.422094}
{5549.107143,1.258768, -53.708671}
{5549.107143,1.27654, -46.995079}
{5549.107143,1.279938, -40.281464}
{5549.107143,1.274227, -33.56785}
{5549.107143,1.261435, -26.854245}
{5549.107143,1.243309, -20.140652}
{5549.107143,1.220851, -13.427073}
{5549.107143,1.19254, -6.713516}
{5549.107143,1.155736, 0}
{2724.107143,-289.649511, 0}
{2724.107143,-285.984814, -56.518321}
{2724.107143,-280.541655, -112.894209}
{2724.107143,-273.732861, -169.122293}
{2724.107143,-265.073067, -225.089283}
{2724.107143,-251.720504, -280.087066}
{2724.107143,-223.529048, -328.329386}
{2724.107143,-169.9197, -340.869995}
{2724.107143,-113.2798, -340.869995}
{2724.107143,-56.6399, -340.869995}
{2724.107143,0, -340.869995}
{2724.107143,56.6399, -340.869995}
{2724.107143,113.2798, -340.869995}
{2724.107143,169.9197, -340.869995}
{2724.107143,223.529048, -328.329386}
{2724.107143,251.720504, -280.087066}
{2724.107143,265.073067, -225.089283}
{2724.107143,273.732861, -169.122293}
{2724.107143,280.541655, -112.894209}
{2724.107143,285.984814, -56.518321}
{2724.107143,289.649511, 0}
{2623.214286,-288.965775, 0}
{2623.214286,-285.314423, -56.461821}
{2623.214286,-279.891707, -112.782162}
{2623.214286,-273.108611, -168.955679}
{2623.214286,-264.487802, -224.870842}
{2623.214286,-251.211295, -279.828961}
{2623.214286,-223.225168, -328.141026}
{2623.214286,-169.747905, -340.869995}
{2623.214286,-113.16527, -340.869995}
{2623.214286,-56.582635, -340.869995}
{2623.214286,1.77E-12, -340.869995}
{2623.214286,56.582635, -340.869995}
{2623.214286,113.16527, -340.869995}
{2623.214286,169.747905, -340.869995}
{2623.214286,223.225168, -328.141026}
{2623.214286,251.211295, -279.828961}
{2623.214286,264.487802, -224.870842}
{2623.214286,273.108611, -168.955679}
{2623.214286,279.891707, -112.782162}
{2623.214286,285.314423, -56.461821}
{2623.214286,288.965775, 0}
{2522.321429,-287.734378, 0}
{2522.321429,-284.106981, -56.360293}
{2522.321429,-278.720965, -112.58081}
{2522.321429,-271.984031, -168.65626}
{2522.321429,-263.433189, -224.478237}
{2522.321429,-250.292889, -279.364757}
{2522.321429,-222.675583, -327.799395}
{2522.321429,-169.439212, -340.869995}
{2522.321429,-112.959475, -340.869995}
{2522.321429,-56.479737, -340.869995}
{2522.321429,0, -340.869995}
{2522.321429,56.479737, -340.869995}
{2522.321429,112.959475, -340.869995}
{2522.321429,169.439212, -340.869995}
{2522.321429,222.675583, -327.799395}
{2522.321429,250.292889, -279.364757}
{2522.321429,263.433189, -224.478237}
{2522.321429,271.984031, -168.65626}
{2522.321429,278.720965, -112.58081}
{2522.321429,284.106981, -56.360293}
{2522.321429,287.734378, 0}
{2421.428571,-285.866095, 0}
{2421.428571,-282.27485, -56.206292}
{2421.428571,-276.944294, -112.275372}
{2421.428571,-270.277077, -168.202019}
{2421.428571,-261.831516, -223.882435}
{2421.428571,-248.89537, -278.659245}
{2421.428571,-221.832942, -327.270599}
{2421.428571,-168.971047, -340.869995}
{2421.428571,-112.647364, -340.869995}
{2421.428571,-56.323682, -340.869995}
{2421.428571,-1.06E-12, -340.869995}
{2421.428571,56.323682, -340.869995}
{2421.428571,112.647364, -340.869995}
{2421.428571,168.971047, -340.869995}
{2421.428571,221.832942, -327.270599}
{2421.428571,248.89537, -278.659245}
{2421.428571,261.831516, -223.882435}
{2421.428571,270.277077, -168.202019}
{2421.428571,276.944294, -112.275372}
{2421.428571,282.27485, -56.206292}
{2421.428571,285.866095, 0}
{2320.535714,-283.299981, 0}
{2320.535714,-279.758115, -55.994823}
{2320.535714,-274.503278, -111.855902}
{2320.535714,-267.93116, -167.578102}
{2320.535714,-259.628564, -223.063717}
{2320.535714,-246.967904, -277.687734}
{2320.535714,-220.657555, -326.523561}
{2320.535714,-168.328292, -340.869995}
{2320.535714,-112.218862, -340.869995}
{2320.535714,-56.109431, -340.869995}
{2320.535714,2.36E-12, -340.869995}
{2320.535714,56.109431, -340.869995}
{2320.535714,112.218862, -340.869995}
{2320.535714,168.328292, -340.869995}
{2320.535714,220.657555, -326.523561}
{2320.535714,246.967904, -277.687734}
{2320.535714,259.628564, -223.063717}
{2320.535714,267.93116, -167.578102}
{2320.535714,274.503278, -111.855902}
{2320.535714,279.758115, -55.994823}
{2320.535714,283.299981, 0}
{2219.642857,-280.00433, 0}
{2219.642857,-276.525359, -55.723422}
{2219.642857,-271.366907, -111.317462}
{2219.642857,-264.915818, -166.777091}
{2219.642857,-256.794091, -222.012026}
{2219.642857,-244.479129, -276.436512}
{2219.642857,-219.11705, -325.530587}
{2219.642857,-167.503578, -340.869995}
{2219.642857,-111.669052, -340.869995}
{2219.642857,-55.834526, -340.869995}
{2219.642857,0, -340.869995}
{2219.642857,55.834526, -340.869995}
{2219.642857,111.669052, -340.869995}
{2219.642857,167.503578, -340.869995}
{2219.642857,219.11705, -325.530587}
{2219.642857,244.479129, -276.436512}
{2219.642857,256.794091, -222.012026}
{2219.642857,264.915818, -166.777091}
{2219.642857,271.366907, -111.317462}
{2219.642857,276.525359, -55.723422}
{2219.642857,280.00433, 0}
{2118.75,-275.946074, 0}
{2118.75,-272.543816, -55.389385}
{2118.75,-267.502831, -110.654619}
{2118.75,-261.199103, -165.790788}
{2118.75,-253.295956, -220.716172}
{2118.75,-241.394453, -274.889991}
{2118.75,-217.170393, -324.256297}
{2118.75,-166.488817, -340.869995}
{2118.75,-110.992544, -340.869995}
{2118.75,-55.496272, -340.869995}
{2118.75,0, -340.869995}
{2118.75,55.496272, -340.869995}
{2118.75,110.992544, -340.869995}
{2118.75,166.488817, -340.869995}
{2118.75,217.170393, -324.256297}
{2118.75,241.394453, -274.889991}
{2118.75,253.295956, -220.716172}
{2118.75,261.199103, -165.790788}
{2118.75,267.502831, -110.654619}
{2118.75,272.543816, -55.389385}
{2118.75,275.946074, 0}
{2017.857143,-271.093982, 0}
{2017.857143,-267.782239, -54.990359}
{2017.857143,-262.879837, -109.862625}
{2017.857143,-256.749893, -164.612012}
{2017.857143,-249.102117, -219.166215}
{2017.857143,-237.67781, -273.033746}
{2017.857143,-214.768646, -322.662069}
{2017.857143,-165.277069, -340.869995}
{2017.857143,-110.184713, -340.869995}
{2017.857143,-55.092356, -340.869995}
{2017.857143,1.03E-12, -340.869995}
{2017.857143,55.092356, -340.869995}
{2017.857143,110.184713, -340.869995}
{2017.857143,165.277069, -340.869995}
{2017.857143,214.768646, -322.662069}
{2017.857143,237.67781, -273.033746}
{2017.857143,249.102117, -219.166215}
{2017.857143,256.749893, -164.612012}
{2017.857143,262.879837, -109.862625}
{2017.857143,267.782239, -54.990359}
{2017.857143,271.093982, 0}
{1916.964286,-265.4198, 0}
{1916.964286,-262.212386, -54.524488}
{1916.964286,-257.469519, -108.937699}
{1916.964286,-251.539474, -163.234977}
{1916.964286,-244.182225, -217.35398}
{1916.964286,-233.292897, -270.855164}
{1916.964286,-211.852512, -320.706437}
{1916.964286,-163.862889, -340.869995}
{1916.964286,-109.241926, -340.869995}
{1916.964286,-54.620963, -340.869995}
{1916.964286,2.64E-12, -340.869995}
{1916.964286,54.620963, -340.869995}
{1916.964286,109.241926, -340.869995}
{1916.964286,163.862889, -340.869995}
{1916.964286,211.852512, -320.706437}
{1916.964286,233.292897, -270.855164}
{1916.964286,244.182225, -217.35398}
{1916.964286,251.539474, -163.234977}
{1916.964286,257.469519, -108.937699}
{1916.964286,262.212386, -54.524488}
{1916.964286,265.4198, 0}
{1816.071429,-258.900119, 0}
{1816.071429,-255.810546, -53.989871}
{1816.071429,-251.247696, -107.87595}
{1816.071429,-245.543059, -161.653718}
{1816.071429,-238.509206, -215.270978}
{1816.071429,-228.205628, -268.341144}
{1816.071429,-208.358014, -318.346394}
{1816.071429,-162.240772, -340.869995}
{1816.071429,-108.160515, -340.869995}
{1816.071429,-54.080257, -340.869995}
{1816.071429,0, -340.869995}
{1816.071429,54.080257, -340.869995}
{1816.071429,108.160515, -340.869995}
{1816.071429,162.240772, -340.869995}
{1816.071429,208.358014, -318.346394}
{1816.071429,228.205628, -268.341144}
{1816.071429,238.509206, -215.270978}
{1816.071429,245.543059, -161.653718}
{1816.071429,251.247696, -107.87595}
{1816.071429,255.810546, -53.989871}
{1816.071429,258.900119, 0}
{1715.178571,-251.512016, 0}
{1715.178571,-248.553284, -53.38495}
{1715.178571,-244.190069, -106.674151}
{1715.178571,-238.735329, -159.863235}
{1715.178571,-232.054784, -212.909959}
{1715.178571,-222.379533, -265.480121}
{1715.178571,-204.210543, -315.541397}
{1715.178571,-160.406294, -340.869995}
{1715.178571,-106.937529, -340.869995}
{1715.178571,-53.468765, -340.869995}
{1715.178571,0.00E+00, -340.869995}
{1715.178571,53.468765, -340.869995}
{1715.178571,106.937529, -340.869995}
{1715.178571,160.406294, -340.869995}
{1715.178571,204.210543, -315.541397}
{1715.178571,222.379533, -265.480121}
{1715.178571,232.054784, -212.909959}
{1715.178571,238.735329, -159.863235}
{1715.178571,244.190069, -106.674151}
{1715.178571,248.553284, -53.38495}
{1715.178571,251.512016, 0}
{1614.285714,-243.234321, 0}
{1614.285714,-240.419018, -52.708751}
{1614.285714,-236.274244, -105.330236}
{1614.285714,-231.092826, -157.860254}
{1614.285714,-224.792182, -210.265959}
{1614.285714,-215.779167, -262.263571}
{1614.285714,-199.330878, -312.258271}
{1614.285714,-158.356774, -340.869995}
{1614.285714,-105.571183, -340.869995}
{1614.285714,-52.785591, -340.869995}
{1614.285714,0.00E+00, -340.869995}
{1614.285714,52.785591, -340.869995}
{1614.285714,105.571183, -340.869995}
{1614.285714,158.356774, -340.869995}
{1614.285714,199.330878, -312.258271}
{1614.285714,215.779167, -262.263571}
{1614.285714,224.792182, -210.265959}
{1614.285714,231.092826, -157.860254}
{1614.285714,236.274244, -105.330236}
{1614.285714,240.419018, -52.708751}
{1614.285714,243.234321, 0}
{1513.392857,-234.048741, 0}
{1513.392857,-231.388325, -51.960524}
{1513.392857,-227.479155, -103.842562}
{1513.392857,-222.592572, -155.642103}
{1513.392857,-216.694227, -207.334808}
{1513.392857,-208.368172, -258.684271}
{1513.392857,-193.637155, -308.471985}
{1513.392857,-156.090335, -340.869995}
{1513.392857,-104.060223, -340.869995}
{1513.392857,-52.030112, -340.869995}
{1513.392857,0, -340.869995}
{1513.392857,52.030112, -340.869995}
{1513.392857,104.060223, -340.869995}
{1513.392857,156.090335, -340.869995}
{1513.392857,193.637155, -308.471985}
{1513.392857,208.368172, -258.684271}
{1513.392857,216.694227, -207.334808}
{1513.392857,222.592572, -155.642103}
{1513.392857,227.479155, -103.842562}
{1513.392857,231.388325, -51.960524}
{1513.392857,234.048741, 0}
{1412.5,-223.933936, 0}
{1412.5,-221.439463, -51.13789}
{1412.5,-217.782073, -102.206231}
{1412.5,-213.210597, -153.20124}
{1412.5,-207.733472, -204.105938}
{1412.5,-200.111735, -254.727563}
{1412.5,-187.056018, -304.157492}
{1412.5,-153.494264, -340.133381}
{1412.5,-102.400065, -340.869995}
{1412.5,-51.200033, -340.869995}
{1412.5,-1.38E-12, -340.869995}
{1412.5,51.200033, -340.869995}
{1412.5,102.400065, -340.869995}
{1412.5,153.494264, -340.133381}
{1412.5,187.056018, -304.157492}
{1412.5,200.111735, -254.727563}
{1412.5,207.733472, -204.105938}
{1412.5,213.210597, -153.20124}
{1412.5,217.782073, -102.206231}
{1412.5,221.439463, -51.13789}
{1412.5,223.933936, 0}
{1311.607143,-212.875652, 0}
{1311.607143,-210.556689, -50.242373}
{1311.607143,-207.165001, -100.424125}
{1311.607143,-202.926133, -150.541739}
{1311.607143,-197.884206, -200.584271}
{1311.607143,-190.975401, -250.398399}
{1311.607143,-179.521025, -299.321141}
{1311.607143,-150.464743, -338.430811}
{1311.607143,-100.594033, -340.869995}
{1311.607143,-50.297016, -340.869995}
{1311.607143,-1.13E-12, -340.869995}
{1311.607143,50.297016, -340.869995}
{1311.607143,100.594033, -340.869995}
{1311.607143,150.464743, -338.430811}
{1311.607143,179.521025, -299.321141}
{1311.607143,190.975401, -250.398399}
{1311.607143,197.884206, -200.584271}
{1311.607143,202.926133, -150.541739}
{1311.607143,207.165001, -100.424125}
{1311.607143,210.556689, -50.242373}
{1311.607143,212.875652, 0}
{1210.714286,-200.855887, 0}
{1210.714286,-198.72093, -49.271631}
{1210.714286,-195.607069, -98.491411}
{1210.714286,-191.716039, -147.656119}
{1210.714286,-187.119425, -196.759477}
{1210.714286,-180.926312, -245.683285}
{1210.714286,-170.990529, -293.955798}
{1210.714286,-146.777343, -335.707662}
{1210.714286,-98.637683, -340.869995}
{1210.714286,-49.318842, -340.869995}
{1210.714286,-2.34E-12, -340.869995}
{1210.714286,49.318842, -340.869995}
{1210.714286,98.637683, -340.869995}
{1210.714286,146.777343, -335.707662}
{1210.714286,170.990529, -293.955798}
{1210.714286,180.926312, -245.683285}
{1210.714286,187.119425, -196.759477}
{1210.714286,191.716039, -147.656119}
{1210.714286,195.607069, -98.491411}
{1210.714286,198.72093, -49.271631}
{1210.714286,200.855887, 0}
{1109.821429,-187.85975, 0}
{1109.821429,-185.916244, -48.228124}
{1109.821429,-183.090286, -96.412849}
{1109.821429,-179.559623, -144.551283}
{1109.821429,-175.414248, -192.640468}
{1109.821429,-169.931741, -240.592756}
{1109.821429,-161.421456, -288.082085}
{1109.821429,-142.047816, -331.667103}
{1109.821429,-96.536151, -340.869995}
{1109.821429,-48.268076, -340.869995}
{1109.821429,0.00E+00, -340.869995}
{1109.821429,48.268076, -340.869995}
{1109.821429,96.536151, -340.869995}
{1109.821429,142.047816, -331.667103}
{1109.821429,161.421456, -288.082085}
{1109.821429,169.931741, -240.592756}
{1109.821429,175.414248, -192.640468}
{1109.821429,179.559623, -144.551283}
{1109.821429,183.090286, -96.412849}
{1109.821429,185.916244, -48.228124}
{1109.821429,187.85975, 0}
{1008.928571,-173.871685, 0}
{1008.928571,-172.124877, -47.109497}
{1008.928571,-169.593901, -94.183579}
{1008.928571,-166.432534, -141.2197}
{1008.928571,-162.740091, -188.21703}
{1008.928571,-157.955318, -235.113706}
{1008.928571,-150.770279, -281.691924}
{1008.928571,-135.711589, -326.08435}
{1008.928571,-94.285043, -340.869995}
{1008.928571,-47.142522, -340.869995}
{1008.928571,0, -340.869995}
{1008.928571,47.142522, -340.869995}
{1008.928571,94.285043, -340.869995}
{1008.928571,135.711589, -326.08435}
{1008.928571,150.770279, -281.691924}
{1008.928571,157.955318, -235.113706}
{1008.928571,162.740091, -188.21703}
{1008.928571,166.432534, -141.2197}
{1008.928571,169.593901, -94.183579}
{1008.928571,172.124877, -47.109497}
{1008.928571,173.871685, 0}
{908.035714,-158.877707, 0}
{908.035714,-157.332425, -45.916168}
{908.035714,-155.101991, -91.80431}
{908.035714,-152.316655, -137.662244}
{908.035714,-149.07636, -183.490273}
{908.035714,-144.96882, -229.247358}
{908.035714,-138.998186, -274.792894}
{908.035714,-127.520749, -319.16653}
{908.035714,-91.88534, -340.869995}
{908.035714,-45.94267, -340.869995}
{908.035714,0, -340.869995}
{908.035714,45.94267, -340.869995}
{908.035714,91.88534, -340.869995}
{908.035714,127.520749, -319.16653}
{908.035714,138.998186, -274.792894}
{908.035714,144.96882, -229.247358}
{908.035714,149.07636, -183.490273}
{908.035714,152.316655, -137.662244}
{908.035714,155.101991, -91.80431}
{908.035714,157.332425, -45.916168}
{908.035714,158.877707, 0}
{807.142857,-142.864493, 0}
{807.142857,-141.522424, -44.654641}
{807.142857,-139.593805, -89.287908}
{807.142857,-137.186182, -133.897994}
{807.142857,-134.392599, -178.485604}
{807.142857,-130.93179, -223.02554}
{807.142857,-126.053939, -267.429703}
{807.142857,-117.404713, -311.216405}
{807.142857,-89.350367, -340.869995}
{807.142857,-44.675184, -340.869995}
{807.142857,0.00E+00, -340.869995}
{807.142857,44.675184, -340.869995}
{807.142857,89.350367, -340.869995}
{807.142857,117.404713, -311.216405}
{807.142857,126.053939, -267.429703}
{807.142857,130.93179, -223.02554}
{807.142857,134.392599, -178.485604}
{807.142857,137.186182, -133.897994}
{807.142857,139.593805, -89.287908}
{807.142857,141.522424, -44.654641}
{807.142857,142.864493, 0}
{706.25,-125.817709, 0}
{706.25,-124.680209, -43.306224}
{706.25,-123.05357, -86.596911}
{706.25,-121.023819, -129.870636}
{706.25,-118.671509, -173.128064}
{706.25,-115.824849, -216.35529}
{706.25,-111.927216, -259.499041}
{706.25,-105.501238, -302.324109}
{706.25,-86.356641, -339.681753}
{706.25,-43.32143, -340.869995}
{706.25,0.00E+00, -340.869995}
{706.25,43.32143, -340.869995}
{706.25,86.356641, -339.681753}
{706.25,105.501238, -302.324109}
{706.25,111.927216, -259.499041}
{706.25,115.824849, -216.35529}
{706.25,118.671509, -173.128064}
{706.25,121.023819, -129.870636}
{706.25,123.05357, -86.596911}
{706.25,124.680209, -43.306224}
{706.25,125.817709, 0}
{605.357143,-107.726299, 0}
{605.357143,-106.791105, -41.924002}
{605.357143,-105.460896, -83.837379}
{605.357143,-103.801996, -125.739076}
{605.357143,-101.879353, -167.629531}
{605.357143,-99.603182, -209.50202}
{605.357143,-96.567376, -251.325579}
{605.357143,-91.864439, -292.9881}
{605.357143,-80.500569, -333.059128}
{605.357143,-41.934612, -340.869995}
{605.357143,0, -340.869995}
{605.357143,41.934612, -340.869995}
{605.357143,80.500569, -333.059128}
{605.357143,91.864439, -292.9881}
{605.357143,96.567376, -251.325579}
{605.357143,99.603182, -209.50202}
{605.357143,101.879353, -167.629531}
{605.357143,103.801996, -125.739076}
{605.357143,105.460896, -83.837379}
{605.357143,106.791105, -41.924002}
{605.357143,107.726299, 0}
{504.464286,-88.573445, 0}
{504.464286,-87.838004, -40.411285}
{504.464286,-86.798592, -80.815923}
{504.464286,-85.504039, -121.213217}
{504.464286,-84.002968, -161.603384}
{504.464286,-82.262516, -201.983843}
{504.464286,-80.003902, -242.338275}
{504.464286,-76.712473, -282.619238}
{504.464286,-70.422451, -322.512085}
{504.464286,-40.418087, -340.869995}
{504.464286,0, -340.869995}
{504.464286,40.418087, -340.869995}
{504.464286,70.422451, -322.512085}
{504.464286,76.712473, -282.619238}
{504.464286,80.003902, -242.338275}
{504.464286,82.262516, -201.983843}
{504.464286,84.002968, -161.603384}
{504.464286,85.504039, -121.213217}
{504.464286,86.798592, -80.815923}
{504.464286,87.838004, -40.411285}
{504.464286,88.573445, 0}
{403.571429,-68.348287, 0}
{403.571429,-67.806163, -38.945559}
{403.571429,-67.044523, -77.887458}
{403.571429,-66.097423, -116.825301}
{403.571429,-64.99887, -155.759176}
{403.571429,-63.745607, -194.688345}
{403.571429,-62.161092, -233.60527}
{403.571429,-59.963487, -272.491725}
{403.571429,-56.160804, -311.246988}
{403.571429,-38.949391, -340.869995}
{403.571429,0, -340.869995}
{403.571429,38.949391, -340.869995}
{403.571429,56.160804, -311.246988}
{403.571429,59.963487, -272.491725}
{403.571429,62.161092, -233.60527}
{403.571429,63.745607, -194.688345}
{403.571429,64.99887, -155.759176}
{403.571429,66.097423, -116.825301}
{403.571429,67.044523, -77.887458}
{403.571429,67.806163, -38.945559}
{403.571429,68.348287, 0}
{302.678571,-47.045565, 0}
{302.678571,-46.689858, -37.346643}
{302.678571,-46.193504, -74.691688}
{302.678571,-45.577755, -112.034961}
{302.678571,-44.864005, -149.376494}
{302.678571,-44.060276, -186.716191}
{302.678571,-43.072734, -224.05142}
{302.678571,-41.75091, -261.376164}
{302.678571,-39.683039, -298.665797}
{302.678571,-34.285861, -335.535368}
{302.678571,0, -340.869995}
{302.678571,34.285861, -335.535368}
{302.678571,39.683039, -298.665797}
{302.678571,41.75091, -261.376164}
{302.678571,43.072734, -224.05142}
{302.678571,44.060276, -186.716191}
{302.678571,44.864005, -149.376494}
{302.678571,45.577755, -112.034961}
{302.678571,46.193504, -74.691688}
{302.678571,46.689858, -37.346643}
{302.678571,47.045565, 0}
{201.785714,-24.646968, 0}
{201.785714,-24.47038, -34.410591}
{201.785714,-24.224795, -68.820761}
{201.785714,-23.920039, -103.230459}
{201.785714,-23.565943, -137.639685}
{201.785714,-23.169116, -172.048445}
{201.785714,-22.694238, -206.456204}
{201.785714,-22.075316, -240.861648}
{201.785714,-21.164257, -275.260378}
{201.785714,-19.353026, -309.619426}
{201.785714,0, -328.894895}
{201.785714,19.353026, -309.619426}
{201.785714,21.164257, -275.260378}
{201.785714,22.075316, -240.861648}
{201.785714,22.694238, -206.456204}
{201.785714,23.169116, -172.048445}
{201.785714,23.565943, -137.639685}
{201.785714,23.920039, -103.230459}
{201.785714,24.224795, -68.820761}
{201.785714,24.47038, -34.410591}
{201.785714,24.646968, 0}
{100.892857,-1.155736, 0}
{100.892857,-1.19254, -6.713516}
{100.892857,-1.220851, -13.427073}
{100.892857,-1.243309, -20.140652}
{100.892857,-1.261435, -26.854245}
{100.892857,-1.274227, -33.56785}
{100.892857,-1.279938, -40.281464}
{100.892857,-1.27654, -46.995079}
{100.892857,-1.258768, -53.708671}
{100.892857,-1.210526, -60.422094}
{100.892857,0, -66.21655}
{100.892857,1.210526, -60.422094}
{100.892857,1.258768, -53.708671}
{100.892857,1.27654, -46.995079}
{100.892857,1.279938, -40.281464}
{100.892857,1.274227, -33.56785}
{100.892857,1.261435, -26.854245}
{100.892857,1.243309, -20.140652}
{100.892857,1.220851, -13.427073}
{100.892857,1.19254, -6.713516}
{100.892857,1.155736, 0}
{0,0, 0}
{5650,0, 0}
