0,0,0
107.142857,-22.44898,0
107.142857,-21.326531,-62.317039
107.142857,-20.204082,-110.223917
107.142857,-19.081633,-146.519478
107.142857,-17.959184,-173.573399
107.142857,-16.836735,-193.372505
107.142857,-15.714286,-207.564433
107.142857,-14.591837,-217.498653
107.142857,-13.469388,-224.264841
107.142857,-12.346939,-228.728609
107.142857,-11.22449,-231.56458
107.142857,-10.102041,-233.286829
107.142857,-8.979592,-234.276665
107.142857,-7.857143,-234.807774
107.142857,-6.734694,-235.068718
107.142857,-5.612245,-235.182777
107.142857,-4.489796,-235.225153
107.142857,-3.367347,-235.237529
107.142857,-2.244898,-235.239973
107.142857,-1.122449,-235.240205
107.142857,0,-235.240208
107.142857,1.122449,-235.240205
107.142857,2.244898,-235.239973
107.142857,3.367347,-235.237529
107.142857,4.489796,-235.225153
107.142857,5.612245,-235.182777
107.142857,6.734694,-235.068718
107.142857,7.857143,-234.807774
107.142857,8.979592,-234.276665
107.142857,10.102041,-233.286829
107.142857,11.22449,-231.56458
107.142857,12.346939,-228.728609
107.142857,13.469388,-224.264841
107.142857,14.591837,-217.498653
107.142857,15.714286,-207.564433
107.142857,16.836735,-193.372505
107.142857,17.959184,-173.573399
107.142857,19.081633,-146.519478
107.142857,20.204082,-110.223917
107.142857,21.326531,-62.317039
107.142857,22.44898,0
214.285714,-44.081633,0
214.285714,-41.877551,-69.021254
214.285714,-39.673469,-122.082067
214.285714,-37.469388,-162.282391
214.285714,-35.265306,-192.246837
214.285714,-33.061224,-214.175978
214.285714,-30.857143,-229.894707
214.285714,-28.653061,-240.897674
214.285714,-26.44898,-248.391785
214.285714,-24.244898,-253.335775
214.285714,-22.040816,-256.476847
214.285714,-19.836735,-258.384379
214.285714,-17.632653,-259.480704
214.285714,-15.428571,-260.068952
214.285714,-13.22449,-260.357969
214.285714,-11.020408,-260.484298
214.285714,-8.816327,-260.531233
214.285714,-6.612245,-260.54494
214.285714,-4.408163,-260.547647
214.285714,-2.204082,-260.547904
214.285714,0,-260.547908
214.285714,2.204082,-260.547904
214.285714,4.408163,-260.547647
214.285714,6.612245,-260.54494
214.285714,8.816327,-260.531233
214.285714,11.020408,-260.484298
214.285714,13.22449,-260.357969
214.285714,15.428571,-260.068952
214.285714,17.632653,-259.480704
214.285714,19.836735,-258.384379
214.285714,22.040816,-256.476847
214.285714,24.244898,-253.335775
214.285714,26.44898,-248.391785
214.285714,28.653061,-240.897674
214.285714,30.857143,-229.894707
214.285714,33.061224,-214.175978
214.285714,35.265306,-192.246837
214.285714,37.469388,-162.282391
214.285714,39.673469,-122.082067
214.285714,41.877551,-69.021254
214.285714,44.081633,0
321.428571,-64.897959,0
321.428571,-61.653061,-71.479501
321.428571,-58.408163,-126.430118
321.428571,-55.163265,-168.062208
321.428571,-51.918367,-199.093862
321.428571,-48.673469,-221.804027
321.428571,-45.428571,-238.082591
321.428571,-42.183673,-249.477437
321.428571,-38.938776,-257.238457
321.428571,-35.693878,-262.358531
321.428571,-32.44898,-265.611475
321.428571,-29.204082,-267.586946
321.428571,-25.959184,-268.722317
321.428571,-22.714286,-269.331516
321.428571,-19.469388,-269.630826
321.428571,-16.22449,-269.761654
321.428571,-12.979592,-269.810261
321.428571,-9.734694,-269.824457
321.428571,-6.489796,-269.82726
321.428571,-3.244898,-269.827526
321.428571,0,-269.82753
321.428571,3.244898,-269.827526
321.428571,6.489796,-269.82726
321.428571,9.734694,-269.824457
321.428571,12.979592,-269.810261
321.428571,16.22449,-269.761654
321.428571,19.469388,-269.630826
321.428571,22.714286,-269.331516
321.428571,25.959184,-268.722317
321.428571,29.204082,-267.586946
321.428571,32.44898,-265.611475
321.428571,35.693878,-262.358531
321.428571,38.938776,-257.238457
321.428571,42.183673,-249.477437
321.428571,45.428571,-238.082591
321.428571,48.673469,-221.804027
321.428571,51.918367,-199.093862
321.428571,55.163265,-168.062208
321.428571,58.408163,-126.430118
321.428571,61.653061,-71.479501
321.428571,64.897959,0
428.571429,-84.897959,0
428.571429,-80.653061,-73.766519
428.571429,-76.408163,-130.475305
428.571429,-72.163265,-173.439432
428.571429,-67.918367,-205.463958
428.571429,-63.673469,-228.900744
428.571429,-59.428571,-245.700148
428.571429,-55.183673,-257.459578
428.571429,-50.938776,-265.468915
428.571429,-46.693878,-270.752808
428.571429,-42.44898,-274.109831
428.571429,-38.204082,-276.148508
428.571429,-33.959184,-277.320205
428.571429,-29.714286,-277.948896
428.571429,-25.469388,-278.257783
428.571429,-21.22449,-278.392797
428.571429,-16.979592,-278.442959
428.571429,-12.734694,-278.457609
428.571429,-8.489796,-278.460502
428.571429,-4.244898,-278.460777
428.571429,0,-278.460781
428.571429,4.244898,-278.460777
428.571429,8.489796,-278.460502
428.571429,12.734694,-278.457609
428.571429,16.979592,-278.442959
428.571429,21.22449,-278.392797
428.571429,25.469388,-278.257783
428.571429,29.714286,-277.948896
428.571429,33.959184,-277.320205
428.571429,38.204082,-276.148508
428.571429,42.44898,-274.109831
428.571429,46.693878,-270.752808
428.571429,50.938776,-265.468915
428.571429,55.183673,-257.459578
428.571429,59.428571,-245.700148
428.571429,63.673469,-228.900744
428.571429,67.918367,-205.463958
428.571429,72.163265,-173.439432
428.571429,76.408163,-130.475305
428.571429,80.653061,-73.766519
428.571429,84.897959,0
535.714286,-104.081633,0
535.714286,-98.877551,-75.889073
535.714286,-93.673469,-134.229594
535.714286,-88.469388,-178.429969
535.714286,-83.265306,-211.375966
535.714286,-78.061224,-235.487121
535.714286,-72.857143,-252.769911
535.714286,-67.653061,-264.867705
535.714286,-62.44898,-273.107502
535.714286,-57.244898,-278.543434
535.714286,-52.040816,-281.997052
535.714286,-46.836735,-284.094389
535.714286,-41.632653,-285.299801
535.714286,-36.428571,-285.946582
535.714286,-31.22449,-286.264357
535.714286,-26.020408,-286.403256
535.714286,-20.816327,-286.454861
535.714286,-15.612245,-286.469932
535.714286,-10.408163,-286.472909
535.714286,-5.204082,-286.473191
535.714286,0,-286.473196
535.714286,5.204082,-286.473191
535.714286,10.408163,-286.472909
535.714286,15.612245,-286.469932
535.714286,20.816327,-286.454861
535.714286,26.020408,-286.403256
535.714286,31.22449,-286.264357
535.714286,36.428571,-285.946582
535.714286,41.632653,-285.299801
535.714286,46.836735,-284.094389
535.714286,52.040816,-281.997052
535.714286,57.244898,-278.543434
535.714286,62.44898,-273.107502
535.714286,67.653061,-264.867705
535.714286,72.857143,-252.769911
535.714286,78.061224,-235.487121
535.714286,83.265306,-211.375966
535.714286,88.469388,-178.429969
535.714286,93.673469,-134.229594
535.714286,98.877551,-75.889073
535.714286,104.081633,0
642.857143,-122.44898,0
642.857143,-116.326531,-77.85261
642.857143,-110.204082,-137.702622
642.857143,-104.081633,-183.046627
642.857143,-97.959184,-216.845063
642.857143,-91.836735,-241.580065
642.857143,-85.714286,-259.310025
642.857143,-79.591837,-271.720835
642.857143,-73.469388,-280.173827
642.857143,-67.346939,-285.750407
642.857143,-61.22449,-289.293383
642.857143,-55.102041,-291.444987
642.857143,-48.979592,-292.681587
642.857143,-42.857143,-293.345102
642.857143,-36.734694,-293.671099
642.857143,-30.612245,-293.813592
642.857143,-24.489796,-293.866533
642.857143,-18.367347,-293.881994
642.857143,-12.244898,-293.885048
642.857143,-6.122449,-293.885337
642.857143,0,-293.885342
642.857143,6.122449,-293.885337
642.857143,12.244898,-293.885048
642.857143,18.367347,-293.881994
642.857143,24.489796,-293.866533
642.857143,30.612245,-293.813592
642.857143,36.734694,-293.671099
642.857143,42.857143,-293.345102
642.857143,48.979592,-292.681587
642.857143,55.102041,-291.444987
642.857143,61.22449,-289.293383
642.857143,67.346939,-285.750407
642.857143,73.469388,-280.173827
642.857143,79.591837,-271.720835
642.857143,85.714286,-259.310025
642.857143,91.836735,-241.580065
642.857143,97.959184,-216.845063
642.857143,104.081633,-183.046627
642.857143,110.204082,-137.702622
642.857143,116.326531,-77.85261
642.857143,122.44898,0
750,-140,0
750,-133,-79.662626
750,-126,-140.904107
750,-119,-187.302327
750,-112,-221.886552
750,-105,-247.196624
750,-98,-265.338793
750,-91,-278.038146
750,-84,-286.687663
750,-77,-292.393895
750,-70,-296.019243
750,-63,-298.220869
750,-56,-299.48622
750,-49,-300.165161
750,-42,-300.498737
750,-35,-300.644543
750,-28,-300.698715
750,-21,-300.714535
750,-14,-300.71766
750,-7,-300.717956
750,0,-300.717961
750,7,-300.717956
750,14,-300.71766
750,21,-300.714535
750,28,-300.698715
750,35,-300.644543
750,42,-300.498737
750,49,-300.165161
750,56,-299.48622
750,63,-298.220869
750,70,-296.019243
750,77,-292.393895
750,84,-286.687663
750,91,-278.038146
750,98,-265.338793
750,105,-247.196624
750,112,-221.886552
750,119,-187.302327
750,126,-140.904107
750,133,-79.662626
750,140,0
857.142857,-156.734694,0
857.142857,-148.897959,-81.324668
857.142857,-141.061224,-143.84386
857.142857,-133.22449,-191.21011
857.142857,-125.387755,-226.515883
857.142857,-117.55102,-252.354012
857.142857,-109.714286,-270.87469
857.142857,-101.877551,-283.838996
857.142857,-94.040816,-292.668973
857.142857,-86.204082,-298.494256
857.142857,-78.367347,-302.195241
857.142857,-70.530612,-304.442801
857.142857,-62.693878,-305.734552
857.142857,-54.857143,-306.427658
857.142857,-47.020408,-306.768194
857.142857,-39.183673,-306.917042
857.142857,-31.346939,-306.972344
857.142857,-23.510204,-306.988494
857.142857,-15.673469,-306.991684
857.142857,-7.836735,-306.991986
857.142857,0,-306.991991
857.142857,7.836735,-306.991986
857.142857,15.673469,-306.991684
857.142857,23.510204,-306.988494
857.142857,31.346939,-306.972344
857.142857,39.183673,-306.917042
857.142857,47.020408,-306.768194
857.142857,54.857143,-306.427658
857.142857,62.693878,-305.734552
857.142857,70.530612,-304.442801
857.142857,78.367347,-302.195241
857.142857,86.204082,-298.494256
857.142857,94.040816,-292.668973
857.142857,101.877551,-283.838996
857.142857,109.714286,-270.87469
857.142857,117.55102,-252.354012
857.142857,125.387755,-226.515883
857.142857,133.22449,-191.21011
857.142857,141.061224,-143.84386
857.142857,148.897959,-81.324668
857.142857,156.734694,0
964.285714,-172.653061,0
964.285714,-164.020408,-82.844337
964.285714,-155.387755,-146.531791
964.285714,-146.755102,-194.783149
964.285714,-138.122449,-230.74866
964.285714,-129.489796,-257.069613
964.285714,-120.857143,-275.936377
964.285714,-112.22449,-289.142939
964.285714,-103.591837,-298.137917
964.285714,-94.959184,-304.072054
964.285714,-86.326531,-307.842198
964.285714,-77.693878,-310.131757
964.285714,-69.061224,-311.447645
964.285714,-60.428571,-312.153703
964.285714,-51.795918,-312.500603
964.285714,-43.163265,-312.652232
964.285714,-34.530612,-312.708567
964.285714,-25.897959,-312.725019
964.285714,-17.265306,-312.728269
964.285714,-8.632653,-312.728577
964.285714,0,-312.728582
964.285714,8.632653,-312.728577
964.285714,17.265306,-312.728269
964.285714,25.897959,-312.725019
964.285714,34.530612,-312.708567
964.285714,43.163265,-312.652232
964.285714,51.795918,-312.500603
964.285714,60.428571,-312.153703
964.285714,69.061224,-311.447645
964.285714,77.693878,-310.131757
964.285714,86.326531,-307.842198
964.285714,94.959184,-304.072054
964.285714,103.591837,-298.137917
964.285714,112.22449,-289.142939
964.285714,120.857143,-275.936377
964.285714,129.489796,-257.069613
964.285714,138.122449,-230.74866
964.285714,146.755102,-194.783149
964.285714,155.387755,-146.531791
964.285714,164.020408,-82.844337
964.285714,172.653061,0
1071.428571,-187.755102,0
1071.428571,-178.367347,-84.227296
1071.428571,-168.979592,-148.977914
1071.428571,-159.591837,-198.034753
1071.428571,-150.204082,-234.600654
1071.428571,-140.816327,-261.360994
1071.428571,-131.428571,-280.542709
1071.428571,-122.040816,-293.969735
1071.428571,-112.653061,-303.11487
1071.428571,-103.265306,-309.148069
1071.428571,-93.877551,-312.981149
1071.428571,-84.489796,-315.308929
1071.428571,-75.102041,-316.646784
1071.428571,-65.714286,-317.364629
1071.428571,-56.326531,-317.717319
1071.428571,-46.938776,-317.871479
1071.428571,-37.55102,-317.928755
1071.428571,-28.163265,-317.945482
1071.428571,-18.77551,-317.948786
1071.428571,-9.387755,-317.949099
1071.428571,0,-317.949104
1071.428571,9.387755,-317.949099
1071.428571,18.77551,-317.948786
1071.428571,28.163265,-317.945482
1071.428571,37.55102,-317.928755
1071.428571,46.938776,-317.871479
1071.428571,56.326531,-317.717319
1071.428571,65.714286,-317.364629
1071.428571,75.102041,-316.646784
1071.428571,84.489796,-315.308929
1071.428571,93.877551,-312.981149
1071.428571,103.265306,-309.148069
1071.428571,112.653061,-303.11487
1071.428571,122.040816,-293.969735
1071.428571,131.428571,-280.542709
1071.428571,140.816327,-261.360994
1071.428571,150.204082,-234.600654
1071.428571,159.591837,-198.034753
1071.428571,168.979592,-148.977914
1071.428571,178.367347,-84.227296
1071.428571,187.755102,0
1178.571429,-202.040816,0
1178.571429,-191.938776,-85.479268
1178.571429,-181.836735,-151.192352
1178.571429,-171.734694,-200.978382
1178.571429,-161.632653,-238.087806
1178.571429,-151.530612,-265.245918
1178.571429,-141.428571,-284.712754
1178.571429,-131.326531,-298.339361
1178.571429,-121.22449,-307.620432
1178.571429,-111.122449,-313.743309
1178.571429,-101.020408,-317.633365
1178.571429,-90.918367,-319.995745
1178.571429,-80.816327,-321.353487
1178.571429,-70.714286,-322.082002
1178.571429,-60.612245,-322.439934
1178.571429,-50.510204,-322.596386
1178.571429,-40.408163,-322.654513
1178.571429,-30.306122,-322.671489
1178.571429,-20.204082,-322.674842
1178.571429,-10.102041,-322.675159
1178.571429,0,-322.675164
1178.571429,10.102041,-322.675159
1178.571429,20.204082,-322.674842
1178.571429,30.306122,-322.671489
1178.571429,40.408163,-322.654513
1178.571429,50.510204,-322.596386
1178.571429,60.612245,-322.439934
1178.571429,70.714286,-322.082002
1178.571429,80.816327,-321.353487
1178.571429,90.918367,-319.995745
1178.571429,101.020408,-317.633365
1178.571429,111.122449,-313.743309
1178.571429,121.22449,-307.620432
1178.571429,131.326531,-298.339361
1178.571429,141.428571,-284.712754
1178.571429,151.530612,-265.245918
1178.571429,161.632653,-238.087806
1178.571429,171.734694,-200.978382
1178.571429,181.836735,-151.192352
1178.571429,191.938776,-85.479268
1178.571429,202.040816,0
1285.714286,-215.510204,0
1285.714286,-204.734694,-86.606044
1285.714286,-193.959184,-153.185349
1285.714286,-183.183673,-203.627652
1285.714286,-172.408163,-241.226247
1285.714286,-161.632653,-268.742353
1285.714286,-150.857143,-288.465799
1285.714286,-140.081633,-302.27203
1285.714286,-129.306122,-311.675442
1285.714286,-118.530612,-317.879031
1285.714286,-107.755102,-321.820365
1285.714286,-96.979592,-324.213886
1285.714286,-86.204082,-325.589525
1285.714286,-75.428571,-326.327643
1285.714286,-64.653061,-326.690293
1285.714286,-53.877551,-326.848808
1285.714286,-43.102041,-326.907701
1285.714286,-32.326531,-326.9249
1285.714286,-21.55102,-326.928297
1285.714286,-10.77551,-326.928619
1285.714286,0,-326.928624
1285.714286,10.77551,-326.928619
1285.714286,21.55102,-326.928297
1285.714286,32.326531,-326.9249
1285.714286,43.102041,-326.907701
1285.714286,53.877551,-326.848808
1285.714286,64.653061,-326.690293
1285.714286,75.428571,-326.327643
1285.714286,86.204082,-325.589525
1285.714286,96.979592,-324.213886
1285.714286,107.755102,-321.820365
1285.714286,118.530612,-317.879031
1285.714286,129.306122,-311.675442
1285.714286,140.081633,-302.27203
1285.714286,150.857143,-288.465799
1285.714286,161.632653,-268.742353
1285.714286,172.408163,-241.226247
1285.714286,183.183673,-203.627652
1285.714286,193.959184,-153.185349
1285.714286,204.734694,-86.606044
1285.714286,215.510204,0
1392.857143,-228.163265,0
1392.857143,-216.755102,-87.613487
1392.857143,-205.346939,-154.967275
1392.857143,-193.938776,-205.996346
1392.857143,-182.530612,-244.032306
1392.857143,-171.122449,-271.868493
1392.857143,-159.714286,-291.821371
1392.857143,-148.306122,-305.788203
1392.857143,-136.897959,-315.301
1392.857143,-125.489796,-321.576752
1392.857143,-114.081633,-325.563933
1392.857143,-102.673469,-327.985297
1392.857143,-91.265306,-329.376938
1392.857143,-79.857143,-330.123642
1392.857143,-68.44898,-330.490511
1392.857143,-57.040816,-330.65087
1392.857143,-45.632653,-330.710448
1392.857143,-34.22449,-330.727847
1392.857143,-22.816327,-330.731284
1392.857143,-11.408163,-330.731609
1392.857143,0,-330.731615
1392.857143,11.408163,-330.731609
1392.857143,22.816327,-330.731284
1392.857143,34.22449,-330.727847
1392.857143,45.632653,-330.710448
1392.857143,57.040816,-330.65087
1392.857143,68.44898,-330.490511
1392.857143,79.857143,-330.123642
1392.857143,91.265306,-329.376938
1392.857143,102.673469,-327.985297
1392.857143,114.081633,-325.563933
1392.857143,125.489796,-321.576752
1392.857143,136.897959,-315.301
1392.857143,148.306122,-305.788203
1392.857143,159.714286,-291.821371
1392.857143,171.122449,-271.868493
1392.857143,182.530612,-244.032306
1392.857143,193.938776,-205.996346
1392.857143,205.346939,-154.967275
1392.857143,216.755102,-87.613487
1392.857143,228.163265,0
1500,-240,0
1500,-228,-88.507537
1500,-216,-156.548635
1500,-204,-208.098431
1500,-192,-246.522528
1500,-180,-274.642769
1500,-168,-294.799255
1500,-156,-308.908612
1500,-144,-318.518482
1500,-132,-324.858274
1500,-120,-328.886143
1500,-108,-331.332215
1500,-96,-332.738057
1500,-84,-333.492381
1500,-72,-333.862994
1500,-60,-334.024989
1500,-48,-334.085175
1500,-36,-334.102752
1500,-24,-334.106224
1500,-12,-334.106553
1500,0,-334.106558
1500,12,-334.106553
1500,24,-334.106224
1500,36,-334.102752
1500,48,-334.085175
1500,60,-334.024989
1500,72,-333.862994
1500,84,-333.492381
1500,96,-332.738057
1500,108,-331.332215
1500,120,-328.886143
1500,132,-324.858274
1500,144,-318.518482
1500,156,-308.908612
1500,168,-294.799255
1500,180,-274.642769
1500,192,-246.522528
1500,204,-208.098431
1500,216,-156.548635
1500,228,-88.507537
1500,240,0
1607.142857,-251.020408,0
1607.142857,-238.469388,-89.294217
1607.142857,-225.918367,-157.940083
1607.142857,-213.367347,-209.948069
1607.142857,-200.816327,-248.71369
1607.142857,-188.265306,-277.083871
1607.142857,-175.714286,-297.419515
1607.142857,-163.163265,-311.654279
1607.142857,-150.612245,-321.349565
1607.142857,-138.061224,-327.745707
1607.142857,-125.510204,-331.809376
1607.142857,-112.959184,-334.27719
1607.142857,-100.408163,-335.695527
1607.142857,-87.857143,-336.456556
1607.142857,-75.306122,-336.830463
1607.142857,-62.755102,-336.993897
1607.142857,-50.204082,-337.054619
1607.142857,-37.653061,-337.072352
1607.142857,-25.102041,-337.075854
1607.142857,-12.55102,-337.076186
1607.142857,0,-337.076191
1607.142857,12.55102,-337.076186
1607.142857,25.102041,-337.075854
1607.142857,37.653061,-337.072352
1607.142857,50.204082,-337.054619
1607.142857,62.755102,-336.993897
1607.142857,75.306122,-336.830463
1607.142857,87.857143,-336.456556
1607.142857,100.408163,-335.695527
1607.142857,112.959184,-334.27719
1607.142857,125.510204,-331.809376
1607.142857,138.061224,-327.745707
1607.142857,150.612245,-321.349565
1607.142857,163.163265,-311.654279
1607.142857,175.714286,-297.419515
1607.142857,188.265306,-277.083871
1607.142857,200.816327,-248.71369
1607.142857,213.367347,-209.948069
1607.142857,225.918367,-157.940083
1607.142857,238.469388,-89.294217
1607.142857,251.020408,0
1714.285714,-261.22449,0
1714.285714,-248.163265,-89.979641
1714.285714,-235.102041,-159.152435
1714.285714,-222.040816,-211.559635
1714.285714,-208.979592,-250.622822
1714.285714,-195.918367,-279.210773
1714.285714,-182.857143,-299.702514
1714.285714,-169.795918,-314.046544
1714.285714,-156.734694,-323.816251
1714.285714,-143.673469,-330.26149
1714.285714,-130.612245,-334.356352
1714.285714,-117.55102,-336.843109
1714.285714,-104.489796,-338.272334
1714.285714,-91.428571,-339.039204
1714.285714,-78.367347,-339.415981
1714.285714,-65.306122,-339.58067
1714.285714,-52.244898,-339.641857
1714.285714,-39.183673,-339.659727
1714.285714,-26.122449,-339.663256
1714.285714,-13.061224,-339.663591
1714.285714,0,-339.663596
1714.285714,13.061224,-339.663591
1714.285714,26.122449,-339.663256
1714.285714,39.183673,-339.659727
1714.285714,52.244898,-339.641857
1714.285714,65.306122,-339.58067
1714.285714,78.367347,-339.415981
1714.285714,91.428571,-339.039204
1714.285714,104.489796,-338.272334
1714.285714,117.55102,-336.843109
1714.285714,130.612245,-334.356352
1714.285714,143.673469,-330.26149
1714.285714,156.734694,-323.816251
1714.285714,169.795918,-314.046544
1714.285714,182.857143,-299.702514
1714.285714,195.918367,-279.210773
1714.285714,208.979592,-250.622822
1714.285714,222.040816,-211.559635
1714.285714,235.102041,-159.152435
1714.285714,248.163265,-89.979641
1714.285714,261.22449,0
1821.428571,-270.612245,0
1821.428571,-257.081633,-90.570023
1821.428571,-243.55102,-160.19668
1821.428571,-230.020408,-212.947739
1821.428571,-216.489796,-252.267231
1821.428571,-202.959184,-281.042756
1821.428571,-189.428571,-301.668948
1821.428571,-175.897959,-316.107094
1821.428571,-162.367347,-325.940903
1821.428571,-148.836735,-332.428431
1821.428571,-135.306122,-336.550161
1821.428571,-121.77551,-339.053234
1821.428571,-108.244898,-340.491836
1821.428571,-94.714286,-341.263738
1821.428571,-81.183673,-341.642987
1821.428571,-67.653061,-341.808757
1821.428571,-54.122449,-341.870345
1821.428571,-40.591837,-341.888332
1821.428571,-27.061224,-341.891885
1821.428571,-13.530612,-341.892221
1821.428571,0,-341.892227
1821.428571,13.530612,-341.892221
1821.428571,27.061224,-341.891885
1821.428571,40.591837,-341.888332
1821.428571,54.122449,-341.870345
1821.428571,67.653061,-341.808757
1821.428571,81.183673,-341.642987
1821.428571,94.714286,-341.263738
1821.428571,108.244898,-340.491836
1821.428571,121.77551,-339.053234
1821.428571,135.306122,-336.550161
1821.428571,148.836735,-332.428431
1821.428571,162.367347,-325.940903
1821.428571,175.897959,-316.107094
1821.428571,189.428571,-301.668948
1821.428571,202.959184,-281.042756
1821.428571,216.489796,-252.267231
1821.428571,230.020408,-212.947739
1821.428571,243.55102,-160.19668
1821.428571,257.081633,-90.570023
1821.428571,270.612245,0
1928.571429,-279.183673,0
1928.571429,-265.22449,-91.071687
1928.571429,-251.265306,-161.084002
1928.571429,-237.306122,-214.127247
1928.571429,-223.346939,-253.664527
1928.571429,-209.387755,-282.599438
1928.571429,-195.428571,-303.339878
1928.571429,-181.469388,-317.857997
1928.571429,-167.510204,-327.746274
1928.571429,-153.55102,-334.269736
1928.571429,-139.591837,-338.414296
1928.571429,-125.632653,-340.931234
1928.571429,-111.673469,-342.377805
1928.571429,-97.714286,-343.153982
1928.571429,-83.755102,-343.535332
1928.571429,-69.795918,-343.70202
1928.571429,-55.836735,-343.763949
1928.571429,-41.877551,-343.782036
1928.571429,-27.918367,-343.785608
1928.571429,-13.959184,-343.785946
1928.571429,0,-343.785952
1928.571429,13.959184,-343.785946
1928.571429,27.918367,-343.785608
1928.571429,41.877551,-343.782036
1928.571429,55.836735,-343.763949
1928.571429,69.795918,-343.70202
1928.571429,83.755102,-343.535332
1928.571429,97.714286,-343.153982
1928.571429,111.673469,-342.377805
1928.571429,125.632653,-340.931234
1928.571429,139.591837,-338.414296
1928.571429,153.55102,-334.269736
1928.571429,167.510204,-327.746274
1928.571429,181.469388,-317.857997
1928.571429,195.428571,-303.339878
1928.571429,209.387755,-282.599438
1928.571429,223.346939,-253.664527
1928.571429,237.306122,-214.127247
1928.571429,251.265306,-161.084002
1928.571429,265.22449,-91.071687
1928.571429,279.183673,0
2035.714286,-286.938776,0
2035.714286,-272.591837,-91.491075
2035.714286,-258.244898,-161.8258
2035.714286,-243.897959,-215.113311
2035.714286,-229.55102,-254.832662
2035.714286,-215.204082,-283.90082
2035.714286,-200.857143,-304.73677
2035.714286,-186.510204,-319.321745
2035.714286,-172.163265,-329.255559
2035.714286,-157.816327,-335.809061
2035.714286,-143.469388,-339.972707
2035.714286,-129.122449,-342.501235
2035.714286,-114.77551,-343.954468
2035.714286,-100.428571,-344.734219
2035.714286,-86.081633,-345.117325
2035.714286,-71.734694,-345.284781
2035.714286,-57.387755,-345.346996
2035.714286,-43.040816,-345.365165
2035.714286,-28.693878,-345.368754
2035.714286,-14.346939,-345.369094
2035.714286,0,-345.369099
2035.714286,14.346939,-345.369094
2035.714286,28.693878,-345.368754
2035.714286,43.040816,-345.365165
2035.714286,57.387755,-345.346996
2035.714286,71.734694,-345.284781
2035.714286,86.081633,-345.117325
2035.714286,100.428571,-344.734219
2035.714286,114.77551,-343.954468
2035.714286,129.122449,-342.501235
2035.714286,143.469388,-339.972707
2035.714286,157.816327,-335.809061
2035.714286,172.163265,-329.255559
2035.714286,186.510204,-319.321745
2035.714286,200.857143,-304.73677
2035.714286,215.204082,-283.90082
2035.714286,229.55102,-254.832662
2035.714286,243.897959,-215.113311
2035.714286,258.244898,-161.8258
2035.714286,272.591837,-91.491075
2035.714286,286.938776,0
2142.857143,-293.877551,0
2142.857143,-279.183673,-91.834771
2142.857143,-264.489796,-162.433715
2142.857143,-249.795918,-215.921406
2142.857143,-235.102041,-255.789967
2142.857143,-220.408163,-284.967322
2142.857143,-205.714286,-305.881544
2142.857143,-191.020408,-320.521309
2142.857143,-176.326531,-330.49244
2142.857143,-161.632653,-337.070562
2142.857143,-146.938776,-341.249849
2142.857143,-132.244898,-343.787875
2142.857143,-117.55102,-345.246567
2142.857143,-102.857143,-346.029248
2142.857143,-88.163265,-346.413793
2142.857143,-73.469388,-346.581878
2142.857143,-58.77551,-346.644326
2142.857143,-44.081633,-346.662564
2142.857143,-29.387755,-346.666166
2142.857143,-14.693878,-346.666508
2142.857143,0,-346.666513
2142.857143,14.693878,-346.666508
2142.857143,29.387755,-346.666166
2142.857143,44.081633,-346.662564
2142.857143,58.77551,-346.644326
2142.857143,73.469388,-346.581878
2142.857143,88.163265,-346.413793
2142.857143,102.857143,-346.029248
2142.857143,117.55102,-345.246567
2142.857143,132.244898,-343.787875
2142.857143,146.938776,-341.249849
2142.857143,161.632653,-337.070562
2142.857143,176.326531,-330.49244
2142.857143,191.020408,-320.521309
2142.857143,205.714286,-305.881544
2142.857143,220.408163,-284.967322
2142.857143,235.102041,-255.789967
2142.857143,249.795918,-215.921406
2142.857143,264.489796,-162.433715
2142.857143,279.183673,-91.834771
2142.857143,293.877551,0
2250,-300,0
2250,-285,-92.109509
2250,-270,-162.919662
2250,-255,-216.56737
2250,-240,-256.555204
2250,-225,-285.819848
2250,-210,-306.796639
2250,-195,-321.480201
2250,-180,-331.481162
2250,-165,-338.078964
2250,-150,-342.270754
2250,-135,-344.816373
2250,-120,-346.279429
2250,-105,-347.064451
2250,-90,-347.450147
2250,-75,-347.618734
2250,-60,-347.68137
2250,-45,-347.699662
2250,-30,-347.703275
2250,-15,-347.703617
2250,0,-347.703623
2250,15,-347.703617
2250,30,-347.703275
2250,45,-347.699662
2250,60,-347.68137
2250,75,-347.618734
2250,90,-347.450147
2250,105,-347.064451
2250,120,-346.279429
2250,135,-344.816373
2250,150,-342.270754
2250,165,-338.078964
2250,180,-331.481162
2250,195,-321.480201
2250,210,-306.796639
2250,225,-285.819848
2250,240,-256.555204
2250,255,-216.56737
2250,270,-162.919662
2250,285,-92.109509
2250,300,0
2357.142857,-305.306122,0
2357.142857,-290.040816,-92.322208
2357.142857,-274.77551,-163.295874
2357.142857,-259.510204,-217.067465
2357.142857,-244.244898,-257.147639
2357.142857,-228.979592,-286.47986
2357.142857,-213.714286,-307.505091
2357.142857,-198.44898,-322.22256
2357.142857,-183.183673,-332.246615
2357.142857,-167.918367,-338.859652
2357.142857,-152.653061,-343.061121
2357.142857,-137.387755,-345.612619
2357.142857,-122.122449,-347.079053
2357.142857,-106.857143,-347.865888
2357.142857,-91.591837,-348.252475
2357.142857,-76.326531,-348.421451
2357.142857,-61.061224,-348.484232
2357.142857,-45.795918,-348.502566
2357.142857,-30.530612,-348.506187
2357.142857,-15.265306,-348.506531
2357.142857,0,-348.506536
2357.142857,15.265306,-348.506531
2357.142857,30.530612,-348.506187
2357.142857,45.795918,-348.502566
2357.142857,61.061224,-348.484232
2357.142857,76.326531,-348.421451
2357.142857,91.591837,-348.252475
2357.142857,106.857143,-347.865888
2357.142857,122.122449,-347.079053
2357.142857,137.387755,-345.612619
2357.142857,152.653061,-343.061121
2357.142857,167.918367,-338.859652
2357.142857,183.183673,-332.246615
2357.142857,198.44898,-322.22256
2357.142857,213.714286,-307.505091
2357.142857,228.979592,-286.47986
2357.142857,244.244898,-257.147639
2357.142857,259.510204,-217.067465
2357.142857,274.77551,-163.295874
2357.142857,290.040816,-92.322208
2357.142857,305.306122,0
2464.285714,-309.795918,0
2464.285714,-294.306122,-92.479993
2464.285714,-278.816327,-163.574958
2464.285714,-263.326531,-217.438448
2464.285714,-247.836735,-257.587122
2464.285714,-232.346939,-286.969474
2464.285714,-216.857143,-308.030638
2464.285714,-201.367347,-322.773261
2464.285714,-185.877551,-332.814448
2464.285714,-170.387755,-339.438787
2464.285714,-154.897959,-343.647437
2464.285714,-139.408163,-346.203296
2464.285714,-123.918367,-347.672236
2464.285714,-108.428571,-348.460416
2464.285714,-92.938776,-348.847663
2464.285714,-77.44898,-349.016928
2464.285714,-61.959184,-349.079815
2464.285714,-46.469388,-349.098182
2464.285714,-30.979592,-349.101809
2464.285714,-15.489796,-349.102153
2464.285714,0,-349.102158
2464.285714,15.489796,-349.102153
2464.285714,30.979592,-349.101809
2464.285714,46.469388,-349.098182
2464.285714,61.959184,-349.079815
2464.285714,77.44898,-349.016928
2464.285714,92.938776,-348.847663
2464.285714,108.428571,-348.460416
2464.285714,123.918367,-347.672236
2464.285714,139.408163,-346.203296
2464.285714,154.897959,-343.647437
2464.285714,170.387755,-339.438787
2464.285714,185.877551,-332.814448
2464.285714,201.367347,-322.773261
2464.285714,216.857143,-308.030638
2464.285714,232.346939,-286.969474
2464.285714,247.836735,-257.587122
2464.285714,263.326531,-217.438448
2464.285714,278.816327,-163.574958
2464.285714,294.306122,-92.479993
2464.285714,309.795918,0
2571.428571,-313.469388,0
2571.428571,-297.795918,-92.590247
2571.428571,-282.122449,-163.769972
2571.428571,-266.44898,-217.697679
2571.428571,-250.77551,-257.894218
2571.428571,-235.102041,-287.3116
2571.428571,-219.428571,-308.397873
2571.428571,-203.755102,-323.158071
2571.428571,-188.081633,-333.21123
2571.428571,-172.408163,-339.843466
2571.428571,-156.734694,-344.057134
2571.428571,-141.061224,-346.61604
2571.428571,-125.387755,-348.086731
2571.428571,-109.714286,-348.875851
2571.428571,-94.040816,-349.263559
2571.428571,-78.367347,-349.433027
2571.428571,-62.693878,-349.495989
2571.428571,-47.020408,-349.514377
2571.428571,-31.346939,-349.518009
2571.428571,-15.673469,-349.518353
2571.428571,0,-349.518358
2571.428571,15.673469,-349.518353
2571.428571,31.346939,-349.518009
2571.428571,47.020408,-349.514377
2571.428571,62.693878,-349.495989
2571.428571,78.367347,-349.433027
2571.428571,94.040816,-349.263559
2571.428571,109.714286,-348.875851
2571.428571,125.387755,-348.086731
2571.428571,141.061224,-346.61604
2571.428571,156.734694,-344.057134
2571.428571,172.408163,-339.843466
2571.428571,188.081633,-333.21123
2571.428571,203.755102,-323.158071
2571.428571,219.428571,-308.397873
2571.428571,235.102041,-287.3116
2571.428571,250.77551,-257.894218
2571.428571,266.44898,-217.697679
2571.428571,282.122449,-163.769972
2571.428571,297.795918,-92.590247
2571.428571,313.469388,0
2678.571429,-316.326531,0
2678.571429,-300.510204,-92.660675
2678.571429,-284.693878,-163.894542
2678.571429,-268.877551,-217.863268
2678.571429,-253.061224,-258.090382
2678.571429,-237.244898,-287.53014
2678.571429,-221.428571,-308.632452
2678.571429,-205.612245,-323.403878
2678.571429,-189.795918,-333.464683
2678.571429,-173.979592,-340.101964
2678.571429,-158.163265,-344.318837
2678.571429,-142.346939,-346.879689
2678.571429,-126.530612,-348.351499
2678.571429,-110.714286,-349.141219
2678.571429,-94.897959,-349.529223
2678.571429,-79.081633,-349.698819
2678.571429,-63.265306,-349.761829
2678.571429,-47.44898,-349.780231
2678.571429,-31.632653,-349.783866
2678.571429,-15.816327,-349.78421
2678.571429,0,-349.784216
2678.571429,15.816327,-349.78421
2678.571429,31.632653,-349.783866
2678.571429,47.44898,-349.780231
2678.571429,63.265306,-349.761829
2678.571429,79.081633,-349.698819
2678.571429,94.897959,-349.529223
2678.571429,110.714286,-349.141219
2678.571429,126.530612,-348.351499
2678.571429,142.346939,-346.879689
2678.571429,158.163265,-344.318837
2678.571429,173.979592,-340.101964
2678.571429,189.795918,-333.464683
2678.571429,205.612245,-323.403878
2678.571429,221.428571,-308.632452
2678.571429,237.244898,-287.53014
2678.571429,253.061224,-258.090382
2678.571429,268.877551,-217.863268
2678.571429,284.693878,-163.894542
2678.571429,300.510204,-92.660675
2678.571429,316.326531,0
2785.714286,-318.367347,0
2785.714286,-302.44898,-92.699403
2785.714286,-286.530612,-163.963043
2785.714286,-270.612245,-217.954325
2785.714286,-254.693878,-258.198252
2785.714286,-238.77551,-287.650315
2785.714286,-222.857143,-308.761447
2785.714286,-206.938776,-323.539046
2785.714286,-191.020408,-333.604056
2785.714286,-175.102041,-340.244112
2785.714286,-159.183673,-344.462747
2785.714286,-143.265306,-347.024669
2785.714286,-127.346939,-348.497095
2785.714286,-111.428571,-349.287145
2785.714286,-95.510204,-349.67531
2785.714286,-79.591837,-349.844977
2785.714286,-63.673469,-349.908014
2785.714286,-47.755102,-349.926424
2785.714286,-31.836735,-349.93006
2785.714286,-15.918367,-349.930404
2785.714286,0,-349.93041
2785.714286,15.918367,-349.930404
2785.714286,31.836735,-349.93006
2785.714286,47.755102,-349.926424
2785.714286,63.673469,-349.908014
2785.714286,79.591837,-349.844977
2785.714286,95.510204,-349.67531
2785.714286,111.428571,-349.287145
2785.714286,127.346939,-348.497095
2785.714286,143.265306,-347.024669
2785.714286,159.183673,-344.462747
2785.714286,175.102041,-340.244112
2785.714286,191.020408,-333.604056
2785.714286,206.938776,-323.539046
2785.714286,222.857143,-308.761447
2785.714286,238.77551,-287.650315
2785.714286,254.693878,-258.198252
2785.714286,270.612245,-217.954325
2785.714286,286.530612,-163.963043
2785.714286,302.44898,-92.699403
2785.714286,318.367347,0
2892.857143,-319.591837,0
2892.857143,-303.612245,-92.715175
2892.857143,-287.632653,-163.990939
2892.857143,-271.653061,-217.991407
2892.857143,-255.673469,-258.242181
2892.857143,-239.693878,-287.699254
2892.857143,-223.714286,-308.813978
2892.857143,-207.734694,-323.594092
2892.857143,-191.755102,-333.660814
2892.857143,-175.77551,-340.301999
2892.857143,-159.795918,-344.521352
2892.857143,-143.816327,-347.083711
2892.857143,-127.836735,-348.556386
2892.857143,-111.857143,-349.346571
2892.857143,-95.877551,-349.734803
2892.857143,-79.897959,-349.904498
2892.857143,-63.918367,-349.967546
2892.857143,-47.938776,-349.985959
2892.857143,-31.959184,-349.989595
2892.857143,-15.979592,-349.98994
2892.857143,0,-349.989945
2892.857143,15.979592,-349.98994
2892.857143,31.959184,-349.989595
2892.857143,47.938776,-349.985959
2892.857143,63.918367,-349.967546
2892.857143,79.897959,-349.904498
2892.857143,95.877551,-349.734803
2892.857143,111.857143,-349.346571
2892.857143,127.836735,-348.556386
2892.857143,143.816327,-347.083711
2892.857143,159.795918,-344.521352
2892.857143,175.77551,-340.301999
2892.857143,191.755102,-333.660814
2892.857143,207.734694,-323.594092
2892.857143,223.714286,-308.813978
2892.857143,239.693878,-287.699254
2892.857143,255.673469,-258.242181
2892.857143,271.653061,-217.991407
2892.857143,287.632653,-163.990939
2892.857143,303.612245,-92.715175
2892.857143,319.591837,0
3000,-320,0
3000,-304,-92.717838
3000,-288,-163.99565
3000,-272,-217.99767
3000,-256,-258.2496
3000,-240,-287.70752
3000,-224,-308.82285
3000,-208,-323.603388
3000,-192,-333.6704
3000,-176,-340.311776
3000,-160,-344.53125
3000,-144,-347.093682
3000,-128,-348.5664
3000,-112,-349.356607
3000,-96,-349.74485
3000,-80,-349.914551
3000,-64,-349.9776
3000,-48,-349.996013
3000,-32,-349.99965
3000,-16,-349.999995
3000,0,-350
3000,16,-349.999995
3000,32,-349.99965
3000,48,-349.996013
3000,64,-349.9776
3000,80,-349.914551
3000,96,-349.74485
3000,112,-349.356607
3000,128,-348.5664
3000,144,-347.093682
3000,160,-344.53125
3000,176,-340.311776
3000,192,-333.6704
3000,208,-323.603388
3000,224,-308.82285
3000,240,-287.70752
3000,256,-258.2496
3000,272,-217.99767
3000,288,-163.99565
3000,304,-92.717838
3000,320,0
3107.142857,-319.591837,0
3107.142857,-303.612245,-92.715175
3107.142857,-287.632653,-163.990939
3107.142857,-271.653061,-217.991407
3107.142857,-255.673469,-258.242181
3107.142857,-239.693878,-287.699254
3107.142857,-223.714286,-308.813978
3107.142857,-207.734694,-323.594092
3107.142857,-191.755102,-333.660814
3107.142857,-175.77551,-340.301999
3107.142857,-159.795918,-344.521352
3107.142857,-143.816327,-347.083711
3107.142857,-127.836735,-348.556386
3107.142857,-111.857143,-349.346571
3107.142857,-95.877551,-349.734803
3107.142857,-79.897959,-349.904498
3107.142857,-63.918367,-349.967546
3107.142857,-47.938776,-349.985959
3107.142857,-31.959184,-349.989595
3107.142857,-15.979592,-349.98994
3107.142857,0,-349.989945
3107.142857,15.979592,-349.98994
3107.142857,31.959184,-349.989595
3107.142857,47.938776,-349.985959
3107.142857,63.918367,-349.967546
3107.142857,79.897959,-349.904498
3107.142857,95.877551,-349.734803
3107.142857,111.857143,-349.346571
3107.142857,127.836735,-348.556386
3107.142857,143.816327,-347.083711
3107.142857,159.795918,-344.521352
3107.142857,175.77551,-340.301999
3107.142857,191.755102,-333.660814
3107.142857,207.734694,-323.594092
3107.142857,223.714286,-308.813978
3107.142857,239.693878,-287.699254
3107.142857,255.673469,-258.242181
3107.142857,271.653061,-217.991407
3107.142857,287.632653,-163.990939
3107.142857,303.612245,-92.715175
3107.142857,319.591837,0
3214.285714,-318.367347,0
3214.285714,-302.44898,-92.699403
3214.285714,-286.530612,-163.963043
3214.285714,-270.612245,-217.954325
3214.285714,-254.693878,-258.198252
3214.285714,-238.77551,-287.650315
3214.285714,-222.857143,-308.761447
3214.285714,-206.938776,-323.539046
3214.285714,-191.020408,-333.604056
3214.285714,-175.102041,-340.244112
3214.285714,-159.183673,-344.462747
3214.285714,-143.265306,-347.024669
3214.285714,-127.346939,-348.497095
3214.285714,-111.428571,-349.287145
3214.285714,-95.510204,-349.67531
3214.285714,-79.591837,-349.844977
3214.285714,-63.673469,-349.908014
3214.285714,-47.755102,-349.926424
3214.285714,-31.836735,-349.93006
3214.285714,-15.918367,-349.930404
3214.285714,0,-349.93041
3214.285714,15.918367,-349.930404
3214.285714,31.836735,-349.93006
3214.285714,47.755102,-349.926424
3214.285714,63.673469,-349.908014
3214.285714,79.591837,-349.844977
3214.285714,95.510204,-349.67531
3214.285714,111.428571,-349.287145
3214.285714,127.346939,-348.497095
3214.285714,143.265306,-347.024669
3214.285714,159.183673,-344.462747
3214.285714,175.102041,-340.244112
3214.285714,191.020408,-333.604056
3214.285714,206.938776,-323.539046
3214.285714,222.857143,-308.761447
3214.285714,238.77551,-287.650315
3214.285714,254.693878,-258.198252
3214.285714,270.612245,-217.954325
3214.285714,286.530612,-163.963043
3214.285714,302.44898,-92.699403
3214.285714,318.367347,0
3321.428571,-316.326531,0
3321.428571,-300.510204,-92.660675
3321.428571,-284.693878,-163.894542
3321.428571,-268.877551,-217.863268
3321.428571,-253.061224,-258.090382
3321.428571,-237.244898,-287.53014
3321.428571,-221.428571,-308.632452
3321.428571,-205.612245,-323.403878
3321.428571,-189.795918,-333.464683
3321.428571,-173.979592,-340.101964
3321.428571,-158.163265,-344.318837
3321.428571,-142.346939,-346.879689
3321.428571,-126.530612,-348.351499
3321.428571,-110.714286,-349.141219
3321.428571,-94.897959,-349.529223
3321.428571,-79.081633,-349.698819
3321.428571,-63.265306,-349.761829
3321.428571,-47.44898,-349.780231
3321.428571,-31.632653,-349.783866
3321.428571,-15.816327,-349.78421
3321.428571,0,-349.784216
3321.428571,15.816327,-349.78421
3321.428571,31.632653,-349.783866
3321.428571,47.44898,-349.780231
3321.428571,63.265306,-349.761829
3321.428571,79.081633,-349.698819
3321.428571,94.897959,-349.529223
3321.428571,110.714286,-349.141219
3321.428571,126.530612,-348.351499
3321.428571,142.346939,-346.879689
3321.428571,158.163265,-344.318837
3321.428571,173.979592,-340.101964
3321.428571,189.795918,-333.464683
3321.428571,205.612245,-323.403878
3321.428571,221.428571,-308.632452
3321.428571,237.244898,-287.53014
3321.428571,253.061224,-258.090382
3321.428571,268.877551,-217.863268
3321.428571,284.693878,-163.894542
3321.428571,300.510204,-92.660675
3321.428571,316.326531,0
3428.571429,-313.469388,0
3428.571429,-297.795918,-92.590247
3428.571429,-282.122449,-163.769972
3428.571429,-266.44898,-217.697679
3428.571429,-250.77551,-257.894218
3428.571429,-235.102041,-287.3116
3428.571429,-219.428571,-308.397873
3428.571429,-203.755102,-323.158071
3428.571429,-188.081633,-333.21123
3428.571429,-172.408163,-339.843466
3428.571429,-156.734694,-344.057134
3428.571429,-141.061224,-346.61604
3428.571429,-125.387755,-348.086731
3428.571429,-109.714286,-348.875851
3428.571429,-94.040816,-349.263559
3428.571429,-78.367347,-349.433027
3428.571429,-62.693878,-349.495989
3428.571429,-47.020408,-349.514377
3428.571429,-31.346939,-349.518009
3428.571429,-15.673469,-349.518353
3428.571429,0,-349.518358
3428.571429,15.673469,-349.518353
3428.571429,31.346939,-349.518009
3428.571429,47.020408,-349.514377
3428.571429,62.693878,-349.495989
3428.571429,78.367347,-349.433027
3428.571429,94.040816,-349.263559
3428.571429,109.714286,-348.875851
3428.571429,125.387755,-348.086731
3428.571429,141.061224,-346.61604
3428.571429,156.734694,-344.057134
3428.571429,172.408163,-339.843466
3428.571429,188.081633,-333.21123
3428.571429,203.755102,-323.158071
3428.571429,219.428571,-308.397873
3428.571429,235.102041,-287.3116
3428.571429,250.77551,-257.894218
3428.571429,266.44898,-217.697679
3428.571429,282.122449,-163.769972
3428.571429,297.795918,-92.590247
3428.571429,313.469388,0
3535.714286,-309.795918,0
3535.714286,-294.306122,-92.479993
3535.714286,-278.816327,-163.574958
3535.714286,-263.326531,-217.438448
3535.714286,-247.836735,-257.587122
3535.714286,-232.346939,-286.969474
3535.714286,-216.857143,-308.030638
3535.714286,-201.367347,-322.773261
3535.714286,-185.877551,-332.814448
3535.714286,-170.387755,-339.438787
3535.714286,-154.897959,-343.647437
3535.714286,-139.408163,-346.203296
3535.714286,-123.918367,-347.672236
3535.714286,-108.428571,-348.460416
3535.714286,-92.938776,-348.847663
3535.714286,-77.44898,-349.016928
3535.714286,-61.959184,-349.079815
3535.714286,-46.469388,-349.098182
3535.714286,-30.979592,-349.101809
3535.714286,-15.489796,-349.102153
3535.714286,0,-349.102158
3535.714286,15.489796,-349.102153
3535.714286,30.979592,-349.101809
3535.714286,46.469388,-349.098182
3535.714286,61.959184,-349.079815
3535.714286,77.44898,-349.016928
3535.714286,92.938776,-348.847663
3535.714286,108.428571,-348.460416
3535.714286,123.918367,-347.672236
3535.714286,139.408163,-346.203296
3535.714286,154.897959,-343.647437
3535.714286,170.387755,-339.438787
3535.714286,185.877551,-332.814448
3535.714286,201.367347,-322.773261
3535.714286,216.857143,-308.030638
3535.714286,232.346939,-286.969474
3535.714286,247.836735,-257.587122
3535.714286,263.326531,-217.438448
3535.714286,278.816327,-163.574958
3535.714286,294.306122,-92.479993
3535.714286,309.795918,0
3642.857143,-305.306122,0
3642.857143,-290.040816,-92.322208
3642.857143,-274.77551,-163.295874
3642.857143,-259.510204,-217.067465
3642.857143,-244.244898,-257.147639
3642.857143,-228.979592,-286.47986
3642.857143,-213.714286,-307.505091
3642.857143,-198.44898,-322.22256
3642.857143,-183.183673,-332.246615
3642.857143,-167.918367,-338.859652
3642.857143,-152.653061,-343.061121
3642.857143,-137.387755,-345.612619
3642.857143,-122.122449,-347.079053
3642.857143,-106.857143,-347.865888
3642.857143,-91.591837,-348.252475
3642.857143,-76.326531,-348.421451
3642.857143,-61.061224,-348.484232
3642.857143,-45.795918,-348.502566
3642.857143,-30.530612,-348.506187
3642.857143,-15.265306,-348.506531
3642.857143,0,-348.506536
3642.857143,15.265306,-348.506531
3642.857143,30.530612,-348.506187
3642.857143,45.795918,-348.502566
3642.857143,61.061224,-348.484232
3642.857143,76.326531,-348.421451
3642.857143,91.591837,-348.252475
3642.857143,106.857143,-347.865888
3642.857143,122.122449,-347.079053
3642.857143,137.387755,-345.612619
3642.857143,152.653061,-343.061121
3642.857143,167.918367,-338.859652
3642.857143,183.183673,-332.246615
3642.857143,198.44898,-322.22256
3642.857143,213.714286,-307.505091
3642.857143,228.979592,-286.47986
3642.857143,244.244898,-257.147639
3642.857143,259.510204,-217.067465
3642.857143,274.77551,-163.295874
3642.857143,290.040816,-92.322208
3642.857143,305.306122,0
3750,-300,0
3750,-285,-92.109509
3750,-270,-162.919662
3750,-255,-216.56737
3750,-240,-256.555204
3750,-225,-285.819848
3750,-210,-306.796639
3750,-195,-321.480201
3750,-180,-331.481162
3750,-165,-338.078964
3750,-150,-342.270754
3750,-135,-344.816373
3750,-120,-346.279429
3750,-105,-347.064451
3750,-90,-347.450147
3750,-75,-347.618734
3750,-60,-347.68137
3750,-45,-347.699662
3750,-30,-347.703275
3750,-15,-347.703617
3750,0,-347.703623
3750,15,-347.703617
3750,30,-347.703275
3750,45,-347.699662
3750,60,-347.68137
3750,75,-347.618734
3750,90,-347.450147
3750,105,-347.064451
3750,120,-346.279429
3750,135,-344.816373
3750,150,-342.270754
3750,165,-338.078964
3750,180,-331.481162
3750,195,-321.480201
3750,210,-306.796639
3750,225,-285.819848
3750,240,-256.555204
3750,255,-216.56737
3750,270,-162.919662
3750,285,-92.109509
3750,300,0
3857.142857,-293.877551,0
3857.142857,-279.183673,-91.834771
3857.142857,-264.489796,-162.433715
3857.142857,-249.795918,-215.921406
3857.142857,-235.102041,-255.789967
3857.142857,-220.408163,-284.967322
3857.142857,-205.714286,-305.881544
3857.142857,-191.020408,-320.521309
3857.142857,-176.326531,-330.49244
3857.142857,-161.632653,-337.070562
3857.142857,-146.938776,-341.249849
3857.142857,-132.244898,-343.787875
3857.142857,-117.55102,-345.246567
3857.142857,-102.857143,-346.029248
3857.142857,-88.163265,-346.413793
3857.142857,-73.469388,-346.581878
3857.142857,-58.77551,-346.644326
3857.142857,-44.081633,-346.662564
3857.142857,-29.387755,-346.666166
3857.142857,-14.693878,-346.666508
3857.142857,0,-346.666513
3857.142857,14.693878,-346.666508
3857.142857,29.387755,-346.666166
3857.142857,44.081633,-346.662564
3857.142857,58.77551,-346.644326
3857.142857,73.469388,-346.581878
3857.142857,88.163265,-346.413793
3857.142857,102.857143,-346.029248
3857.142857,117.55102,-345.246567
3857.142857,132.244898,-343.787875
3857.142857,146.938776,-341.249849
3857.142857,161.632653,-337.070562
3857.142857,176.326531,-330.49244
3857.142857,191.020408,-320.521309
3857.142857,205.714286,-305.881544
3857.142857,220.408163,-284.967322
3857.142857,235.102041,-255.789967
3857.142857,249.795918,-215.921406
3857.142857,264.489796,-162.433715
3857.142857,279.183673,-91.834771
3857.142857,293.877551,0
3964.285714,-286.938776,0
3964.285714,-272.591837,-91.491075
3964.285714,-258.244898,-161.8258
3964.285714,-243.897959,-215.113311
3964.285714,-229.55102,-254.832662
3964.285714,-215.204082,-283.90082
3964.285714,-200.857143,-304.73677
3964.285714,-186.510204,-319.321745
3964.285714,-172.163265,-329.255559
3964.285714,-157.816327,-335.809061
3964.285714,-143.469388,-339.972707
3964.285714,-129.122449,-342.501235
3964.285714,-114.77551,-343.954468
3964.285714,-100.428571,-344.734219
3964.285714,-86.081633,-345.117325
3964.285714,-71.734694,-345.284781
3964.285714,-57.387755,-345.346996
3964.285714,-43.040816,-345.365165
3964.285714,-28.693878,-345.368754
3964.285714,-14.346939,-345.369094
3964.285714,0,-345.369099
3964.285714,14.346939,-345.369094
3964.285714,28.693878,-345.368754
3964.285714,43.040816,-345.365165
3964.285714,57.387755,-345.346996
3964.285714,71.734694,-345.284781
3964.285714,86.081633,-345.117325
3964.285714,100.428571,-344.734219
3964.285714,114.77551,-343.954468
3964.285714,129.122449,-342.501235
3964.285714,143.469388,-339.972707
3964.285714,157.816327,-335.809061
3964.285714,172.163265,-329.255559
3964.285714,186.510204,-319.321745
3964.285714,200.857143,-304.73677
3964.285714,215.204082,-283.90082
3964.285714,229.55102,-254.832662
3964.285714,243.897959,-215.113311
3964.285714,258.244898,-161.8258
3964.285714,272.591837,-91.491075
3964.285714,286.938776,0
4071.428571,-279.183673,0
4071.428571,-265.22449,-91.071687
4071.428571,-251.265306,-161.084002
4071.428571,-237.306122,-214.127247
4071.428571,-223.346939,-253.664527
4071.428571,-209.387755,-282.599438
4071.428571,-195.428571,-303.339878
4071.428571,-181.469388,-317.857997
4071.428571,-167.510204,-327.746274
4071.428571,-153.55102,-334.269736
4071.428571,-139.591837,-338.414296
4071.428571,-125.632653,-340.931234
4071.428571,-111.673469,-342.377805
4071.428571,-97.714286,-343.153982
4071.428571,-83.755102,-343.535332
4071.428571,-69.795918,-343.70202
4071.428571,-55.836735,-343.763949
4071.428571,-41.877551,-343.782036
4071.428571,-27.918367,-343.785608
4071.428571,-13.959184,-343.785946
4071.428571,0,-343.785952
4071.428571,13.959184,-343.785946
4071.428571,27.918367,-343.785608
4071.428571,41.877551,-343.782036
4071.428571,55.836735,-343.763949
4071.428571,69.795918,-343.70202
4071.428571,83.755102,-343.535332
4071.428571,97.714286,-343.153982
4071.428571,111.673469,-342.377805
4071.428571,125.632653,-340.931234
4071.428571,139.591837,-338.414296
4071.428571,153.55102,-334.269736
4071.428571,167.510204,-327.746274
4071.428571,181.469388,-317.857997
4071.428571,195.428571,-303.339878
4071.428571,209.387755,-282.599438
4071.428571,223.346939,-253.664527
4071.428571,237.306122,-214.127247
4071.428571,251.265306,-161.084002
4071.428571,265.22449,-91.071687
4071.428571,279.183673,0
4178.571429,-270.612245,0
4178.571429,-257.081633,-90.570023
4178.571429,-243.55102,-160.19668
4178.571429,-230.020408,-212.947739
4178.571429,-216.489796,-252.267231
4178.571429,-202.959184,-281.042756
4178.571429,-189.428571,-301.668948
4178.571429,-175.897959,-316.107094
4178.571429,-162.367347,-325.940903
4178.571429,-148.836735,-332.428431
4178.571429,-135.306122,-336.550161
4178.571429,-121.77551,-339.053234
4178.571429,-108.244898,-340.491836
4178.571429,-94.714286,-341.263738
4178.571429,-81.183673,-341.642987
4178.571429,-67.653061,-341.808757
4178.571429,-54.122449,-341.870345
4178.571429,-40.591837,-341.888332
4178.571429,-27.061224,-341.891885
4178.571429,-13.530612,-341.892221
4178.571429,0,-341.892227
4178.571429,13.530612,-341.892221
4178.571429,27.061224,-341.891885
4178.571429,40.591837,-341.888332
4178.571429,54.122449,-341.870345
4178.571429,67.653061,-341.808757
4178.571429,81.183673,-341.642987
4178.571429,94.714286,-341.263738
4178.571429,108.244898,-340.491836
4178.571429,121.77551,-339.053234
4178.571429,135.306122,-336.550161
4178.571429,148.836735,-332.428431
4178.571429,162.367347,-325.940903
4178.571429,175.897959,-316.107094
4178.571429,189.428571,-301.668948
4178.571429,202.959184,-281.042756
4178.571429,216.489796,-252.267231
4178.571429,230.020408,-212.947739
4178.571429,243.55102,-160.19668
4178.571429,257.081633,-90.570023
4178.571429,270.612245,0
4285.714286,-261.22449,0
4285.714286,-248.163265,-89.979641
4285.714286,-235.102041,-159.152435
4285.714286,-222.040816,-211.559635
4285.714286,-208.979592,-250.622822
4285.714286,-195.918367,-279.210773
4285.714286,-182.857143,-299.702514
4285.714286,-169.795918,-314.046544
4285.714286,-156.734694,-323.816251
4285.714286,-143.673469,-330.26149
4285.714286,-130.612245,-334.356352
4285.714286,-117.55102,-336.843109
4285.714286,-104.489796,-338.272334
4285.714286,-91.428571,-339.039204
4285.714286,-78.367347,-339.415981
4285.714286,-65.306122,-339.58067
4285.714286,-52.244898,-339.641857
4285.714286,-39.183673,-339.659727
4285.714286,-26.122449,-339.663256
4285.714286,-13.061224,-339.663591
4285.714286,0,-339.663596
4285.714286,13.061224,-339.663591
4285.714286,26.122449,-339.663256
4285.714286,39.183673,-339.659727
4285.714286,52.244898,-339.641857
4285.714286,65.306122,-339.58067
4285.714286,78.367347,-339.415981
4285.714286,91.428571,-339.039204
4285.714286,104.489796,-338.272334
4285.714286,117.55102,-336.843109
4285.714286,130.612245,-334.356352
4285.714286,143.673469,-330.26149
4285.714286,156.734694,-323.816251
4285.714286,169.795918,-314.046544
4285.714286,182.857143,-299.702514
4285.714286,195.918367,-279.210773
4285.714286,208.979592,-250.622822
4285.714286,222.040816,-211.559635
4285.714286,235.102041,-159.152435
4285.714286,248.163265,-89.979641
4285.714286,261.22449,0
4392.857143,-251.020408,0
4392.857143,-238.469388,-89.294217
4392.857143,-225.918367,-157.940083
4392.857143,-213.367347,-209.948069
4392.857143,-200.816327,-248.71369
4392.857143,-188.265306,-277.083871
4392.857143,-175.714286,-297.419515
4392.857143,-163.163265,-311.654279
4392.857143,-150.612245,-321.349565
4392.857143,-138.061224,-327.745707
4392.857143,-125.510204,-331.809376
4392.857143,-112.959184,-334.27719
4392.857143,-100.408163,-335.695527
4392.857143,-87.857143,-336.456556
4392.857143,-75.306122,-336.830463
4392.857143,-62.755102,-336.993897
4392.857143,-50.204082,-337.054619
4392.857143,-37.653061,-337.072352
4392.857143,-25.102041,-337.075854
4392.857143,-12.55102,-337.076186
4392.857143,0,-337.076191
4392.857143,12.55102,-337.076186
4392.857143,25.102041,-337.075854
4392.857143,37.653061,-337.072352
4392.857143,50.204082,-337.054619
4392.857143,62.755102,-336.993897
4392.857143,75.306122,-336.830463
4392.857143,87.857143,-336.456556
4392.857143,100.408163,-335.695527
4392.857143,112.959184,-334.27719
4392.857143,125.510204,-331.809376
4392.857143,138.061224,-327.745707
4392.857143,150.612245,-321.349565
4392.857143,163.163265,-311.654279
4392.857143,175.714286,-297.419515
4392.857143,188.265306,-277.083871
4392.857143,200.816327,-248.71369
4392.857143,213.367347,-209.948069
4392.857143,225.918367,-157.940083
4392.857143,238.469388,-89.294217
4392.857143,251.020408,0
4500,-240,0
4500,-228,-88.507537
4500,-216,-156.548635
4500,-204,-208.098431
4500,-192,-246.522528
4500,-180,-274.642769
4500,-168,-294.799255
4500,-156,-308.908612
4500,-144,-318.518482
4500,-132,-324.858274
4500,-120,-328.886143
4500,-108,-331.332215
4500,-96,-332.738057
4500,-84,-333.492381
4500,-72,-333.862994
4500,-60,-334.024989
4500,-48,-334.085175
4500,-36,-334.102752
4500,-24,-334.106224
4500,-12,-334.106553
4500,0,-334.106558
4500,12,-334.106553
4500,24,-334.106224
4500,36,-334.102752
4500,48,-334.085175
4500,60,-334.024989
4500,72,-333.862994
4500,84,-333.492381
4500,96,-332.738057
4500,108,-331.332215
4500,120,-328.886143
4500,132,-324.858274
4500,144,-318.518482
4500,156,-308.908612
4500,168,-294.799255
4500,180,-274.642769
4500,192,-246.522528
4500,204,-208.098431
4500,216,-156.548635
4500,228,-88.507537
4500,240,0
4607.142857,-228.163265,0
4607.142857,-216.755102,-87.613487
4607.142857,-205.346939,-154.967275
4607.142857,-193.938776,-205.996346
4607.142857,-182.530612,-244.032306
4607.142857,-171.122449,-271.868493
4607.142857,-159.714286,-291.821371
4607.142857,-148.306122,-305.788203
4607.142857,-136.897959,-315.301
4607.142857,-125.489796,-321.576752
4607.142857,-114.081633,-325.563933
4607.142857,-102.673469,-327.985297
4607.142857,-91.265306,-329.376938
4607.142857,-79.857143,-330.123642
4607.142857,-68.44898,-330.490511
4607.142857,-57.040816,-330.65087
4607.142857,-45.632653,-330.710448
4607.142857,-34.22449,-330.727847
4607.142857,-22.816327,-330.731284
4607.142857,-11.408163,-330.731609
4607.142857,0,-330.731615
4607.142857,11.408163,-330.731609
4607.142857,22.816327,-330.731284
4607.142857,34.22449,-330.727847
4607.142857,45.632653,-330.710448
4607.142857,57.040816,-330.65087
4607.142857,68.44898,-330.490511
4607.142857,79.857143,-330.123642
4607.142857,91.265306,-329.376938
4607.142857,102.673469,-327.985297
4607.142857,114.081633,-325.563933
4607.142857,125.489796,-321.576752
4607.142857,136.897959,-315.301
4607.142857,148.306122,-305.788203
4607.142857,159.714286,-291.821371
4607.142857,171.122449,-271.868493
4607.142857,182.530612,-244.032306
4607.142857,193.938776,-205.996346
4607.142857,205.346939,-154.967275
4607.142857,216.755102,-87.613487
4607.142857,228.163265,0
4714.285714,-215.510204,0
4714.285714,-204.734694,-86.606044
4714.285714,-193.959184,-153.185349
4714.285714,-183.183673,-203.627652
4714.285714,-172.408163,-241.226247
4714.285714,-161.632653,-268.742353
4714.285714,-150.857143,-288.465799
4714.285714,-140.081633,-302.27203
4714.285714,-129.306122,-311.675442
4714.285714,-118.530612,-317.879031
4714.285714,-107.755102,-321.820365
4714.285714,-96.979592,-324.213886
4714.285714,-86.204082,-325.589525
4714.285714,-75.428571,-326.327643
4714.285714,-64.653061,-326.690293
4714.285714,-53.877551,-326.848808
4714.285714,-43.102041,-326.907701
4714.285714,-32.326531,-326.9249
4714.285714,-21.55102,-326.928297
4714.285714,-10.77551,-326.928619
4714.285714,0,-326.928624
4714.285714,10.77551,-326.928619
4714.285714,21.55102,-326.928297
4714.285714,32.326531,-326.9249
4714.285714,43.102041,-326.907701
4714.285714,53.877551,-326.848808
4714.285714,64.653061,-326.690293
4714.285714,75.428571,-326.327643
4714.285714,86.204082,-325.589525
4714.285714,96.979592,-324.213886
4714.285714,107.755102,-321.820365
4714.285714,118.530612,-317.879031
4714.285714,129.306122,-311.675442
4714.285714,140.081633,-302.27203
4714.285714,150.857143,-288.465799
4714.285714,161.632653,-268.742353
4714.285714,172.408163,-241.226247
4714.285714,183.183673,-203.627652
4714.285714,193.959184,-153.185349
4714.285714,204.734694,-86.606044
4714.285714,215.510204,0
4821.428571,-202.040816,0
4821.428571,-191.938776,-85.479268
4821.428571,-181.836735,-151.192352
4821.428571,-171.734694,-200.978382
4821.428571,-161.632653,-238.087806
4821.428571,-151.530612,-265.245918
4821.428571,-141.428571,-284.712754
4821.428571,-131.326531,-298.339361
4821.428571,-121.22449,-307.620432
4821.428571,-111.122449,-313.743309
4821.428571,-101.020408,-317.633365
4821.428571,-90.918367,-319.995745
4821.428571,-80.816327,-321.353487
4821.428571,-70.714286,-322.082002
4821.428571,-60.612245,-322.439934
4821.428571,-50.510204,-322.596386
4821.428571,-40.408163,-322.654513
4821.428571,-30.306122,-322.671489
4821.428571,-20.204082,-322.674842
4821.428571,-10.102041,-322.675159
4821.428571,0,-322.675164
4821.428571,10.102041,-322.675159
4821.428571,20.204082,-322.674842
4821.428571,30.306122,-322.671489
4821.428571,40.408163,-322.654513
4821.428571,50.510204,-322.596386
4821.428571,60.612245,-322.439934
4821.428571,70.714286,-322.082002
4821.428571,80.816327,-321.353487
4821.428571,90.918367,-319.995745
4821.428571,101.020408,-317.633365
4821.428571,111.122449,-313.743309
4821.428571,121.22449,-307.620432
4821.428571,131.326531,-298.339361
4821.428571,141.428571,-284.712754
4821.428571,151.530612,-265.245918
4821.428571,161.632653,-238.087806
4821.428571,171.734694,-200.978382
4821.428571,181.836735,-151.192352
4821.428571,191.938776,-85.479268
4821.428571,202.040816,0
4928.571429,-187.755102,0
4928.571429,-178.367347,-84.227296
4928.571429,-168.979592,-148.977914
4928.571429,-159.591837,-198.034753
4928.571429,-150.204082,-234.600654
4928.571429,-140.816327,-261.360994
4928.571429,-131.428571,-280.542709
4928.571429,-122.040816,-293.969735
4928.571429,-112.653061,-303.11487
4928.571429,-103.265306,-309.148069
4928.571429,-93.877551,-312.981149
4928.571429,-84.489796,-315.308929
4928.571429,-75.102041,-316.646784
4928.571429,-65.714286,-317.364629
4928.571429,-56.326531,-317.717319
4928.571429,-46.938776,-317.871479
4928.571429,-37.55102,-317.928755
4928.571429,-28.163265,-317.945482
4928.571429,-18.77551,-317.948786
4928.571429,-9.387755,-317.949099
4928.571429,0,-317.949104
4928.571429,9.387755,-317.949099
4928.571429,18.77551,-317.948786
4928.571429,28.163265,-317.945482
4928.571429,37.55102,-317.928755
4928.571429,46.938776,-317.871479
4928.571429,56.326531,-317.717319
4928.571429,65.714286,-317.364629
4928.571429,75.102041,-316.646784
4928.571429,84.489796,-315.308929
4928.571429,93.877551,-312.981149
4928.571429,103.265306,-309.148069
4928.571429,112.653061,-303.11487
4928.571429,122.040816,-293.969735
4928.571429,131.428571,-280.542709
4928.571429,140.816327,-261.360994
4928.571429,150.204082,-234.600654
4928.571429,159.591837,-198.034753
4928.571429,168.979592,-148.977914
4928.571429,178.367347,-84.227296
4928.571429,187.755102,0
5035.714286,-172.653061,0
5035.714286,-164.020408,-82.844337
5035.714286,-155.387755,-146.531791
5035.714286,-146.755102,-194.783149
5035.714286,-138.122449,-230.74866
5035.714286,-129.489796,-257.069613
5035.714286,-120.857143,-275.936377
5035.714286,-112.22449,-289.142939
5035.714286,-103.591837,-298.137917
5035.714286,-94.959184,-304.072054
5035.714286,-86.326531,-307.842198
5035.714286,-77.693878,-310.131757
5035.714286,-69.061224,-311.447645
5035.714286,-60.428571,-312.153703
5035.714286,-51.795918,-312.500603
5035.714286,-43.163265,-312.652232
5035.714286,-34.530612,-312.708567
5035.714286,-25.897959,-312.725019
5035.714286,-17.265306,-312.728269
5035.714286,-8.632653,-312.728577
5035.714286,0,-312.728582
5035.714286,8.632653,-312.728577
5035.714286,17.265306,-312.728269
5035.714286,25.897959,-312.725019
5035.714286,34.530612,-312.708567
5035.714286,43.163265,-312.652232
5035.714286,51.795918,-312.500603
5035.714286,60.428571,-312.153703
5035.714286,69.061224,-311.447645
5035.714286,77.693878,-310.131757
5035.714286,86.326531,-307.842198
5035.714286,94.959184,-304.072054
5035.714286,103.591837,-298.137917
5035.714286,112.22449,-289.142939
5035.714286,120.857143,-275.936377
5035.714286,129.489796,-257.069613
5035.714286,138.122449,-230.74866
5035.714286,146.755102,-194.783149
5035.714286,155.387755,-146.531791
5035.714286,164.020408,-82.844337
5035.714286,172.653061,0
5142.857143,-156.734694,0
5142.857143,-148.897959,-81.324668
5142.857143,-141.061224,-143.84386
5142.857143,-133.22449,-191.21011
5142.857143,-125.387755,-226.515883
5142.857143,-117.55102,-252.354012
5142.857143,-109.714286,-270.87469
5142.857143,-101.877551,-283.838996
5142.857143,-94.040816,-292.668973
5142.857143,-86.204082,-298.494256
5142.857143,-78.367347,-302.195241
5142.857143,-70.530612,-304.442801
5142.857143,-62.693878,-305.734552
5142.857143,-54.857143,-306.427658
5142.857143,-47.020408,-306.768194
5142.857143,-39.183673,-306.917042
5142.857143,-31.346939,-306.972344
5142.857143,-23.510204,-306.988494
5142.857143,-15.673469,-306.991684
5142.857143,-7.836735,-306.991986
5142.857143,0,-306.991991
5142.857143,7.836735,-306.991986
5142.857143,15.673469,-306.991684
5142.857143,23.510204,-306.988494
5142.857143,31.346939,-306.972344
5142.857143,39.183673,-306.917042
5142.857143,47.020408,-306.768194
5142.857143,54.857143,-306.427658
5142.857143,62.693878,-305.734552
5142.857143,70.530612,-304.442801
5142.857143,78.367347,-302.195241
5142.857143,86.204082,-298.494256
5142.857143,94.040816,-292.668973
5142.857143,101.877551,-283.838996
5142.857143,109.714286,-270.87469
5142.857143,117.55102,-252.354012
5142.857143,125.387755,-226.515883
5142.857143,133.22449,-191.21011
5142.857143,141.061224,-143.84386
5142.857143,148.897959,-81.324668
5142.857143,156.734694,0
5250,-140,0
5250,-133,-79.662626
5250,-126,-140.904107
5250,-119,-187.302327
5250,-112,-221.886552
5250,-105,-247.196624
5250,-98,-265.338793
5250,-91,-278.038146
5250,-84,-286.687663
5250,-77,-292.393895
5250,-70,-296.019243
5250,-63,-298.220869
5250,-56,-299.48622
5250,-49,-300.165161
5250,-42,-300.498737
5250,-35,-300.644543
5250,-28,-300.698715
5250,-21,-300.714535
5250,-14,-300.71766
5250,-7,-300.717956
5250,0,-300.717961
5250,7,-300.717956
5250,14,-300.71766
5250,21,-300.714535
5250,28,-300.698715
5250,35,-300.644543
5250,42,-300.498737
5250,49,-300.165161
5250,56,-299.48622
5250,63,-298.220869
5250,70,-296.019243
5250,77,-292.393895
5250,84,-286.687663
5250,91,-278.038146
5250,98,-265.338793
5250,105,-247.196624
5250,112,-221.886552
5250,119,-187.302327
5250,126,-140.904107
5250,133,-79.662626
5250,140,0
5357.142857,-122.44898,0
5357.142857,-116.326531,-77.85261
5357.142857,-110.204082,-137.702622
5357.142857,-104.081633,-183.046627
5357.142857,-97.959184,-216.845063
5357.142857,-91.836735,-241.580065
5357.142857,-85.714286,-259.310025
5357.142857,-79.591837,-271.720835
5357.142857,-73.469388,-280.173827
5357.142857,-67.346939,-285.750407
5357.142857,-61.22449,-289.293383
5357.142857,-55.102041,-291.444987
5357.142857,-48.979592,-292.681587
5357.142857,-42.857143,-293.345102
5357.142857,-36.734694,-293.671099
5357.142857,-30.612245,-293.813592
5357.142857,-24.489796,-293.866533
5357.142857,-18.367347,-293.881994
5357.142857,-12.244898,-293.885048
5357.142857,-6.122449,-293.885337
5357.142857,0,-293.885342
5357.142857,6.122449,-293.885337
5357.142857,12.244898,-293.885048
5357.142857,18.367347,-293.881994
5357.142857,24.489796,-293.866533
5357.142857,30.612245,-293.813592
5357.142857,36.734694,-293.671099
5357.142857,42.857143,-293.345102
5357.142857,48.979592,-292.681587
5357.142857,55.102041,-291.444987
5357.142857,61.22449,-289.293383
5357.142857,67.346939,-285.750407
5357.142857,73.469388,-280.173827
5357.142857,79.591837,-271.720835
5357.142857,85.714286,-259.310025
5357.142857,91.836735,-241.580065
5357.142857,97.959184,-216.845063
5357.142857,104.081633,-183.046627
5357.142857,110.204082,-137.702622
5357.142857,116.326531,-77.85261
5357.142857,122.44898,0
5464.285714,-104.081633,0
5464.285714,-98.877551,-75.889073
5464.285714,-93.673469,-134.229594
5464.285714,-88.469388,-178.429969
5464.285714,-83.265306,-211.375966
5464.285714,-78.061224,-235.487121
5464.285714,-72.857143,-252.769911
5464.285714,-67.653061,-264.867705
5464.285714,-62.44898,-273.107502
5464.285714,-57.244898,-278.543434
5464.285714,-52.040816,-281.997052
5464.285714,-46.836735,-284.094389
5464.285714,-41.632653,-285.299801
5464.285714,-36.428571,-285.946582
5464.285714,-31.22449,-286.264357
5464.285714,-26.020408,-286.403256
5464.285714,-20.816327,-286.454861
5464.285714,-15.612245,-286.469932
5464.285714,-10.408163,-286.472909
5464.285714,-5.204082,-286.473191
5464.285714,0,-286.473196
5464.285714,5.204082,-286.473191
5464.285714,10.408163,-286.472909
5464.285714,15.612245,-286.469932
5464.285714,20.816327,-286.454861
5464.285714,26.020408,-286.403256
5464.285714,31.22449,-286.264357
5464.285714,36.428571,-285.946582
5464.285714,41.632653,-285.299801
5464.285714,46.836735,-284.094389
5464.285714,52.040816,-281.997052
5464.285714,57.244898,-278.543434
5464.285714,62.44898,-273.107502
5464.285714,67.653061,-264.867705
5464.285714,72.857143,-252.769911
5464.285714,78.061224,-235.487121
5464.285714,83.265306,-211.375966
5464.285714,88.469388,-178.429969
5464.285714,93.673469,-134.229594
5464.285714,98.877551,-75.889073
5464.285714,104.081633,0
5571.428571,-84.897959,0
5571.428571,-80.653061,-73.766519
5571.428571,-76.408163,-130.475305
5571.428571,-72.163265,-173.439432
5571.428571,-67.918367,-205.463958
5571.428571,-63.673469,-228.900744
5571.428571,-59.428571,-245.700148
5571.428571,-55.183673,-257.459578
5571.428571,-50.938776,-265.468915
5571.428571,-46.693878,-270.752808
5571.428571,-42.44898,-274.109831
5571.428571,-38.204082,-276.148508
5571.428571,-33.959184,-277.320205
5571.428571,-29.714286,-277.948896
5571.428571,-25.469388,-278.257783
5571.428571,-21.22449,-278.392797
5571.428571,-16.979592,-278.442959
5571.428571,-12.734694,-278.457609
5571.428571,-8.489796,-278.460502
5571.428571,-4.244898,-278.460777
5571.428571,0,-278.460781
5571.428571,4.244898,-278.460777
5571.428571,8.489796,-278.460502
5571.428571,12.734694,-278.457609
5571.428571,16.979592,-278.442959
5571.428571,21.22449,-278.392797
5571.428571,25.469388,-278.257783
5571.428571,29.714286,-277.948896
5571.428571,33.959184,-277.320205
5571.428571,38.204082,-276.148508
5571.428571,42.44898,-274.109831
5571.428571,46.693878,-270.752808
5571.428571,50.938776,-265.468915
5571.428571,55.183673,-257.459578
5571.428571,59.428571,-245.700148
5571.428571,63.673469,-228.900744
5571.428571,67.918367,-205.463958
5571.428571,72.163265,-173.439432
5571.428571,76.408163,-130.475305
5571.428571,80.653061,-73.766519
5571.428571,84.897959,0
5678.571429,-64.897959,0
5678.571429,-61.653061,-71.479501
5678.571429,-58.408163,-126.430118
5678.571429,-55.163265,-168.062208
5678.571429,-51.918367,-199.093862
5678.571429,-48.673469,-221.804027
5678.571429,-45.428571,-238.082591
5678.571429,-42.183673,-249.477437
5678.571429,-38.938776,-257.238457
5678.571429,-35.693878,-262.358531
5678.571429,-32.44898,-265.611475
5678.571429,-29.204082,-267.586946
5678.571429,-25.959184,-268.722317
5678.571429,-22.714286,-269.331516
5678.571429,-19.469388,-269.630826
5678.571429,-16.22449,-269.761654
5678.571429,-12.979592,-269.810261
5678.571429,-9.734694,-269.824457
5678.571429,-6.489796,-269.82726
5678.571429,-3.244898,-269.827526
5678.571429,0,-269.82753
5678.571429,3.244898,-269.827526
5678.571429,6.489796,-269.82726
5678.571429,9.734694,-269.824457
5678.571429,12.979592,-269.810261
5678.571429,16.22449,-269.761654
5678.571429,19.469388,-269.630826
5678.571429,22.714286,-269.331516
5678.571429,25.959184,-268.722317
5678.571429,29.204082,-267.586946
5678.571429,32.44898,-265.611475
5678.571429,35.693878,-262.358531
5678.571429,38.938776,-257.238457
5678.571429,42.183673,-249.477437
5678.571429,45.428571,-238.082591
5678.571429,48.673469,-221.804027
5678.571429,51.918367,-199.093862
5678.571429,55.163265,-168.062208
5678.571429,58.408163,-126.430118
5678.571429,61.653061,-71.479501
5678.571429,64.897959,0
5785.714286,-44.081633,0
5785.714286,-41.877551,-69.021254
5785.714286,-39.673469,-122.082067
5785.714286,-37.469388,-162.282391
5785.714286,-35.265306,-192.246837
5785.714286,-33.061224,-214.175978
5785.714286,-30.857143,-229.894707
5785.714286,-28.653061,-240.897674
5785.714286,-26.44898,-248.391785
5785.714286,-24.244898,-253.335775
5785.714286,-22.040816,-256.476847
5785.714286,-19.836735,-258.384379
5785.714286,-17.632653,-259.480704
5785.714286,-15.428571,-260.068952
5785.714286,-13.22449,-260.357969
5785.714286,-11.020408,-260.484298
5785.714286,-8.816327,-260.531233
5785.714286,-6.612245,-260.54494
5785.714286,-4.408163,-260.547647
5785.714286,-2.204082,-260.547904
5785.714286,0,-260.547908
5785.714286,2.204082,-260.547904
5785.714286,4.408163,-260.547647
5785.714286,6.612245,-260.54494
5785.714286,8.816327,-260.531233
5785.714286,11.020408,-260.484298
5785.714286,13.22449,-260.357969
5785.714286,15.428571,-260.068952
5785.714286,17.632653,-259.480704
5785.714286,19.836735,-258.384379
5785.714286,22.040816,-256.476847
5785.714286,24.244898,-253.335775
5785.714286,26.44898,-248.391785
5785.714286,28.653061,-240.897674
5785.714286,30.857143,-229.894707
5785.714286,33.061224,-214.175978
5785.714286,35.265306,-192.246837
5785.714286,37.469388,-162.282391
5785.714286,39.673469,-122.082067
5785.714286,41.877551,-69.021254
5785.714286,44.081633,0
5892.857143,-22.44898,0
5892.857143,-21.326531,-62.317039
5892.857143,-20.204082,-110.223917
5892.857143,-19.081633,-146.519478
5892.857143,-17.959184,-173.573399
5892.857143,-16.836735,-193.372505
5892.857143,-15.714286,-207.564433
5892.857143,-14.591837,-217.498653
5892.857143,-13.469388,-224.264841
5892.857143,-12.346939,-228.728609
5892.857143,-11.22449,-231.56458
5892.857143,-10.102041,-233.286829
5892.857143,-8.979592,-234.276665
5892.857143,-7.857143,-234.807774
5892.857143,-6.734694,-235.068718
5892.857143,-5.612245,-235.182777
5892.857143,-4.489796,-235.225153
5892.857143,-3.367347,-235.237529
5892.857143,-2.244898,-235.239973
5892.857143,-1.122449,-235.240205
5892.857143,0,-235.240208
5892.857143,1.122449,-235.240205
5892.857143,2.244898,-235.239973
5892.857143,3.367347,-235.237529
5892.857143,4.489796,-235.225153
5892.857143,5.612245,-235.182777
5892.857143,6.734694,-235.068718
5892.857143,7.857143,-234.807774
5892.857143,8.979592,-234.276665
5892.857143,10.102041,-233.286829
5892.857143,11.22449,-231.56458
5892.857143,12.346939,-228.728609
5892.857143,13.469388,-224.264841
5892.857143,14.591837,-217.498653
5892.857143,15.714286,-207.564433
5892.857143,16.836735,-193.372505
5892.857143,17.959184,-173.573399
5892.857143,19.081633,-146.519478
5892.857143,20.204082,-110.223917
5892.857143,21.326531,-62.317039
5892.857143,22.44898,0
6000,0,0
