{2825,-286.5, 0}
{2825,-281.895224, -55.03285}
{2825,-275.666333, -109.906456}
{2825,-268.115657, -164.614096}
{2825,-258.372596, -218.967505}
{2825,-243.805756, -272.193304}
{2825,-216.255223, -319.476311}
{2825,-165.650675, -338.550242}
{2825,-110.455293, -339.954147}
{2825,-55.227655, -339.979971}
{2825,0, -339.980011}
{2825,55.227655, -339.979971}
{2825,110.455293, -339.954147}
{2825,165.650675, -338.550242}
{2825,216.255223, -319.476311}
{2825,243.805756, -272.193304}
{2825,258.372596, -218.967505}
{2825,268.115657, -164.614096}
{2825,275.666333, -109.906456}
{2825,281.895224, -55.03285}
{2825,286.5, 0}
{2925.892857,-286.322068, 0}
{2925.892857,-281.72156, -55.018592}
{2925.892857,-275.498691, -109.878221}
{2925.892857,-267.955513, -164.572193}
{2925.892857,-258.22374, -218.912847}
{2925.892857,-243.677358, -272.129315}
{2925.892857,-216.174429, -319.425799}
{2925.892857,-165.606728, -338.54514}
{2925.892857,-110.426155, -339.954046}
{2925.892857,-55.213086, -339.979971}
{2925.892857,0, -339.980011}
{2925.892857,55.213086, -339.979971}
{2925.892857,110.426155, -339.954046}
{2925.892857,165.606728, -338.54514}
{2925.892857,216.174429, -319.425799}
{2925.892857,243.677358, -272.129315}
{2925.892857,258.22374, -218.912847}
{2925.892857,267.955513, -164.572193}
{2925.892857,275.498691, -109.878221}
{2925.892857,281.72156, -55.018592}
{2925.892857,286.322068, 0}
{3026.785714,-285.658973, 0}
{3026.785714,-281.074477, -54.965468}
{3026.785714,-274.873929, -109.773}
{3026.785714,-267.358729, -164.416038}
{3026.785714,-257.668868, -218.709126}
{3026.785714,-243.198551, -271.89072}
{3026.785714,-215.872571, -319.236771}
{3026.785714,-165.442948, -338.525918}
{3026.785714,-110.317575, -339.953717}
{3026.785714,-55.158796, -339.979971}
{3026.785714,0, -339.980011}
{3026.785714,55.158796, -339.979971}
{3026.785714,110.317575, -339.953717}
{3026.785714,165.442948, -338.525918}
{3026.785714,215.872571, -319.236771}
{3026.785714,243.198551, -271.89072}
{3026.785714,257.668868, -218.709126}
{3026.785714,267.358729, -164.416038}
{3026.785714,274.873929, -109.773}
{3026.785714,281.074477, -54.965468}
{3026.785714,285.658973, 0}
{3127.678571,-284.408044, 0}
{3127.678571,-279.853645, -54.865266}
{3127.678571,-273.695142, -109.574527}
{3127.678571,-266.232521, -164.121462}
{3127.678571,-256.621398, -218.324733}
{3127.678571,-242.293669, -271.440092}
{3127.678571,-215.29977, -318.876581}
{3127.678571,-165.133992, -338.488736}
{3127.678571,-110.112803, -339.953025}
{3127.678571,-55.05641, -339.979971}
{3127.678571,0, -339.980011}
{3127.678571,55.05641, -339.979971}
{3127.678571,110.112803, -339.953025}
{3127.678571,165.133992, -338.488736}
{3127.678571,215.29977, -318.876581}
{3127.678571,242.293669, -271.440092}
{3127.678571,256.621398, -218.324733}
{3127.678571,266.232521, -164.121462}
{3127.678571,273.695142, -109.574527}
{3127.678571,279.853645, -54.865266}
{3127.678571,284.408044, 0}
{3228.571429,-282.506613, 0}
{3228.571429,-277.997754, -54.713005}
{3228.571429,-271.902874, -109.272912}
{3228.571429,-264.519738, -163.673737}
{3228.571429,-255.027453, -217.740279}
{3228.571429,-240.91424, -270.75388}
{3228.571429,-214.420629, -318.32026}
{3228.571429,-164.664407, -338.429897}
{3228.571429,-109.80171, -339.951953}
{3228.571429,-54.900865, -339.979971}
{3228.571429,0, -339.980011}
{3228.571429,54.900865, -339.979971}
{3228.571429,109.80171, -339.951953}
{3228.571429,164.664407, -338.429897}
{3228.571429,214.420629, -318.32026}
{3228.571429,240.91424, -270.75388}
{3228.571429,255.027453, -217.740279}
{3228.571429,264.519738, -163.673737}
{3228.571429,271.902874, -109.272912}
{3228.571429,277.997754, -54.713005}
{3228.571429,282.506613, 0}
{3329.464286,-279.905658, 0}
{3329.464286,-275.458788, -54.504845}
{3329.464286,-269.450374, -108.860497}
{3329.464286,-262.175191, -163.061424}
{3329.464286,-252.843739, -216.940541}
{3329.464286,-239.019671, -269.812904}
{3329.464286,-213.201303, -317.542364}
{3329.464286,-164.022133, -338.344654}
{3329.464286,-109.376514, -339.950422}
{3329.464286,-54.688268, -339.979962}
{3329.464286,0, -339.980011}
{3329.464286,54.688268, -339.979962}
{3329.464286,109.376514, -339.950422}
{3329.464286,164.022133, -338.344654}
{3329.464286,213.201303, -317.542364}
{3329.464286,239.019671, -269.812904}
{3329.464286,252.843739, -216.940541}
{3329.464286,262.175191, -163.061424}
{3329.464286,269.450374, -108.860497}
{3329.464286,275.458788, -54.504845}
{3329.464286,279.905658, 0}
{3430.357143,-276.562388, 0}
{3430.357143,-272.194533, -54.237442}
{3430.357143,-266.29638, -108.330615}
{3430.357143,-259.15856, -162.274507}
{3430.357143,-250.031037, -215.912053}
{3430.357143,-236.571508, -268.599527}
{3430.357143,-211.604881, -316.514313}
{3430.357143,-163.196496, -338.226315}
{3430.357143,-108.830518, -339.948265}
{3430.357143,-54.415272, -339.979962}
{3430.357143,0, -339.97998}
{3430.357143,54.415272, -339.979962}
{3430.357143,108.830518, -339.948265}
{3430.357143,163.196496, -338.226315}
{3430.357143,211.604881, -316.514313}
{3430.357143,236.571508, -268.599527}
{3430.357143,250.031037, -215.912053}
{3430.357143,259.15856, -162.274507}
{3430.357143,266.29638, -108.330615}
{3430.357143,272.194533, -54.237442}
{3430.357143,276.562388, 0}
{3531.25,-272.446674, 0}
{3531.25,-268.17516, -53.908561}
{3531.25,-262.41133, -107.678757}
{3531.25,-255.440516, -161.306149}
{3531.25,-246.559724, -214.645377}
{3531.25,-233.538168, -267.100354}
{3531.25,-209.593949, -315.207007}
{3531.25,-162.179878, -338.065799}
{3531.25,-108.159298, -339.945332}
{3531.25,-54.079664, -339.97992}
{3531.25,0, -339.979971}
{3531.25,54.079664, -339.97992}
{3531.25,108.159298, -339.945332}
{3531.25,162.179878, -338.065799}
{3531.25,209.593949, -315.207007}
{3531.25,233.538168, -267.100354}
{3531.25,246.559724, -214.645377}
{3531.25,255.440516, -161.306149}
{3531.25,262.41133, -107.678757}
{3531.25,268.17516, -53.908561}
{3531.25,272.446674, 0}
{3632.142857,-267.523527, 0}
{3632.142857,-263.365889, -53.515556}
{3632.142857,-257.760735, -106.899586}
{3632.142857,-250.986688, -160.148245}
{3632.142857,-242.394843, -213.129292}
{3632.142857,-229.881764, -265.299381}
{3632.142857,-207.12095, -313.585224}
{3632.142857,-160.962785, -337.849403}
{3632.142857,-107.357643, -339.941246}
{3632.142857,-53.67884, -339.97977}
{3632.142857,0, -339.979827}
{3632.142857,53.67884, -339.97977}
{3632.142857,107.357643, -339.941246}
{3632.142857,160.962785, -337.849403}
{3632.142857,207.12095, -313.585224}
{3632.142857,229.881764, -265.299381}
{3632.142857,242.394843, -213.129292}
{3632.142857,250.986688, -160.148245}
{3632.142857,257.760735, -106.899586}
{3632.142857,263.365889, -53.515556}
{3632.142857,267.523527, 0}
{3733.035714,-261.768007, 0}
{3733.035714,-257.741634, -53.05671}
{3733.035714,-252.319171, -105.989583}
{3733.035714,-245.771067, -158.795361}
{3733.035714,-237.508637, -211.355983}
{3733.035714,-225.569188, -263.184308}
{3733.035714,-204.134791, -311.614103}
{3733.035714,-159.537407, -337.556906}
{3733.035714,-106.422274, -339.935319}
{3733.035714,-53.211162, -339.979198}
{3733.035714,0, -339.979252}
{3733.035714,53.211162, -339.979198}
{3733.035714,106.422274, -339.935319}
{3733.035714,159.537407, -337.556906}
{3733.035714,204.134791, -311.614103}
{3733.035714,225.569188, -263.184308}
{3733.035714,237.508637, -211.355983}
{3733.035714,245.771067, -158.795361}
{3733.035714,252.319171, -105.989583}
{3733.035714,257.741634, -53.05671}
{3733.035714,261.768007, 0}
{3833.928571,-255.154599, 0}
{3833.928571,-251.27657, -52.530222}
{3833.928571,-246.060321, -104.94505}
{3833.928571,-239.766503, -157.24177}
{3833.928571,-231.871603, -209.317157}
{3833.928571,-220.564305, -260.741988}
{3833.928571,-200.576457, -309.257046}
{3833.928571,-157.893351, -337.156734}
{3833.928571,-105.349791, -339.926041}
{3833.928571,-52.674929, -339.977283}
{3833.928571,0, -339.977372}
{3833.928571,52.674929, -339.977283}
{3833.928571,105.349791, -339.926041}
{3833.928571,157.893351, -337.156734}
{3833.928571,200.576457, -309.257046}
{3833.928571,220.564305, -260.741988}
{3833.928571,231.871603, -209.317157}
{3833.928571,239.766503, -157.24177}
{3833.928571,246.060321, -104.94505}
{3833.928571,251.27657, -52.530222}
{3833.928571,255.154599, 0}
{3934.821429,-247.660472, 0}
{3934.821429,-243.947346, -51.934471}
{3934.821429,-238.959996, -103.762616}
{3934.821429,-232.947542, -155.482203}
{3934.821429,-225.455228, -207.005056}
{3934.821429,-214.830548, -257.959817}
{3934.821429,-196.380441, -306.478035}
{3934.821429,-156.016165, -336.599679}
{3934.821429,-104.137189, -339.910102}
{3934.821429,-52.068644, -339.971622}
{3934.821429,0, -339.97178}
{3934.821429,52.068644, -339.971622}
{3934.821429,104.137189, -339.910102}
{3934.821429,156.016165, -336.599679}
{3934.821429,196.380441, -306.478035}
{3934.821429,214.830548, -257.959817}
{3934.821429,225.455228, -207.005056}
{3934.821429,232.947542, -155.482203}
{3934.821429,238.959996, -103.762616}
{3934.821429,243.947346, -51.934471}
{3934.821429,247.660472, 0}
{4035.714286,-239.264091, 0}
{4035.714286,-235.731685, -51.267721}
{4035.714286,-230.994783, -102.438672}
{4035.714286,-225.289148, -153.511009}
{4035.714286,-218.230784, -204.411377}
{4035.714286,-208.329928, -254.824521}
{4035.714286,-191.480692, -303.245111}
{4035.714286,-153.881644, -335.807296}
{4035.714286,-102.781283, -339.88012}
{4035.714286,-51.390719, -339.956361}
{4035.714286,0, -339.956588}
{4035.714286,51.390719, -339.956361}
{4035.714286,102.781283, -339.88012}
{4035.714286,153.881644, -335.807296}
{4035.714286,191.480692, -303.245111}
{4035.714286,208.329928, -254.824521}
{4035.714286,218.230784, -204.411377}
{4035.714286,225.289148, -153.511009}
{4035.714286,230.994783, -102.438672}
{4035.714286,235.731685, -51.267721}
{4035.714286,239.264091, 0}
{4136.607143,-229.945886, 0}
{4136.607143,-226.609056, -50.527858}
{4136.607143,-222.142655, -100.968823}
{4136.607143,-216.767347, -151.321349}
{4136.607143,-210.169937, -201.526211}
{4136.607143,-201.023985, -251.321027}
{4136.607143,-185.803441, -299.524714}
{4136.607143,-151.444919, -334.654709}
{4136.607143,-101.278155, -339.820599}
{4136.607143,-50.639207, -339.918471}
{4136.607143,0, -339.918768}
{4136.607143,50.639207, -339.918471}
{4136.607143,101.278155, -339.820599}
{4136.607143,151.444919, -334.654709}
{4136.607143,185.803441, -299.524714}
{4136.607143,201.023985, -251.321027}
{4136.607143,210.169937, -201.526211}
{4136.607143,216.767347, -151.321349}
{4136.607143,222.142655, -100.968823}
{4136.607143,226.609056, -50.527858}
{4136.607143,229.945886, 0}
{4237.5,-219.687119, 0}
{4237.5,-216.55954, -49.711608}
{4237.5,-212.381891, -99.34635}
{4237.5,-207.358083, -148.90288}
{4237.5,-201.243811, -198.335013}
{4237.5,-192.873163, -247.428803}
{4237.5,-179.278447, -295.2833}
{4237.5,-148.619738, -332.95244}
{4237.5,-99.621575, -339.699769}
{4237.5,-49.811023, -339.830695}
{4237.5,0, -339.831121}
{4237.5,49.811023, -339.830695}
{4237.5,99.621575, -339.699769}
{4237.5,148.619738, -332.95244}
{4237.5,179.278447, -295.2833}
{4237.5,192.873163, -247.428803}
{4237.5,201.243811, -198.335013}
{4237.5,207.358083, -148.90288}
{4237.5,212.381891, -99.34635}
{4237.5,216.55954, -49.711608}
{4237.5,219.687119, 0}
{4338.392857,-208.470203, 0}
{4338.392857,-205.564096, -48.81342}
{4338.392857,-201.691311, -97.559966}
{4338.392857,-197.037536, -146.238411}
{4338.392857,-191.423274, -194.814157}
{4338.392857,-183.837513, -243.11644}
{4338.392857,-171.830167, -290.476038}
{4338.392857,-145.240197, -330.423719}
{4338.392857,-97.800694, -339.455068}
{4338.392857,-48.900821, -339.638992}
{4338.392857,0, -339.63994}
{4338.392857,48.900821, -339.638992}
{4338.392857,97.800694, -339.455068}
{4338.392857,145.240197, -330.423719}
{4338.392857,171.830167, -290.476038}
{4338.392857,183.837513, -243.11644}
{4338.392857,191.423274, -194.814157}
{4338.392857,197.037536, -146.238411}
{4338.392857,201.691311, -97.559966}
{4338.392857,205.564096, -48.81342}
{4338.392857,208.470203, 0}
{4439.285714,-196.278442, 0}
{4439.285714,-193.604419, -47.823449}
{4439.285714,-190.050053, -95.589781}
{4439.285714,-185.781849, -143.29784}
{4439.285714,-180.678876, -190.922903}
{4439.285714,-173.877073, -238.33169}
{4439.285714,-163.390015, -285.039316}
{4439.285714,-141.020248, -326.726859}
{4439.285714,-95.795802, -338.968627}
{4439.285714,-47.898966, -339.241412}
{4439.285714,0, -339.243738}
{4439.285714,47.898966, -339.241412}
{4439.285714,95.795802, -338.968627}
{4439.285714,141.020248, -326.726859}
{4439.285714,163.390015, -285.039316}
{4439.285714,173.877073, -238.33169}
{4439.285714,180.678876, -190.922903}
{4439.285714,185.781849, -143.29784}
{4439.285714,190.050053, -95.589781}
{4439.285714,193.604419, -47.823449}
{4439.285714,196.278442, 0}
{4540.178571,-183.096196, 0}
{4540.178571,-180.662936, -46.72416}
{4540.178571,-177.437729, -93.400539}
{4540.178571,-173.567355, -140.028031}
{4540.178571,-168.981194, -186.589921}
{4540.178571,-162.952761, -232.984665}
{4540.178571,-153.898684, -278.869093}
{4540.178571,-135.605069, -321.569317}
{4540.178571,-93.570857, -338.022318}
{4540.178571,-46.788148, -338.453428}
{4540.178571,0, -338.452995}
{4540.178571,46.788148, -338.453428}
{4540.178571,93.570857, -338.022318}
{4540.178571,135.605069, -321.569317}
{4540.178571,153.898684, -278.869093}
{4540.178571,162.952761, -232.984665}
{4540.178571,168.981194, -186.589921}
{4540.178571,173.567355, -140.028031}
{4540.178571,177.437729, -93.400539}
{4540.178571,180.662936, -46.72416}
{4540.178571,183.096196, 0}
{4641.071429,-168.907717, 0}
{4641.071429,-166.721835, -45.484837}
{4641.071429,-163.833454, -90.930627}
{4641.071429,-160.369585, -136.33632}
{4641.071429,-156.300202, -181.691337}
{4641.071429,-151.026216, -226.920369}
{4641.071429,-143.30851, -271.786682}
{4641.071429,-128.677443, -314.730334}
{4641.071429,-91.059625, -336.220366}
{4641.071429,-45.537867, -336.952323}
{4641.071429,0, -336.946091}
{4641.071429,45.537867, -336.952323}
{4641.071429,91.059625, -336.220366}
{4641.071429,128.677443, -314.730334}
{4641.071429,143.30851, -271.786682}
{4641.071429,151.026216, -226.920369}
{4641.071429,156.300202, -181.691337}
{4641.071429,160.369585, -136.33632}
{4641.071429,163.833454, -90.930627}
{4641.071429,166.721835, -45.484837}
{4641.071429,168.907717, 0}
{4741.964286,-153.695418, 0}
{4741.964286,-151.761388, -44.051934}
{4741.964286,-149.214257, -88.072792}
{4741.964286,-146.161919, -132.061616}
{4741.964286,-142.604166, -176.012199}
{4741.964286,-138.059261, -219.870471}
{4741.964286,-131.579784, -263.478384}
{4741.964286,-120.040843, -305.951938}
{4741.964286,-88.13338, -332.83921}
{4741.964286,-44.094771, -334.185713}
{4741.964286,0, -334.176719}
{4741.964286,44.094771, -334.185713}
{4741.964286,88.13338, -332.83921}
{4741.964286,120.040843, -305.951938}
{4741.964286,131.579784, -263.478384}
{4741.964286,138.059261, -219.870471}
{4741.964286,142.604166, -176.012199}
{4741.964286,146.161919, -132.061616}
{4741.964286,149.214257, -88.072792}
{4741.964286,151.761388, -44.051934}
{4741.964286,153.695418, 0}
{4842.857143,-137.446317, 0}
{4842.857143,-135.766452, -42.338423}
{4842.857143,-133.561775, -84.652852}
{4842.857143,-130.922114, -126.942455}
{4842.857143,-127.866664, -169.203916}
{4842.857143,-124.020476, -211.399919}
{4842.857143,-118.675535, -253.428532}
{4842.857143,-109.662836, -294.790395}
{4842.857143,-84.517915, -326.583398}
{4842.857143,-42.371985, -329.24772}
{4842.857143,0, -329.249901}
{4842.857143,42.371985, -329.24772}
{4842.857143,84.517915, -326.583398}
{4842.857143,109.662836, -294.790395}
{4842.857143,118.675535, -253.428532}
{4842.857143,124.020476, -211.399919}
{4842.857143,127.866664, -169.203916}
{4842.857143,130.922114, -126.942455}
{4842.857143,133.561775, -84.652852}
{4842.857143,135.766452, -42.338423}
{4842.857143,137.446317, 0}
{4943.75,-120.149639, 0}
{4943.75,-118.724257, -40.205273}
{4943.75,-116.860337, -80.392666}
{4943.75,-114.630857, -120.561495}
{4943.75,-112.065304, -160.710196}
{4943.75,-108.883559, -200.814212}
{4943.75,-104.565389, -240.80972}
{4943.75,-97.631618, -280.419414}
{4943.75,-79.528577, -315.30807}
{4943.75,-40.23059, -320.694157}
{4943.75,0, -320.734773}
{4943.75,40.23059, -320.694157}
{4943.75,79.528577, -315.30807}
{4943.75,97.631618, -280.419414}
{4943.75,104.565389, -240.80972}
{4943.75,108.883559, -200.814212}
{4943.75,112.065304, -160.710196}
{4943.75,114.630857, -120.561495}
{4943.75,116.860337, -80.392666}
{4943.75,118.724257, -40.205273}
{4943.75,120.149639, 0}
{5044.642857,-101.791643, 0}
{5044.642857,-100.619817, -37.43099}
{5044.642857,-99.092901, -74.849219}
{5044.642857,-97.268485, -112.254163}
{5044.642857,-95.178908, -149.645208}
{5044.642857,-92.625076, -187.007064}
{5044.642857,-89.230664, -224.300862}
{5044.642857,-84.011466, -261.376243}
{5044.642857,-71.952249, -296.505988}
{5044.642857,-37.44906, -306.248496}
{5044.642857,0, -306.330289}
{5044.642857,37.44906, -306.248496}
{5044.642857,71.952249, -296.505988}
{5044.642857,84.011466, -261.376243}
{5044.642857,89.230664, -224.300862}
{5044.642857,92.625076, -187.007064}
{5044.642857,95.178908, -149.645208}
{5044.642857,97.268485, -112.254163}
{5044.642857,99.092901, -74.849219}
{5044.642857,100.619817, -37.43099}
{5044.642857,101.791643, 0}
{5145.535714,-82.360783, 0}
{5145.535714,-81.440899, -33.678912}
{5145.535714,-80.24625, -67.349225}
{5145.535714,-78.820191, -101.010557}
{5145.535714,-77.192656, -134.662744}
{5145.535714,-75.230704, -168.296883}
{5145.535714,-72.668659, -201.890105}
{5145.535714,-68.869599, -235.362832}
{5145.535714,-61.114715, -268.058856}
{5145.535714,-33.689023, -282.462947}
{5145.535714,0, -282.659029}
{5145.535714,33.689023, -282.462947}
{5145.535714,61.114715, -268.058856}
{5145.535714,68.869599, -235.362832}
{5145.535714,72.668659, -201.890105}
{5145.535714,75.230704, -168.296883}
{5145.535714,77.192656, -134.662744}
{5145.535714,78.820191, -101.010557}
{5145.535714,80.24625, -67.349225}
{5145.535714,81.440899, -33.678912}
{5145.535714,82.360783, 0}
{5246.428571,-61.849471, 0}
{5246.428571,-61.181863, -28.424972}
{5246.428571,-60.316239, -56.84462}
{5246.428571,-59.283094, -85.258688}
{5246.428571,-58.106336, -113.667171}
{5246.428571,-56.704402, -142.06532}
{5246.428571,-54.899014, -170.440421}
{5246.428571,-52.297041, -198.752096}
{5246.428571,-47.478377, -226.745954}
{5246.428571,-28.423094, -243.933614}
{5246.428571,0, -244.310814}
{5246.428571,28.423094, -243.933614}
{5246.428571,47.478377, -226.745954}
{5246.428571,52.297041, -198.752096}
{5246.428571,54.899014, -170.440421}
{5246.428571,56.704402, -142.06532}
{5246.428571,58.106336, -113.667171}
{5246.428571,59.283094, -85.258688}
{5246.428571,60.316239, -56.84462}
{5246.428571,61.181863, -28.424972}
{5246.428571,61.849471, 0}
{5347.321429,-40.244383, 0}
{5347.321429,-39.823531, -21.064807}
{5347.321429,-39.278757, -42.126782}
{5347.321429,-38.628765, -63.185781}
{5347.321429,-37.889397, -84.241834}
{5347.321429,-37.017997, -105.292784}
{5347.321429,-35.909232, -126.332456}
{5347.321429,-34.35058, -147.342946}
{5347.321429,-31.669657, -168.232576}
{5347.321429,-21.045558, -184.603482}
{5347.321429,0, -185.066282}
{5347.321429,21.045558, -184.603482}
{5347.321429,31.669657, -168.232576}
{5347.321429,34.35058, -147.342946}
{5347.321429,35.909232, -126.332456}
{5347.321429,37.017997, -105.292784}
{5347.321429,37.889397, -84.241834}
{5347.321429,38.628765, -63.185781}
{5347.321429,39.278757, -42.126782}
{5347.321429,39.823531, -21.064807}
{5347.321429,40.244383, 0}
{5448.214286,-17.526587, 0}
{5448.214286,-17.383261, -11.300022}
{5448.214286,-17.185755, -22.599231}
{5448.214286,-16.94217, -33.897543}
{5448.214286,-16.66014, -45.194962}
{5448.214286,-16.323718, -56.490877}
{5448.214286,-15.891035, -67.783482}
{5448.214286,-15.286184, -79.067999}
{5448.214286,-14.296917, -90.324035}
{5448.214286,-11.125339, -100.928907}
{5448.214286,0, -101.80398}
{5448.214286,11.125339, -100.928907}
{5448.214286,14.296917, -90.324035}
{5448.214286,15.286184, -79.067999}
{5448.214286,15.891035, -67.783482}
{5448.214286,16.323718, -56.490877}
{5448.214286,16.66014, -45.194962}
{5448.214286,16.94217, -33.897543}
{5448.214286,17.185755, -22.599231}
{5448.214286,17.383261, -11.300022}
{5448.214286,17.526587, 0}
{2724.107143,-286.322068, 0}
{2724.107143,-281.72156, -55.018592}
{2724.107143,-275.498691, -109.878221}
{2724.107143,-267.955513, -164.572193}
{2724.107143,-258.22374, -218.912847}
{2724.107143,-243.677358, -272.129315}
{2724.107143,-216.174429, -319.425799}
{2724.107143,-165.606728, -338.54514}
{2724.107143,-110.426155, -339.954046}
{2724.107143,-55.213086, -339.979971}
{2724.107143,0, -339.980011}
{2724.107143,55.213086, -339.979971}
{2724.107143,110.426155, -339.954046}
{2724.107143,165.606728, -338.54514}
{2724.107143,216.174429, -319.425799}
{2724.107143,243.677358, -272.129315}
{2724.107143,258.22374, -218.912847}
{2724.107143,267.955513, -164.572193}
{2724.107143,275.498691, -109.878221}
{2724.107143,281.72156, -55.018592}
{2724.107143,286.322068, 0}
{2623.214286,-285.658973, 0}
{2623.214286,-281.074477, -54.965468}
{2623.214286,-274.873929, -109.773}
{2623.214286,-267.358729, -164.416038}
{2623.214286,-257.668868, -218.709126}
{2623.214286,-243.198551, -271.89072}
{2623.214286,-215.872571, -319.236771}
{2623.214286,-165.442948, -338.525918}
{2623.214286,-110.317575, -339.953717}
{2623.214286,-55.158796, -339.979971}
{2623.214286,0, -339.980011}
{2623.214286,55.158796, -339.979971}
{2623.214286,110.317575, -339.953717}
{2623.214286,165.442948, -338.525918}
{2623.214286,215.872571, -319.236771}
{2623.214286,243.198551, -271.89072}
{2623.214286,257.668868, -218.709126}
{2623.214286,267.358729, -164.416038}
{2623.214286,274.873929, -109.773}
{2623.214286,281.074477, -54.965468}
{2623.214286,285.658973, 0}
{2522.321429,-284.408044, 0}
{2522.321429,-279.853645, -54.865266}
{2522.321429,-273.695142, -109.574527}
{2522.321429,-266.232521, -164.121462}
{2522.321429,-256.621398, -218.324733}
{2522.321429,-242.293669, -271.440092}
{2522.321429,-215.29977, -318.876581}
{2522.321429,-165.133992, -338.488736}
{2522.321429,-110.112803, -339.953025}
{2522.321429,-55.05641, -339.979971}
{2522.321429,0, -339.980011}
{2522.321429,55.05641, -339.979971}
{2522.321429,110.112803, -339.953025}
{2522.321429,165.133992, -338.488736}
{2522.321429,215.29977, -318.876581}
{2522.321429,242.293669, -271.440092}
{2522.321429,256.621398, -218.324733}
{2522.321429,266.232521, -164.121462}
{2522.321429,273.695142, -109.574527}
{2522.321429,279.853645, -54.865266}
{2522.321429,284.408044, 0}
{2421.428571,-282.506613, 0}
{2421.428571,-277.997754, -54.713005}
{2421.428571,-271.902874, -109.272912}
{2421.428571,-264.519738, -163.673737}
{2421.428571,-255.027453, -217.740279}
{2421.428571,-240.91424, -270.75388}
{2421.428571,-214.420629, -318.32026}
{2421.428571,-164.664407, -338.429897}
{2421.428571,-109.80171, -339.951953}
{2421.428571,-54.900865, -339.979971}
{2421.428571,0, -339.980011}
{2421.428571,54.900865, -339.979971}
{2421.428571,109.80171, -339.951953}
{2421.428571,164.664407, -338.429897}
{2421.428571,214.420629, -318.32026}
{2421.428571,240.91424, -270.75388}
{2421.428571,255.027453, -217.740279}
{2421.428571,264.519738, -163.673737}
{2421.428571,271.902874, -109.272912}
{2421.428571,277.997754, -54.713005}
{2421.428571,282.506613, 0}
{2320.535714,-279.905658, 0}
{2320.535714,-275.458788, -54.504845}
{2320.535714,-269.450374, -108.860497}
{2320.535714,-262.175191, -163.061424}
{2320.535714,-252.843739, -216.940541}
{2320.535714,-239.019671, -269.812904}
{2320.535714,-213.201303, -317.542364}
{2320.535714,-164.022133, -338.344654}
{2320.535714,-109.376514, -339.950422}
{2320.535714,-54.688268, -339.979962}
{2320.535714,0, -339.980011}
{2320.535714,54.688268, -339.979962}
{2320.535714,109.376514, -339.950422}
{2320.535714,164.022133, -338.344654}
{2320.535714,213.201303, -317.542364}
{2320.535714,239.019671, -269.812904}
{2320.535714,252.843739, -216.940541}
{2320.535714,262.175191, -163.061424}
{2320.535714,269.450374, -108.860497}
{2320.535714,275.458788, -54.504845}
{2320.535714,279.905658, 0}
{2219.642857,-276.562388, 0}
{2219.642857,-272.194533, -54.237442}
{2219.642857,-266.29638, -108.330615}
{2219.642857,-259.15856, -162.274507}
{2219.642857,-250.031037, -215.912053}
{2219.642857,-236.571508, -268.599527}
{2219.642857,-211.604881, -316.514313}
{2219.642857,-163.196496, -338.226315}
{2219.642857,-108.830518, -339.948265}
{2219.642857,-54.415272, -339.979962}
{2219.642857,0, -339.97998}
{2219.642857,54.415272, -339.979962}
{2219.642857,108.830518, -339.948265}
{2219.642857,163.196496, -338.226315}
{2219.642857,211.604881, -316.514313}
{2219.642857,236.571508, -268.599527}
{2219.642857,250.031037, -215.912053}
{2219.642857,259.15856, -162.274507}
{2219.642857,266.29638, -108.330615}
{2219.642857,272.194533, -54.237442}
{2219.642857,276.562388, 0}
{2118.75,-272.446674, 0}
{2118.75,-268.17516, -53.908561}
{2118.75,-262.41133, -107.678757}
{2118.75,-255.440516, -161.306149}
{2118.75,-246.559724, -214.645377}
{2118.75,-233.538168, -267.100354}
{2118.75,-209.593949, -315.207007}
{2118.75,-162.179878, -338.065799}
{2118.75,-108.159298, -339.945332}
{2118.75,-54.079664, -339.97992}
{2118.75,0, -339.979971}
{2118.75,54.079664, -339.97992}
{2118.75,108.159298, -339.945332}
{2118.75,162.179878, -338.065799}
{2118.75,209.593949, -315.207007}
{2118.75,233.538168, -267.100354}
{2118.75,246.559724, -214.645377}
{2118.75,255.440516, -161.306149}
{2118.75,262.41133, -107.678757}
{2118.75,268.17516, -53.908561}
{2118.75,272.446674, 0}
{2017.857143,-267.523527, 0}
{2017.857143,-263.365889, -53.515556}
{2017.857143,-257.760735, -106.899586}
{2017.857143,-250.986688, -160.148245}
{2017.857143,-242.394843, -213.129292}
{2017.857143,-229.881764, -265.299381}
{2017.857143,-207.12095, -313.585224}
{2017.857143,-160.962785, -337.849403}
{2017.857143,-107.357643, -339.941246}
{2017.857143,-53.67884, -339.97977}
{2017.857143,0, -339.979827}
{2017.857143,53.67884, -339.97977}
{2017.857143,107.357643, -339.941246}
{2017.857143,160.962785, -337.849403}
{2017.857143,207.12095, -313.585224}
{2017.857143,229.881764, -265.299381}
{2017.857143,242.394843, -213.129292}
{2017.857143,250.986688, -160.148245}
{2017.857143,257.760735, -106.899586}
{2017.857143,263.365889, -53.515556}
{2017.857143,267.523527, 0}
{1916.964286,-261.768007, 0}
{1916.964286,-257.741634, -53.05671}
{1916.964286,-252.319171, -105.989583}
{1916.964286,-245.771067, -158.795361}
{1916.964286,-237.508637, -211.355983}
{1916.964286,-225.569188, -263.184308}
{1916.964286,-204.134791, -311.614103}
{1916.964286,-159.537407, -337.556906}
{1916.964286,-106.422274, -339.935319}
{1916.964286,-53.211162, -339.979198}
{1916.964286,0, -339.979252}
{1916.964286,53.211162, -339.979198}
{1916.964286,106.422274, -339.935319}
{1916.964286,159.537407, -337.556906}
{1916.964286,204.134791, -311.614103}
{1916.964286,225.569188, -263.184308}
{1916.964286,237.508637, -211.355983}
{1916.964286,245.771067, -158.795361}
{1916.964286,252.319171, -105.989583}
{1916.964286,257.741634, -53.05671}
{1916.964286,261.768007, 0}
{1816.071429,-255.154599, 0}
{1816.071429,-251.27657, -52.530222}
{1816.071429,-246.060321, -104.94505}
{1816.071429,-239.766503, -157.24177}
{1816.071429,-231.871603, -209.317157}
{1816.071429,-220.564305, -260.741988}
{1816.071429,-200.576457, -309.257046}
{1816.071429,-157.893351, -337.156734}
{1816.071429,-105.349791, -339.926041}
{1816.071429,-52.674929, -339.977283}
{1816.071429,0, -339.977372}
{1816.071429,52.674929, -339.977283}
{1816.071429,105.349791, -339.926041}
{1816.071429,157.893351, -337.156734}
{1816.071429,200.576457, -309.257046}
{1816.071429,220.564305, -260.741988}
{1816.071429,231.871603, -209.317157}
{1816.071429,239.766503, -157.24177}
{1816.071429,246.060321, -104.94505}
{1816.071429,251.27657, -52.530222}
{1816.071429,255.154599, 0}
{1715.178571,-247.660472, 0}
{1715.178571,-243.947346, -51.934471}
{1715.178571,-238.959996, -103.762616}
{1715.178571,-232.947542, -155.482203}
{1715.178571,-225.455228, -207.005056}
{1715.178571,-214.830548, -257.959817}
{1715.178571,-196.380441, -306.478035}
{1715.178571,-156.016165, -336.599679}
{1715.178571,-104.137189, -339.910102}
{1715.178571,-52.068644, -339.971622}
{1715.178571,0, -339.97178}
{1715.178571,52.068644, -339.971622}
{1715.178571,104.137189, -339.910102}
{1715.178571,156.016165, -336.599679}
{1715.178571,196.380441, -306.478035}
{1715.178571,214.830548, -257.959817}
{1715.178571,225.455228, -207.005056}
{1715.178571,232.947542, -155.482203}
{1715.178571,238.959996, -103.762616}
{1715.178571,243.947346, -51.934471}
{1715.178571,247.660472, 0}
{1614.285714,-239.264091, 0}
{1614.285714,-235.731685, -51.267721}
{1614.285714,-230.994783, -102.438672}
{1614.285714,-225.289148, -153.511009}
{1614.285714,-218.230784, -204.411377}
{1614.285714,-208.329928, -254.824521}
{1614.285714,-191.480692, -303.245111}
{1614.285714,-153.881644, -335.807296}
{1614.285714,-102.781283, -339.88012}
{1614.285714,-51.390719, -339.956361}
{1614.285714,0, -339.956588}
{1614.285714,51.390719, -339.956361}
{1614.285714,102.781283, -339.88012}
{1614.285714,153.881644, -335.807296}
{1614.285714,191.480692, -303.245111}
{1614.285714,208.329928, -254.824521}
{1614.285714,218.230784, -204.411377}
{1614.285714,225.289148, -153.511009}
{1614.285714,230.994783, -102.438672}
{1614.285714,235.731685, -51.267721}
{1614.285714,239.264091, 0}
{1513.392857,-229.945886, 0}
{1513.392857,-226.609056, -50.527858}
{1513.392857,-222.142655, -100.968823}
{1513.392857,-216.767347, -151.321349}
{1513.392857,-210.169937, -201.526211}
{1513.392857,-201.023985, -251.321027}
{1513.392857,-185.803441, -299.524714}
{1513.392857,-151.444919, -334.654709}
{1513.392857,-101.278155, -339.820599}
{1513.392857,-50.639207, -339.918471}
{1513.392857,0, -339.918768}
{1513.392857,50.639207, -339.918471}
{1513.392857,101.278155, -339.820599}
{1513.392857,151.444919, -334.654709}
{1513.392857,185.803441, -299.524714}
{1513.392857,201.023985, -251.321027}
{1513.392857,210.169937, -201.526211}
{1513.392857,216.767347, -151.321349}
{1513.392857,222.142655, -100.968823}
{1513.392857,226.609056, -50.527858}
{1513.392857,229.945886, 0}
{1412.5,-219.687119, 0}
{1412.5,-216.55954, -49.711608}
{1412.5,-212.381891, -99.34635}
{1412.5,-207.358083, -148.90288}
{1412.5,-201.243811, -198.335013}
{1412.5,-192.873163, -247.428803}
{1412.5,-179.278447, -295.2833}
{1412.5,-148.619738, -332.95244}
{1412.5,-99.621575, -339.699769}
{1412.5,-49.811023, -339.830695}
{1412.5,0, -339.831121}
{1412.5,49.811023, -339.830695}
{1412.5,99.621575, -339.699769}
{1412.5,148.619738, -332.95244}
{1412.5,179.278447, -295.2833}
{1412.5,192.873163, -247.428803}
{1412.5,201.243811, -198.335013}
{1412.5,207.358083, -148.90288}
{1412.5,212.381891, -99.34635}
{1412.5,216.55954, -49.711608}
{1412.5,219.687119, 0}
{1311.607143,-208.470203, 0}
{1311.607143,-205.564096, -48.81342}
{1311.607143,-201.691311, -97.559966}
{1311.607143,-197.037536, -146.238411}
{1311.607143,-191.423274, -194.814157}
{1311.607143,-183.837513, -243.11644}
{1311.607143,-171.830167, -290.476038}
{1311.607143,-145.240197, -330.423719}
{1311.607143,-97.800694, -339.455068}
{1311.607143,-48.900821, -339.638992}
{1311.607143,0, -339.63994}
{1311.607143,48.900821, -339.638992}
{1311.607143,97.800694, -339.455068}
{1311.607143,145.240197, -330.423719}
{1311.607143,171.830167, -290.476038}
{1311.607143,183.837513, -243.11644}
{1311.607143,191.423274, -194.814157}
{1311.607143,197.037536, -146.238411}
{1311.607143,201.691311, -97.559966}
{1311.607143,205.564096, -48.81342}
{1311.607143,208.470203, 0}
{1210.714286,-196.278442, 0}
{1210.714286,-193.604419, -47.823449}
{1210.714286,-190.050053, -95.589781}
{1210.714286,-185.781849, -143.29784}
{1210.714286,-180.678876, -190.922903}
{1210.714286,-173.877073, -238.33169}
{1210.714286,-163.390015, -285.039316}
{1210.714286,-141.020248, -326.726859}
{1210.714286,-95.795802, -338.968627}
{1210.714286,-47.898966, -339.241412}
{1210.714286,0, -339.243738}
{1210.714286,47.898966, -339.241412}
{1210.714286,95.795802, -338.968627}
{1210.714286,141.020248, -326.726859}
{1210.714286,163.390015, -285.039316}
{1210.714286,173.877073, -238.33169}
{1210.714286,180.678876, -190.922903}
{1210.714286,185.781849, -143.29784}
{1210.714286,190.050053, -95.589781}
{1210.714286,193.604419, -47.823449}
{1210.714286,196.278442, 0}
{1109.821429,-183.096196, 0}
{1109.821429,-180.662936, -46.72416}
{1109.821429,-177.437729, -93.400539}
{1109.821429,-173.567355, -140.028031}
{1109.821429,-168.981194, -186.589921}
{1109.821429,-162.952761, -232.984665}
{1109.821429,-153.898684, -278.869093}
{1109.821429,-135.605069, -321.569317}
{1109.821429,-93.570857, -338.022318}
{1109.821429,-46.788148, -338.453428}
{1109.821429,0, -338.452995}
{1109.821429,46.788148, -338.453428}
{1109.821429,93.570857, -338.022318}
{1109.821429,135.605069, -321.569317}
{1109.821429,153.898684, -278.869093}
{1109.821429,162.952761, -232.984665}
{1109.821429,168.981194, -186.589921}
{1109.821429,173.567355, -140.028031}
{1109.821429,177.437729, -93.400539}
{1109.821429,180.662936, -46.72416}
{1109.821429,183.096196, 0}
{1008.928571,-168.907717, 0}
{1008.928571,-166.721835, -45.484837}
{1008.928571,-163.833454, -90.930627}
{1008.928571,-160.369585, -136.33632}
{1008.928571,-156.300202, -181.691337}
{1008.928571,-151.026216, -226.920369}
{1008.928571,-143.30851, -271.786682}
{1008.928571,-128.677443, -314.730334}
{1008.928571,-91.059625, -336.220366}
{1008.928571,-45.537867, -336.952323}
{1008.928571,0, -336.946091}
{1008.928571,45.537867, -336.952323}
{1008.928571,91.059625, -336.220366}
{1008.928571,128.677443, -314.730334}
{1008.928571,143.30851, -271.786682}
{1008.928571,151.026216, -226.920369}
{1008.928571,156.300202, -181.691337}
{1008.928571,160.369585, -136.33632}
{1008.928571,163.833454, -90.930627}
{1008.928571,166.721835, -45.484837}
{1008.928571,168.907717, 0}
{908.035714,-153.695418, 0}
{908.035714,-151.761388, -44.051934}
{908.035714,-149.214257, -88.072792}
{908.035714,-146.161919, -132.061616}
{908.035714,-142.604166, -176.012199}
{908.035714,-138.059261, -219.870471}
{908.035714,-131.579784, -263.478384}
{908.035714,-120.040843, -305.951938}
{908.035714,-88.13338, -332.83921}
{908.035714,-44.094771, -334.185713}
{908.035714,0, -334.176719}
{908.035714,44.094771, -334.185713}
{908.035714,88.13338, -332.83921}
{908.035714,120.040843, -305.951938}
{908.035714,131.579784, -263.478384}
{908.035714,138.059261, -219.870471}
{908.035714,142.604166, -176.012199}
{908.035714,146.161919, -132.061616}
{908.035714,149.214257, -88.072792}
{908.035714,151.761388, -44.051934}
{908.035714,153.695418, 0}
{807.142857,-137.446317, 0}
{807.142857,-135.766452, -42.338423}
{807.142857,-133.561775, -84.652852}
{807.142857,-130.922114, -126.942455}
{807.142857,-127.866664, -169.203916}
{807.142857,-124.020476, -211.399919}
{807.142857,-118.675535, -253.428532}
{807.142857,-109.662836, -294.790395}
{807.142857,-84.517915, -326.583398}
{807.142857,-42.371985, -329.24772}
{807.142857,0, -329.249901}
{807.142857,42.371985, -329.24772}
{807.142857,84.517915, -326.583398}
{807.142857,109.662836, -294.790395}
{807.142857,118.675535, -253.428532}
{807.142857,124.020476, -211.399919}
{807.142857,127.866664, -169.203916}
{807.142857,130.922114, -126.942455}
{807.142857,133.561775, -84.652852}
{807.142857,135.766452, -42.338423}
{807.142857,137.446317, 0}
{706.25,-120.149639, 0}
{706.25,-118.724257, -40.205273}
{706.25,-116.860337, -80.392666}
{706.25,-114.630857, -120.561495}
{706.25,-112.065304, -160.710196}
{706.25,-108.883559, -200.814212}
{706.25,-104.565389, -240.80972}
{706.25,-97.631618, -280.419414}
{706.25,-79.528577, -315.30807}
{706.25,-40.23059, -320.694157}
{706.25,0, -320.734773}
{706.25,40.23059, -320.694157}
{706.25,79.528577, -315.30807}
{706.25,97.631618, -280.419414}
{706.25,104.565389, -240.80972}
{706.25,108.883559, -200.814212}
{706.25,112.065304, -160.710196}
{706.25,114.630857, -120.561495}
{706.25,116.860337, -80.392666}
{706.25,118.724257, -40.205273}
{706.25,120.149639, 0}
{605.357143,-101.791643, 0}
{605.357143,-100.619817, -37.43099}
{605.357143,-99.092901, -74.849219}
{605.357143,-97.268485, -112.254163}
{605.357143,-95.178908, -149.645208}
{605.357143,-92.625076, -187.007064}
{605.357143,-89.230664, -224.300862}
{605.357143,-84.011466, -261.376243}
{605.357143,-71.952249, -296.505988}
{605.357143,-37.44906, -306.248496}
{605.357143,0, -306.330289}
{605.357143,37.44906, -306.248496}
{605.357143,71.952249, -296.505988}
{605.357143,84.011466, -261.376243}
{605.357143,89.230664, -224.300862}
{605.357143,92.625076, -187.007064}
{605.357143,95.178908, -149.645208}
{605.357143,97.268485, -112.254163}
{605.357143,99.092901, -74.849219}
{605.357143,100.619817, -37.43099}
{605.357143,101.791643, 0}
{504.464286,-82.360783, 0}
{504.464286,-81.440899, -33.678912}
{504.464286,-80.24625, -67.349225}
{504.464286,-78.820191, -101.010557}
{504.464286,-77.192656, -134.662744}
{504.464286,-75.230704, -168.296883}
{504.464286,-72.668659, -201.890105}
{504.464286,-68.869599, -235.362832}
{504.464286,-61.114715, -268.058856}
{504.464286,-33.689023, -282.462947}
{504.464286,0, -282.659029}
{504.464286,33.689023, -282.462947}
{504.464286,61.114715, -268.058856}
{504.464286,68.869599, -235.362832}
{504.464286,72.668659, -201.890105}
{504.464286,75.230704, -168.296883}
{504.464286,77.192656, -134.662744}
{504.464286,78.820191, -101.010557}
{504.464286,80.24625, -67.349225}
{504.464286,81.440899, -33.678912}
{504.464286,82.360783, 0}
{403.571429,-61.849471, 0}
{403.571429,-61.181863, -28.424972}
{403.571429,-60.316239, -56.84462}
{403.571429,-59.283094, -85.258688}
{403.571429,-58.106336, -113.667171}
{403.571429,-56.704402, -142.06532}
{403.571429,-54.899014, -170.440421}
{403.571429,-52.297041, -198.752096}
{403.571429,-47.478377, -226.745954}
{403.571429,-28.423094, -243.933614}
{403.571429,0, -244.310814}
{403.571429,28.423094, -243.933614}
{403.571429,47.478377, -226.745954}
{403.571429,52.297041, -198.752096}
{403.571429,54.899014, -170.440421}
{403.571429,56.704402, -142.06532}
{403.571429,58.106336, -113.667171}
{403.571429,59.283094, -85.258688}
{403.571429,60.316239, -56.84462}
{403.571429,61.181863, -28.424972}
{403.571429,61.849471, 0}
{302.678571,-40.244383, 0}
{302.678571,-39.823531, -21.064807}
{302.678571,-39.278757, -42.126782}
{302.678571,-38.628765, -63.185781}
{302.678571,-37.889397, -84.241834}
{302.678571,-37.017997, -105.292784}
{302.678571,-35.909232, -126.332456}
{302.678571,-34.35058, -147.342946}
{302.678571,-31.669657, -168.232576}
{302.678571,-21.045558, -184.603482}
{302.678571,0, -185.066282}
{302.678571,21.045558, -184.603482}
{302.678571,31.669657, -168.232576}
{302.678571,34.35058, -147.342946}
{302.678571,35.909232, -126.332456}
{302.678571,37.017997, -105.292784}
{302.678571,37.889397, -84.241834}
{302.678571,38.628765, -63.185781}
{302.678571,39.278757, -42.126782}
{302.678571,39.823531, -21.064807}
{302.678571,40.244383, 0}
{201.785714,-17.526587, 0}
{201.785714,-17.383261, -11.300022}
{201.785714,-17.185755, -22.599231}
{201.785714,-16.94217, -33.897543}
{201.785714,-16.66014, -45.194962}
{201.785714,-16.323718, -56.490877}
{201.785714,-15.891035, -67.783482}
{201.785714,-15.286184, -79.067999}
{201.785714,-14.296917, -90.324035}
{201.785714,-11.125339, -100.928907}
{201.785714,0, -101.80398}
{201.785714,11.125339, -100.928907}
{201.785714,14.296917, -90.324035}
{201.785714,15.286184, -79.067999}
{201.785714,15.891035, -67.783482}
{201.785714,16.323718, -56.490877}
{201.785714,16.66014, -45.194962}
{201.785714,16.94217, -33.897543}
{201.785714,17.185755, -22.599231}
{201.785714,17.383261, -11.300022}
{201.785714,17.526587, 0}
{0,0, 0}
{5650,0, 0}
