{2825,350, 24}
{2825,350, 19.2}
{2825,350, 14.4}
{2825,350, 9.6}
{2825,350, 4.8}
{2825,350, 0}
{2825,-350, 0}
{2825,-350, 4.8}
{2825,-350, 9.6}
{2825,-350, 14.4}
{2825,-350, 19.2}
{2825,-350, 24}
{2925.892857,349.832262, 24}
{2925.892857,349.832262, 19.2}
{2925.892857,349.832262, 14.4}
{2925.892857,349.832262, 9.6}
{2925.892857,349.832262, 4.8}
{2925.892857,349.832262, 0}
{2925.892857,-349.831844, 0}
{2925.892857,-349.831844, 4.8}
{2925.892857,-349.831844, 9.6}
{2925.892857,-349.831844, 14.4}
{2925.892857,-349.831844, 19.2}
{2925.892857,-349.831844, 24}
{3026.785714,349.064098, 24}
{3026.785714,349.064098, 19.2}
{3026.785714,349.064098, 14.4}
{3026.785714,349.064098, 9.6}
{3026.785714,349.064098, 4.8}
{3026.785714,349.064098, 0}
{3026.785714,-349.0641, 0}
{3026.785714,-349.0641, 4.8}
{3026.785714,-349.0641, 9.6}
{3026.785714,-349.0641, 14.4}
{3026.785714,-349.0641, 19.2}
{3026.785714,-349.0641, 24}
{3127.678571,347.686261, 24}
{3127.678571,347.686261, 19.2}
{3127.678571,347.686261, 14.4}
{3127.678571,347.686261, 9.6}
{3127.678571,347.686261, 4.8}
{3127.678571,347.686261, 0}
{3127.678571,-347.686274, 0}
{3127.678571,-347.686274, 4.8}
{3127.678571,-347.686274, 9.6}
{3127.678571,-347.686274, 14.4}
{3127.678571,-347.686274, 19.2}
{3127.678571,-347.686274, 24}
{3228.571429,345.603166, 24}
{3228.571429,345.603166, 19.2}
{3228.571429,345.603166, 14.4}
{3228.571429,345.603166, 9.6}
{3228.571429,345.603166, 4.8}
{3228.571429,345.603166, 0}
{3228.571429,-345.603174, 0}
{3228.571429,-345.603174, 4.8}
{3228.571429,-345.603174, 9.6}
{3228.571429,-345.603174, 14.4}
{3228.571429,-345.603174, 19.2}
{3228.571429,-345.603174, 24}
{3329.464286,342.741632, 24}
{3329.464286,342.741632, 19.2}
{3329.464286,342.741632, 14.4}
{3329.464286,342.741632, 9.6}
{3329.464286,342.741632, 4.8}
{3329.464286,342.741632, 0}
{3329.464286,-342.742062, 0}
{3329.464286,-342.742062, 4.8}
{3329.464286,-342.742062, 9.6}
{3329.464286,-342.742062, 14.4}
{3329.464286,-342.742062, 19.2}
{3329.464286,-342.742062, 24}
{3430.357143,339.061461, 24}
{3430.357143,339.061461, 19.2}
{3430.357143,339.061461, 14.4}
{3430.357143,339.061461, 9.6}
{3430.357143,339.061461, 4.8}
{3430.357143,339.061461, 0}
{3430.357143,-339.06144, 0}
{3430.357143,-339.06144, 4.8}
{3430.357143,-339.06144, 9.6}
{3430.357143,-339.06144, 14.4}
{3430.357143,-339.06144, 19.2}
{3430.357143,-339.06144, 24}
{3531.25,334.523469, 24}
{3531.25,334.523469, 19.2}
{3531.25,334.523469, 14.4}
{3531.25,334.523469, 9.6}
{3531.25,334.523469, 4.8}
{3531.25,334.523469, 0}
{3531.25,-334.523451, 0}
{3531.25,-334.523451, 4.8}
{3531.25,-334.523451, 9.6}
{3531.25,-334.523451, 14.4}
{3531.25,-334.523451, 19.2}
{3531.25,-334.523451, 24}
{3632.142857,329.100034, 24}
{3632.142857,329.100034, 19.2}
{3632.142857,329.100034, 14.4}
{3632.142857,329.100034, 9.6}
{3632.142857,329.100034, 4.8}
{3632.142857,329.100034, 0}
{3632.142857,-329.100047, 0}
{3632.142857,-329.100047, 4.8}
{3632.142857,-329.100047, 9.6}
{3632.142857,-329.100047, 14.4}
{3632.142857,-329.100047, 19.2}
{3632.142857,-329.100047, 24}
{3733.035714,322.76135, 24}
{3733.035714,322.76135, 19.2}
{3733.035714,322.76135, 14.4}
{3733.035714,322.76135, 9.6}
{3733.035714,322.76135, 4.8}
{3733.035714,322.76135, 0}
{3733.035714,-322.760785, 0}
{3733.035714,-322.760785, 4.8}
{3733.035714,-322.760785, 9.6}
{3733.035714,-322.760785, 14.4}
{3733.035714,-322.760785, 19.2}
{3733.035714,-322.760785, 24}
{3833.928571,315.481369, 24}
{3833.928571,315.481369, 19.2}
{3833.928571,315.481369, 14.4}
{3833.928571,315.481369, 9.6}
{3833.928571,315.481369, 4.8}
{3833.928571,315.481369, 0}
{3833.928571,-315.481375, 0}
{3833.928571,-315.481375, 4.8}
{3833.928571,-315.481375, 9.6}
{3833.928571,-315.481375, 14.4}
{3833.928571,-315.481375, 19.2}
{3833.928571,-315.481375, 24}
{3934.821429,307.233643, 24}
{3934.821429,307.233643, 19.2}
{3934.821429,307.233643, 14.4}
{3934.821429,307.233643, 9.6}
{3934.821429,307.233643, 4.8}
{3934.821429,307.233643, 0}
{3934.821429,-307.233625, 0}
{3934.821429,-307.233625, 4.8}
{3934.821429,-307.233625, 9.6}
{3934.821429,-307.233625, 14.4}
{3934.821429,-307.233625, 19.2}
{3934.821429,-307.233625, 24}
{4035.714286,297.977989, 24}
{4035.714286,297.977989, 19.2}
{4035.714286,297.977989, 14.4}
{4035.714286,297.977989, 9.6}
{4035.714286,297.977989, 4.8}
{4035.714286,297.977989, 0}
{4035.714286,-297.97799, 0}
{4035.714286,-297.97799, 4.8}
{4035.714286,-297.97799, 9.6}
{4035.714286,-297.97799, 14.4}
{4035.714286,-297.97799, 19.2}
{4035.714286,-297.97799, 24}
{4136.607143,287.709648, 24}
{4136.607143,287.709648, 19.2}
{4136.607143,287.709648, 14.4}
{4136.607143,287.709648, 9.6}
{4136.607143,287.709648, 4.8}
{4136.607143,287.709648, 0}
{4136.607143,-287.709673, 0}
{4136.607143,-287.709673, 4.8}
{4136.607143,-287.709673, 9.6}
{4136.607143,-287.709673, 14.4}
{4136.607143,-287.709673, 19.2}
{4136.607143,-287.709673, 24}
{4237.5,276.409248, 24}
{4237.5,276.409248, 19.2}
{4237.5,276.409248, 14.4}
{4237.5,276.409248, 9.6}
{4237.5,276.409248, 4.8}
{4237.5,276.409248, 0}
{4237.5,-276.409246, 0}
{4237.5,-276.409246, 4.8}
{4237.5,-276.409246, 9.6}
{4237.5,-276.409246, 14.4}
{4237.5,-276.409246, 19.2}
{4237.5,-276.409246, 24}
{4338.392857,264.057099, 24}
{4338.392857,264.057099, 19.2}
{4338.392857,264.057099, 14.4}
{4338.392857,264.057099, 9.6}
{4338.392857,264.057099, 4.8}
{4338.392857,264.057099, 0}
{4338.392857,-264.057089, 0}
{4338.392857,-264.057089, 4.8}
{4338.392857,-264.057089, 9.6}
{4338.392857,-264.057089, 14.4}
{4338.392857,-264.057089, 19.2}
{4338.392857,-264.057089, 24}
{4439.285714,250.634708, 24}
{4439.285714,250.634708, 19.2}
{4439.285714,250.634708, 14.4}
{4439.285714,250.634708, 9.6}
{4439.285714,250.634708, 4.8}
{4439.285714,250.634708, 0}
{4439.285714,-250.632204, 0}
{4439.285714,-250.632204, 4.8}
{4439.285714,-250.632204, 9.6}
{4439.285714,-250.632204, 14.4}
{4439.285714,-250.632204, 19.2}
{4439.285714,-250.632204, 24}
{4540.178571,236.104254, 24}
{4540.178571,236.104254, 19.2}
{4540.178571,236.104254, 14.4}
{4540.178571,236.104254, 9.6}
{4540.178571,236.104254, 4.8}
{4540.178571,236.104254, 0}
{4540.178571,-236.104246, 0}
{4540.178571,-236.104246, 4.8}
{4540.178571,-236.104246, 9.6}
{4540.178571,-236.104246, 14.4}
{4540.178571,-236.104246, 19.2}
{4540.178571,-236.104246, 24}
{4641.071429,220.469828, 24}
{4641.071429,220.469828, 19.2}
{4641.071429,220.469828, 14.4}
{4641.071429,220.469828, 9.6}
{4641.071429,220.469828, 4.8}
{4641.071429,220.469828, 0}
{4641.071429,-220.469825, 0}
{4641.071429,-220.469825, 4.8}
{4641.071429,-220.469825, 9.6}
{4641.071429,-220.469825, 14.4}
{4641.071429,-220.469825, 19.2}
{4641.071429,-220.469825, 24}
{4741.964286,203.716991, 24}
{4741.964286,203.716991, 19.2}
{4741.964286,203.716991, 14.4}
{4741.964286,203.716991, 9.6}
{4741.964286,203.716991, 4.8}
{4741.964286,203.716991, 0}
{4741.964286,-203.71699, 0}
{4741.964286,-203.71699, 4.8}
{4741.964286,-203.71699, 9.6}
{4741.964286,-203.71699, 14.4}
{4741.964286,-203.71699, 19.2}
{4741.964286,-203.71699, 24}
{4842.857143,185.829594, 24}
{4842.857143,185.829594, 19.2}
{4842.857143,185.829594, 14.4}
{4842.857143,185.829594, 9.6}
{4842.857143,185.829594, 4.8}
{4842.857143,185.829594, 0}
{4842.857143,-185.829594, 0}
{4842.857143,-185.829594, 4.8}
{4842.857143,-185.829594, 9.6}
{4842.857143,-185.829594, 14.4}
{4842.857143,-185.829594, 19.2}
{4842.857143,-185.829594, 24}
{4943.75,166.781825, 24}
{4943.75,166.781825, 19.2}
{4943.75,166.781825, 14.4}
{4943.75,166.781825, 9.6}
{4943.75,166.781825, 4.8}
{4943.75,166.781825, 0}
{4943.75,-166.781202, 0}
{4943.75,-166.781202, 4.8}
{4943.75,-166.781202, 9.6}
{4943.75,-166.781202, 14.4}
{4943.75,-166.781202, 19.2}
{4943.75,-166.781202, 24}
{5044.642857,146.557506, 24}
{5044.642857,146.557506, 19.2}
{5044.642857,146.557506, 14.4}
{5044.642857,146.557506, 9.6}
{5044.642857,146.557506, 4.8}
{5044.642857,146.557506, 0}
{5044.642857,-146.557503, 0}
{5044.642857,-146.557503, 4.8}
{5044.642857,-146.557503, 9.6}
{5044.642857,-146.557503, 14.4}
{5044.642857,-146.557503, 19.2}
{5044.642857,-146.557503, 24}
{5145.535714,125.15885, 24}
{5145.535714,125.15885, 19.2}
{5145.535714,125.15885, 14.4}
{5145.535714,125.15885, 9.6}
{5145.535714,125.15885, 4.8}
{5145.535714,125.15885, 0}
{5145.535714,-125.158846, 0}
{5145.535714,-125.158846, 4.8}
{5145.535714,-125.158846, 9.6}
{5145.535714,-125.158846, 14.4}
{5145.535714,-125.158846, 19.2}
{5145.535714,-125.158846, 24}
{5246.428571,102.572213, 24}
{5246.428571,102.572213, 19.2}
{5246.428571,102.572213, 14.4}
{5246.428571,102.572213, 9.6}
{5246.428571,102.572213, 4.8}
{5246.428571,102.572213, 0}
{5246.428571,-102.572247, 0}
{5246.428571,-102.572247, 4.8}
{5246.428571,-102.572247, 9.6}
{5246.428571,-102.572247, 14.4}
{5246.428571,-102.572247, 19.2}
{5246.428571,-102.572247, 24}
{5347.321429,78.769369, 24}
{5347.321429,78.769369, 19.2}
{5347.321429,78.769369, 14.4}
{5347.321429,78.769369, 9.6}
{5347.321429,78.769369, 4.8}
{5347.321429,78.769369, 0}
{5347.321429,-78.769049, 0}
{5347.321429,-78.769049, 4.8}
{5347.321429,-78.769049, 9.6}
{5347.321429,-78.769049, 14.4}
{5347.321429,-78.769049, 19.2}
{5347.321429,-78.769049, 24}
{5448.214286,53.740047, 24}
{5448.214286,53.740047, 19.2}
{5448.214286,53.740047, 14.4}
{5448.214286,53.740047, 9.6}
{5448.214286,53.740047, 4.8}
{5448.214286,53.740047, 0}
{5448.214286,-53.740893, 0}
{5448.214286,-53.740893, 4.8}
{5448.214286,-53.740893, 9.6}
{5448.214286,-53.740893, 14.4}
{5448.214286,-53.740893, 19.2}
{5448.214286,-53.740893, 24}
{5549.107143,27.486034, 24}
{5549.107143,27.486034, 19.2}
{5549.107143,27.486034, 14.4}
{5549.107143,27.486034, 9.6}
{5549.107143,27.486034, 4.8}
{5549.107143,27.486034, 0}
{5549.107143,-27.486477, 0}
{5549.107143,-27.486477, 4.8}
{5549.107143,-27.486477, 9.6}
{5549.107143,-27.486477, 14.4}
{5549.107143,-27.486477, 19.2}
{5549.107143,-27.486477, 24}
{2724.107143,349.831844, 24}
{2724.107143,349.831844, 19.2}
{2724.107143,349.831844, 14.4}
{2724.107143,349.831844, 9.6}
{2724.107143,349.831844, 4.8}
{2724.107143,349.831844, 0}
{2724.107143,-349.832262, 0}
{2724.107143,-349.832262, 4.8}
{2724.107143,-349.832262, 9.6}
{2724.107143,-349.832262, 14.4}
{2724.107143,-349.832262, 19.2}
{2724.107143,-349.832262, 24}
{2623.214286,349.0641, 24}
{2623.214286,349.0641, 19.2}
{2623.214286,349.0641, 14.4}
{2623.214286,349.0641, 9.6}
{2623.214286,349.0641, 4.8}
{2623.214286,349.0641, 0}
{2623.214286,-349.064098, 0}
{2623.214286,-349.064098, 4.8}
{2623.214286,-349.064098, 9.6}
{2623.214286,-349.064098, 14.4}
{2623.214286,-349.064098, 19.2}
{2623.214286,-349.064098, 24}
{2522.321429,347.686274, 24}
{2522.321429,347.686274, 19.2}
{2522.321429,347.686274, 14.4}
{2522.321429,347.686274, 9.6}
{2522.321429,347.686274, 4.8}
{2522.321429,347.686274, 0}
{2522.321429,-347.686261, 0}
{2522.321429,-347.686261, 4.8}
{2522.321429,-347.686261, 9.6}
{2522.321429,-347.686261, 14.4}
{2522.321429,-347.686261, 19.2}
{2522.321429,-347.686261, 24}
{2421.428571,345.603174, 24}
{2421.428571,345.603174, 19.2}
{2421.428571,345.603174, 14.4}
{2421.428571,345.603174, 9.6}
{2421.428571,345.603174, 4.8}
{2421.428571,345.603174, 0}
{2421.428571,-345.603166, 0}
{2421.428571,-345.603166, 4.8}
{2421.428571,-345.603166, 9.6}
{2421.428571,-345.603166, 14.4}
{2421.428571,-345.603166, 19.2}
{2421.428571,-345.603166, 24}
{2320.535714,342.742062, 24}
{2320.535714,342.742062, 19.2}
{2320.535714,342.742062, 14.4}
{2320.535714,342.742062, 9.6}
{2320.535714,342.742062, 4.8}
{2320.535714,342.742062, 0}
{2320.535714,-342.741632, 0}
{2320.535714,-342.741632, 4.8}
{2320.535714,-342.741632, 9.6}
{2320.535714,-342.741632, 14.4}
{2320.535714,-342.741632, 19.2}
{2320.535714,-342.741632, 24}
{2219.642857,339.06144, 24}
{2219.642857,339.06144, 19.2}
{2219.642857,339.06144, 14.4}
{2219.642857,339.06144, 9.6}
{2219.642857,339.06144, 4.8}
{2219.642857,339.06144, 0}
{2219.642857,-339.061461, 0}
{2219.642857,-339.061461, 4.8}
{2219.642857,-339.061461, 9.6}
{2219.642857,-339.061461, 14.4}
{2219.642857,-339.061461, 19.2}
{2219.642857,-339.061461, 24}
{2118.75,334.523451, 24}
{2118.75,334.523451, 19.2}
{2118.75,334.523451, 14.4}
{2118.75,334.523451, 9.6}
{2118.75,334.523451, 4.8}
{2118.75,334.523451, 0}
{2118.75,-334.523469, 0}
{2118.75,-334.523469, 4.8}
{2118.75,-334.523469, 9.6}
{2118.75,-334.523469, 14.4}
{2118.75,-334.523469, 19.2}
{2118.75,-334.523469, 24}
{2017.857143,329.100047, 24}
{2017.857143,329.100047, 19.2}
{2017.857143,329.100047, 14.4}
{2017.857143,329.100047, 9.6}
{2017.857143,329.100047, 4.8}
{2017.857143,329.100047, 0}
{2017.857143,-329.100034, 0}
{2017.857143,-329.100034, 4.8}
{2017.857143,-329.100034, 9.6}
{2017.857143,-329.100034, 14.4}
{2017.857143,-329.100034, 19.2}
{2017.857143,-329.100034, 24}
{1916.964286,322.760785, 24}
{1916.964286,322.760785, 19.2}
{1916.964286,322.760785, 14.4}
{1916.964286,322.760785, 9.6}
{1916.964286,322.760785, 4.8}
{1916.964286,322.760785, 0}
{1916.964286,-322.76135, 0}
{1916.964286,-322.76135, 4.8}
{1916.964286,-322.76135, 9.6}
{1916.964286,-322.76135, 14.4}
{1916.964286,-322.76135, 19.2}
{1916.964286,-322.76135, 24}
{1816.071429,315.481375, 24}
{1816.071429,315.481375, 19.2}
{1816.071429,315.481375, 14.4}
{1816.071429,315.481375, 9.6}
{1816.071429,315.481375, 4.8}
{1816.071429,315.481375, 0}
{1816.071429,-315.481369, 0}
{1816.071429,-315.481369, 4.8}
{1816.071429,-315.481369, 9.6}
{1816.071429,-315.481369, 14.4}
{1816.071429,-315.481369, 19.2}
{1816.071429,-315.481369, 24}
{1715.178571,307.233625, 24}
{1715.178571,307.233625, 19.2}
{1715.178571,307.233625, 14.4}
{1715.178571,307.233625, 9.6}
{1715.178571,307.233625, 4.8}
{1715.178571,307.233625, 0}
{1715.178571,-307.233643, 0}
{1715.178571,-307.233643, 4.8}
{1715.178571,-307.233643, 9.6}
{1715.178571,-307.233643, 14.4}
{1715.178571,-307.233643, 19.2}
{1715.178571,-307.233643, 24}
{1614.285714,297.97799, 24}
{1614.285714,297.97799, 19.2}
{1614.285714,297.97799, 14.4}
{1614.285714,297.97799, 9.6}
{1614.285714,297.97799, 4.8}
{1614.285714,297.97799, 0}
{1614.285714,-297.977989, 0}
{1614.285714,-297.977989, 4.8}
{1614.285714,-297.977989, 9.6}
{1614.285714,-297.977989, 14.4}
{1614.285714,-297.977989, 19.2}
{1614.285714,-297.977989, 24}
{1513.392857,287.709673, 24}
{1513.392857,287.709673, 19.2}
{1513.392857,287.709673, 14.4}
{1513.392857,287.709673, 9.6}
{1513.392857,287.709673, 4.8}
{1513.392857,287.709673, 0}
{1513.392857,-287.709648, 0}
{1513.392857,-287.709648, 4.8}
{1513.392857,-287.709648, 9.6}
{1513.392857,-287.709648, 14.4}
{1513.392857,-287.709648, 19.2}
{1513.392857,-287.709648, 24}
{1412.5,276.409246, 24}
{1412.5,276.409246, 19.2}
{1412.5,276.409246, 14.4}
{1412.5,276.409246, 9.6}
{1412.5,276.409246, 4.8}
{1412.5,276.409246, 0}
{1412.5,-276.409248, 0}
{1412.5,-276.409248, 4.8}
{1412.5,-276.409248, 9.6}
{1412.5,-276.409248, 14.4}
{1412.5,-276.409248, 19.2}
{1412.5,-276.409248, 24}
{1311.607143,264.057089, 24}
{1311.607143,264.057089, 19.2}
{1311.607143,264.057089, 14.4}
{1311.607143,264.057089, 9.6}
{1311.607143,264.057089, 4.8}
{1311.607143,264.057089, 0}
{1311.607143,-264.057099, 0}
{1311.607143,-264.057099, 4.8}
{1311.607143,-264.057099, 9.6}
{1311.607143,-264.057099, 14.4}
{1311.607143,-264.057099, 19.2}
{1311.607143,-264.057099, 24}
{1210.714286,250.632204, 24}
{1210.714286,250.632204, 19.2}
{1210.714286,250.632204, 14.4}
{1210.714286,250.632204, 9.6}
{1210.714286,250.632204, 4.8}
{1210.714286,250.632204, 0}
{1210.714286,-250.634708, 0}
{1210.714286,-250.634708, 4.8}
{1210.714286,-250.634708, 9.6}
{1210.714286,-250.634708, 14.4}
{1210.714286,-250.634708, 19.2}
{1210.714286,-250.634708, 24}
{1109.821429,236.104246, 24}
{1109.821429,236.104246, 19.2}
{1109.821429,236.104246, 14.4}
{1109.821429,236.104246, 9.6}
{1109.821429,236.104246, 4.8}
{1109.821429,236.104246, 0}
{1109.821429,-236.104254, 0}
{1109.821429,-236.104254, 4.8}
{1109.821429,-236.104254, 9.6}
{1109.821429,-236.104254, 14.4}
{1109.821429,-236.104254, 19.2}
{1109.821429,-236.104254, 24}
{1008.928571,220.469825, 24}
{1008.928571,220.469825, 19.2}
{1008.928571,220.469825, 14.4}
{1008.928571,220.469825, 9.6}
{1008.928571,220.469825, 4.8}
{1008.928571,220.469825, 0}
{1008.928571,-220.469828, 0}
{1008.928571,-220.469828, 4.8}
{1008.928571,-220.469828, 9.6}
{1008.928571,-220.469828, 14.4}
{1008.928571,-220.469828, 19.2}
{1008.928571,-220.469828, 24}
{908.035714,203.71699, 24}
{908.035714,203.71699, 19.2}
{908.035714,203.71699, 14.4}
{908.035714,203.71699, 9.6}
{908.035714,203.71699, 4.8}
{908.035714,203.71699, 0}
{908.035714,-203.716991, 0}
{908.035714,-203.716991, 4.8}
{908.035714,-203.716991, 9.6}
{908.035714,-203.716991, 14.4}
{908.035714,-203.716991, 19.2}
{908.035714,-203.716991, 24}
{807.142857,185.829594, 24}
{807.142857,185.829594, 19.2}
{807.142857,185.829594, 14.4}
{807.142857,185.829594, 9.6}
{807.142857,185.829594, 4.8}
{807.142857,185.829594, 0}
{807.142857,-185.829594, 0}
{807.142857,-185.829594, 4.8}
{807.142857,-185.829594, 9.6}
{807.142857,-185.829594, 14.4}
{807.142857,-185.829594, 19.2}
{807.142857,-185.829594, 24}
{706.25,166.781202, 24}
{706.25,166.781202, 19.2}
{706.25,166.781202, 14.4}
{706.25,166.781202, 9.6}
{706.25,166.781202, 4.8}
{706.25,166.781202, 0}
{706.25,-166.781825, 0}
{706.25,-166.781825, 4.8}
{706.25,-166.781825, 9.6}
{706.25,-166.781825, 14.4}
{706.25,-166.781825, 19.2}
{706.25,-166.781825, 24}
{605.357143,146.557503, 24}
{605.357143,146.557503, 19.2}
{605.357143,146.557503, 14.4}
{605.357143,146.557503, 9.6}
{605.357143,146.557503, 4.8}
{605.357143,146.557503, 0}
{605.357143,-146.557506, 0}
{605.357143,-146.557506, 4.8}
{605.357143,-146.557506, 9.6}
{605.357143,-146.557506, 14.4}
{605.357143,-146.557506, 19.2}
{605.357143,-146.557506, 24}
{504.464286,125.158846, 24}
{504.464286,125.158846, 19.2}
{504.464286,125.158846, 14.4}
{504.464286,125.158846, 9.6}
{504.464286,125.158846, 4.8}
{504.464286,125.158846, 0}
{504.464286,-125.15885, 0}
{504.464286,-125.15885, 4.8}
{504.464286,-125.15885, 9.6}
{504.464286,-125.15885, 14.4}
{504.464286,-125.15885, 19.2}
{504.464286,-125.15885, 24}
{403.571429,102.572247, 24}
{403.571429,102.572247, 19.2}
{403.571429,102.572247, 14.4}
{403.571429,102.572247, 9.6}
{403.571429,102.572247, 4.8}
{403.571429,102.572247, 0}
{403.571429,-102.572213, 0}
{403.571429,-102.572213, 4.8}
{403.571429,-102.572213, 9.6}
{403.571429,-102.572213, 14.4}
{403.571429,-102.572213, 19.2}
{403.571429,-102.572213, 24}
{302.678571,78.769049, 24}
{302.678571,78.769049, 19.2}
{302.678571,78.769049, 14.4}
{302.678571,78.769049, 9.6}
{302.678571,78.769049, 4.8}
{302.678571,78.769049, 0}
{302.678571,-78.769369, 0}
{302.678571,-78.769369, 4.8}
{302.678571,-78.769369, 9.6}
{302.678571,-78.769369, 14.4}
{302.678571,-78.769369, 19.2}
{302.678571,-78.769369, 24}
{201.785714,53.740893, 24}
{201.785714,53.740893, 19.2}
{201.785714,53.740893, 14.4}
{201.785714,53.740893, 9.6}
{201.785714,53.740893, 4.8}
{201.785714,53.740893, 0}
{201.785714,-53.740047, 0}
{201.785714,-53.740047, 4.8}
{201.785714,-53.740047, 9.6}
{201.785714,-53.740047, 14.4}
{201.785714,-53.740047, 19.2}
{201.785714,-53.740047, 24}
{100.892857,27.486477, 24}
{100.892857,27.486477, 19.2}
{100.892857,27.486477, 14.4}
{100.892857,27.486477, 9.6}
{100.892857,27.486477, 4.8}
{100.892857,27.486477, 0}
{100.892857,-27.486034, 0}
{100.892857,-27.486034, 4.8}
{100.892857,-27.486034, 9.6}
{100.892857,-27.486034, 14.4}
{100.892857,-27.486034, 19.2}
{100.892857,-27.486034, 24}
{0,0, 0}
{5650,0, 0}
