{2825,326.000336, 24}
{2825,326.000336, 19.2}
{2825,326.000336, 14.4}
{2825,326.000336, 9.6}
{2825,326.000336, 4.8}
{2825,326.000336, 0}
{2825,-326.000336, 0}
{2825,-326.000336, 4.8}
{2825,-326.000336, 9.6}
{2825,-326.000336, 14.4}
{2825,-326.000336, 19.2}
{2825,-326.000336, 24}
{2925.892857,325.8105, 24}
{2925.892857,325.8105, 19.2}
{2925.892857,325.8105, 14.4}
{2925.892857,325.8105, 9.6}
{2925.892857,325.8105, 4.8}
{2925.892857,325.8105, 0}
{2925.892857,-325.813462, 0}
{2925.892857,-325.813462, 4.8}
{2925.892857,-325.813462, 9.6}
{2925.892857,-325.813462, 14.4}
{2925.892857,-325.813462, 19.2}
{2925.892857,-325.813462, 24}
{3026.785714,325.022653, 24}
{3026.785714,325.022653, 19.2}
{3026.785714,325.022653, 14.4}
{3026.785714,325.022653, 9.6}
{3026.785714,325.022653, 4.8}
{3026.785714,325.022653, 0}
{3026.785714,-325.022731, 0}
{3026.785714,-325.022731, 4.8}
{3026.785714,-325.022731, 9.6}
{3026.785714,-325.022731, 14.4}
{3026.785714,-325.022731, 19.2}
{3026.785714,-325.022731, 24}
{3127.678571,323.628463, 24}
{3127.678571,323.628463, 19.2}
{3127.678571,323.628463, 14.4}
{3127.678571,323.628463, 9.6}
{3127.678571,323.628463, 4.8}
{3127.678571,323.628463, 0}
{3127.678571,-323.624503, 0}
{3127.678571,-323.624503, 4.8}
{3127.678571,-323.624503, 9.6}
{3127.678571,-323.624503, 14.4}
{3127.678571,-323.624503, 19.2}
{3127.678571,-323.624503, 24}
{3228.571429,321.525496, 24}
{3228.571429,321.525496, 19.2}
{3228.571429,321.525496, 14.4}
{3228.571429,321.525496, 9.6}
{3228.571429,321.525496, 4.8}
{3228.571429,321.525496, 0}
{3228.571429,-321.527798, 0}
{3228.571429,-321.527798, 4.8}
{3228.571429,-321.527798, 9.6}
{3228.571429,-321.527798, 14.4}
{3228.571429,-321.527798, 19.2}
{3228.571429,-321.527798, 24}
{3329.464286,318.6598, 24}
{3329.464286,318.6598, 19.2}
{3329.464286,318.6598, 14.4}
{3329.464286,318.6598, 9.6}
{3329.464286,318.6598, 4.8}
{3329.464286,318.6598, 0}
{3329.464286,-318.662314, 0}
{3329.464286,-318.662314, 4.8}
{3329.464286,-318.662314, 9.6}
{3329.464286,-318.662314, 14.4}
{3329.464286,-318.662314, 19.2}
{3329.464286,-318.662314, 24}
{3430.357143,314.985363, 24}
{3430.357143,314.985363, 19.2}
{3430.357143,314.985363, 14.4}
{3430.357143,314.985363, 9.6}
{3430.357143,314.985363, 4.8}
{3430.357143,314.985363, 0}
{3430.357143,-314.991292, 0}
{3430.357143,-314.991292, 4.8}
{3430.357143,-314.991292, 9.6}
{3430.357143,-314.991292, 14.4}
{3430.357143,-314.991292, 19.2}
{3430.357143,-314.991292, 24}
{3531.25,310.467533, 24}
{3531.25,310.467533, 19.2}
{3531.25,310.467533, 14.4}
{3531.25,310.467533, 9.6}
{3531.25,310.467533, 4.8}
{3531.25,310.467533, 0}
{3531.25,-310.480387, 0}
{3531.25,-310.480387, 4.8}
{3531.25,-310.480387, 9.6}
{3531.25,-310.480387, 14.4}
{3531.25,-310.480387, 19.2}
{3531.25,-310.480387, 24}
{3632.142857,305.04896, 24}
{3632.142857,305.04896, 19.2}
{3632.142857,305.04896, 14.4}
{3632.142857,305.04896, 9.6}
{3632.142857,305.04896, 4.8}
{3632.142857,305.04896, 0}
{3632.142857,-305.048936, 0}
{3632.142857,-305.048936, 4.8}
{3632.142857,-305.048936, 9.6}
{3632.142857,-305.048936, 14.4}
{3632.142857,-305.048936, 19.2}
{3632.142857,-305.048936, 24}
{3733.035714,298.658877, 24}
{3733.035714,298.658877, 19.2}
{3733.035714,298.658877, 14.4}
{3733.035714,298.658877, 9.6}
{3733.035714,298.658877, 4.8}
{3733.035714,298.658877, 0}
{3733.035714,-298.658926, 0}
{3733.035714,-298.658926, 4.8}
{3733.035714,-298.658926, 9.6}
{3733.035714,-298.658926, 14.4}
{3733.035714,-298.658926, 19.2}
{3733.035714,-298.658926, 24}
{3833.928571,291.333301, 24}
{3833.928571,291.333301, 19.2}
{3833.928571,291.333301, 14.4}
{3833.928571,291.333301, 9.6}
{3833.928571,291.333301, 4.8}
{3833.928571,291.333301, 0}
{3833.928571,-291.333301, 0}
{3833.928571,-291.333301, 4.8}
{3833.928571,-291.333301, 9.6}
{3833.928571,-291.333301, 14.4}
{3833.928571,-291.333301, 19.2}
{3833.928571,-291.333301, 24}
{3934.821429,283.047853, 24}
{3934.821429,283.047853, 19.2}
{3934.821429,283.047853, 14.4}
{3934.821429,283.047853, 9.6}
{3934.821429,283.047853, 4.8}
{3934.821429,283.047853, 0}
{3934.821429,-283.047839, 0}
{3934.821429,-283.047839, 4.8}
{3934.821429,-283.047839, 9.6}
{3934.821429,-283.047839, 14.4}
{3934.821429,-283.047839, 19.2}
{3934.821429,-283.047839, 24}
{4035.714286,273.780149, 24}
{4035.714286,273.780149, 19.2}
{4035.714286,273.780149, 14.4}
{4035.714286,273.780149, 9.6}
{4035.714286,273.780149, 4.8}
{4035.714286,273.780149, 0}
{4035.714286,-273.780118, 0}
{4035.714286,-273.780118, 4.8}
{4035.714286,-273.780118, 9.6}
{4035.714286,-273.780118, 14.4}
{4035.714286,-273.780118, 19.2}
{4035.714286,-273.780118, 24}
{4136.607143,263.509272, 24}
{4136.607143,263.509272, 19.2}
{4136.607143,263.509272, 14.4}
{4136.607143,263.509272, 9.6}
{4136.607143,263.509272, 4.8}
{4136.607143,263.509272, 0}
{4136.607143,-263.509287, 0}
{4136.607143,-263.509287, 4.8}
{4136.607143,-263.509287, 9.6}
{4136.607143,-263.509287, 14.4}
{4136.607143,-263.509287, 19.2}
{4136.607143,-263.509287, 24}
{4237.5,252.215705, 24}
{4237.5,252.215705, 19.2}
{4237.5,252.215705, 14.4}
{4237.5,252.215705, 9.6}
{4237.5,252.215705, 4.8}
{4237.5,252.215705, 0}
{4237.5,-252.215709, 0}
{4237.5,-252.215709, 4.8}
{4237.5,-252.215709, 9.6}
{4237.5,-252.215709, 14.4}
{4237.5,-252.215709, 19.2}
{4237.5,-252.215709, 24}
{4338.392857,239.859156, 24}
{4338.392857,239.859156, 19.2}
{4338.392857,239.859156, 14.4}
{4338.392857,239.859156, 9.6}
{4338.392857,239.859156, 4.8}
{4338.392857,239.859156, 0}
{4338.392857,-239.859185, 0}
{4338.392857,-239.859185, 4.8}
{4338.392857,-239.859185, 9.6}
{4338.392857,-239.859185, 14.4}
{4338.392857,-239.859185, 19.2}
{4338.392857,-239.859185, 24}
{4439.285714,226.346617, 24}
{4439.285714,226.346617, 19.2}
{4439.285714,226.346617, 14.4}
{4439.285714,226.346617, 9.6}
{4439.285714,226.346617, 4.8}
{4439.285714,226.346617, 0}
{4439.285714,-226.346594, 0}
{4439.285714,-226.346594, 4.8}
{4439.285714,-226.346594, 9.6}
{4439.285714,-226.346594, 14.4}
{4439.285714,-226.346594, 19.2}
{4439.285714,-226.346594, 24}
{4540.178571,211.755048, 24}
{4540.178571,211.755048, 19.2}
{4540.178571,211.755048, 14.4}
{4540.178571,211.755048, 9.6}
{4540.178571,211.755048, 4.8}
{4540.178571,211.755048, 0}
{4540.178571,-211.755058, 0}
{4540.178571,-211.755058, 4.8}
{4540.178571,-211.755058, 9.6}
{4540.178571,-211.755058, 14.4}
{4540.178571,-211.755058, 19.2}
{4540.178571,-211.755058, 24}
{4641.071429,196.069044, 24}
{4641.071429,196.069044, 19.2}
{4641.071429,196.069044, 14.4}
{4641.071429,196.069044, 9.6}
{4641.071429,196.069044, 4.8}
{4641.071429,196.069044, 0}
{4641.071429,-196.07429, 0}
{4641.071429,-196.07429, 4.8}
{4641.071429,-196.07429, 9.6}
{4641.071429,-196.07429, 14.4}
{4641.071429,-196.07429, 19.2}
{4641.071429,-196.07429, 24}
{4741.964286,179.273833, 24}
{4741.964286,179.273833, 19.2}
{4741.964286,179.273833, 14.4}
{4741.964286,179.273833, 9.6}
{4741.964286,179.273833, 4.8}
{4741.964286,179.273833, 0}
{4741.964286,-179.267703, 0}
{4741.964286,-179.267703, 4.8}
{4741.964286,-179.267703, 9.6}
{4741.964286,-179.267703, 14.4}
{4741.964286,-179.267703, 19.2}
{4741.964286,-179.267703, 24}
{4842.857143,161.355184, 24}
{4842.857143,161.355184, 19.2}
{4842.857143,161.355184, 14.4}
{4842.857143,161.355184, 9.6}
{4842.857143,161.355184, 4.8}
{4842.857143,161.355184, 0}
{4842.857143,-161.342108, 0}
{4842.857143,-161.342108, 4.8}
{4842.857143,-161.342108, 9.6}
{4842.857143,-161.342108, 14.4}
{4842.857143,-161.342108, 19.2}
{4842.857143,-161.342108, 24}
{4943.75,142.300032, 24}
{4943.75,142.300032, 19.2}
{4943.75,142.300032, 14.4}
{4943.75,142.300032, 9.6}
{4943.75,142.300032, 4.8}
{4943.75,142.300032, 0}
{4943.75,-142.301744, 0}
{4943.75,-142.301744, 4.8}
{4943.75,-142.301744, 9.6}
{4943.75,-142.301744, 14.4}
{4943.75,-142.301744, 19.2}
{4943.75,-142.301744, 24}
{5044.642857,122.037153, 24}
{5044.642857,122.037153, 19.2}
{5044.642857,122.037153, 14.4}
{5044.642857,122.037153, 9.6}
{5044.642857,122.037153, 4.8}
{5044.642857,122.037153, 0}
{5044.642857,-122.037133, 0}
{5044.642857,-122.037133, 4.8}
{5044.642857,-122.037133, 9.6}
{5044.642857,-122.037133, 14.4}
{5044.642857,-122.037133, 19.2}
{5044.642857,-122.037133, 24}
{5145.535714,100.52966, 24}
{5145.535714,100.52966, 19.2}
{5145.535714,100.52966, 14.4}
{5145.535714,100.52966, 9.6}
{5145.535714,100.52966, 4.8}
{5145.535714,100.52966, 0}
{5145.535714,-100.529746, 0}
{5145.535714,-100.529746, 4.8}
{5145.535714,-100.529746, 9.6}
{5145.535714,-100.529746, 14.4}
{5145.535714,-100.529746, 19.2}
{5145.535714,-100.529746, 24}
{5246.428571,77.844258, 24}
{5246.428571,77.844258, 19.2}
{5246.428571,77.844258, 14.4}
{5246.428571,77.844258, 9.6}
{5246.428571,77.844258, 4.8}
{5246.428571,77.844258, 0}
{5246.428571,-77.850474, 0}
{5246.428571,-77.850474, 4.8}
{5246.428571,-77.850474, 9.6}
{5246.428571,-77.850474, 14.4}
{5246.428571,-77.850474, 19.2}
{5246.428571,-77.850474, 24}
{5347.321429,53.973577, 24}
{5347.321429,53.973577, 19.2}
{5347.321429,53.973577, 14.4}
{5347.321429,53.973577, 9.6}
{5347.321429,53.973577, 4.8}
{5347.321429,53.973577, 0}
{5347.321429,-53.963066, 0}
{5347.321429,-53.963066, 4.8}
{5347.321429,-53.963066, 9.6}
{5347.321429,-53.963066, 14.4}
{5347.321429,-53.963066, 19.2}
{5347.321429,-53.963066, 24}
{5448.214286,28.903093, 24}
{5448.214286,28.903093, 19.2}
{5448.214286,28.903093, 14.4}
{5448.214286,28.903093, 9.6}
{5448.214286,28.903093, 4.8}
{5448.214286,28.903093, 0}
{5448.214286,-28.898325, 0}
{5448.214286,-28.898325, 4.8}
{5448.214286,-28.898325, 9.6}
{5448.214286,-28.898325, 14.4}
{5448.214286,-28.898325, 19.2}
{5448.214286,-28.898325, 24}
{5549.107143,2.612297, 24}
{5549.107143,2.612297, 19.2}
{5549.107143,2.612297, 14.4}
{5549.107143,2.612297, 9.6}
{5549.107143,2.612297, 4.8}
{5549.107143,2.612297, 0}
{5549.107143,-2.613313, 0}
{5549.107143,-2.613313, 4.8}
{5549.107143,-2.613313, 9.6}
{5549.107143,-2.613313, 14.4}
{5549.107143,-2.613313, 19.2}
{5549.107143,-2.613313, 24}
{2724.107143,325.813462, 24}
{2724.107143,325.813462, 19.2}
{2724.107143,325.813462, 14.4}
{2724.107143,325.813462, 9.6}
{2724.107143,325.813462, 4.8}
{2724.107143,325.813462, 0}
{2724.107143,-325.8105, 0}
{2724.107143,-325.8105, 4.8}
{2724.107143,-325.8105, 9.6}
{2724.107143,-325.8105, 14.4}
{2724.107143,-325.8105, 19.2}
{2724.107143,-325.8105, 24}
{2623.214286,325.022731, 24}
{2623.214286,325.022731, 19.2}
{2623.214286,325.022731, 14.4}
{2623.214286,325.022731, 9.6}
{2623.214286,325.022731, 4.8}
{2623.214286,325.022731, 0}
{2623.214286,-325.022653, 0}
{2623.214286,-325.022653, 4.8}
{2623.214286,-325.022653, 9.6}
{2623.214286,-325.022653, 14.4}
{2623.214286,-325.022653, 19.2}
{2623.214286,-325.022653, 24}
{2522.321429,323.624503, 24}
{2522.321429,323.624503, 19.2}
{2522.321429,323.624503, 14.4}
{2522.321429,323.624503, 9.6}
{2522.321429,323.624503, 4.8}
{2522.321429,323.624503, 0}
{2522.321429,-323.628463, 0}
{2522.321429,-323.628463, 4.8}
{2522.321429,-323.628463, 9.6}
{2522.321429,-323.628463, 14.4}
{2522.321429,-323.628463, 19.2}
{2522.321429,-323.628463, 24}
{2421.428571,321.527798, 24}
{2421.428571,321.527798, 19.2}
{2421.428571,321.527798, 14.4}
{2421.428571,321.527798, 9.6}
{2421.428571,321.527798, 4.8}
{2421.428571,321.527798, 0}
{2421.428571,-321.525496, 0}
{2421.428571,-321.525496, 4.8}
{2421.428571,-321.525496, 9.6}
{2421.428571,-321.525496, 14.4}
{2421.428571,-321.525496, 19.2}
{2421.428571,-321.525496, 24}
{2320.535714,318.662314, 24}
{2320.535714,318.662314, 19.2}
{2320.535714,318.662314, 14.4}
{2320.535714,318.662314, 9.6}
{2320.535714,318.662314, 4.8}
{2320.535714,318.662314, 0}
{2320.535714,-318.6598, 0}
{2320.535714,-318.6598, 4.8}
{2320.535714,-318.6598, 9.6}
{2320.535714,-318.6598, 14.4}
{2320.535714,-318.6598, 19.2}
{2320.535714,-318.6598, 24}
{2219.642857,314.991292, 24}
{2219.642857,314.991292, 19.2}
{2219.642857,314.991292, 14.4}
{2219.642857,314.991292, 9.6}
{2219.642857,314.991292, 4.8}
{2219.642857,314.991292, 0}
{2219.642857,-314.985363, 0}
{2219.642857,-314.985363, 4.8}
{2219.642857,-314.985363, 9.6}
{2219.642857,-314.985363, 14.4}
{2219.642857,-314.985363, 19.2}
{2219.642857,-314.985363, 24}
{2118.75,310.480387, 24}
{2118.75,310.480387, 19.2}
{2118.75,310.480387, 14.4}
{2118.75,310.480387, 9.6}
{2118.75,310.480387, 4.8}
{2118.75,310.480387, 0}
{2118.75,-310.467533, 0}
{2118.75,-310.467533, 4.8}
{2118.75,-310.467533, 9.6}
{2118.75,-310.467533, 14.4}
{2118.75,-310.467533, 19.2}
{2118.75,-310.467533, 24}
{2017.857143,305.048936, 24}
{2017.857143,305.048936, 19.2}
{2017.857143,305.048936, 14.4}
{2017.857143,305.048936, 9.6}
{2017.857143,305.048936, 4.8}
{2017.857143,305.048936, 0}
{2017.857143,-305.04896, 0}
{2017.857143,-305.04896, 4.8}
{2017.857143,-305.04896, 9.6}
{2017.857143,-305.04896, 14.4}
{2017.857143,-305.04896, 19.2}
{2017.857143,-305.04896, 24}
{1916.964286,298.658926, 24}
{1916.964286,298.658926, 19.2}
{1916.964286,298.658926, 14.4}
{1916.964286,298.658926, 9.6}
{1916.964286,298.658926, 4.8}
{1916.964286,298.658926, 0}
{1916.964286,-298.658877, 0}
{1916.964286,-298.658877, 4.8}
{1916.964286,-298.658877, 9.6}
{1916.964286,-298.658877, 14.4}
{1916.964286,-298.658877, 19.2}
{1916.964286,-298.658877, 24}
{1816.071429,291.333301, 24}
{1816.071429,291.333301, 19.2}
{1816.071429,291.333301, 14.4}
{1816.071429,291.333301, 9.6}
{1816.071429,291.333301, 4.8}
{1816.071429,291.333301, 0}
{1816.071429,-291.333301, 0}
{1816.071429,-291.333301, 4.8}
{1816.071429,-291.333301, 9.6}
{1816.071429,-291.333301, 14.4}
{1816.071429,-291.333301, 19.2}
{1816.071429,-291.333301, 24}
{1715.178571,283.047839, 24}
{1715.178571,283.047839, 19.2}
{1715.178571,283.047839, 14.4}
{1715.178571,283.047839, 9.6}
{1715.178571,283.047839, 4.8}
{1715.178571,283.047839, 0}
{1715.178571,-283.047853, 0}
{1715.178571,-283.047853, 4.8}
{1715.178571,-283.047853, 9.6}
{1715.178571,-283.047853, 14.4}
{1715.178571,-283.047853, 19.2}
{1715.178571,-283.047853, 24}
{1614.285714,273.780118, 24}
{1614.285714,273.780118, 19.2}
{1614.285714,273.780118, 14.4}
{1614.285714,273.780118, 9.6}
{1614.285714,273.780118, 4.8}
{1614.285714,273.780118, 0}
{1614.285714,-273.780149, 0}
{1614.285714,-273.780149, 4.8}
{1614.285714,-273.780149, 9.6}
{1614.285714,-273.780149, 14.4}
{1614.285714,-273.780149, 19.2}
{1614.285714,-273.780149, 24}
{1513.392857,263.509287, 24}
{1513.392857,263.509287, 19.2}
{1513.392857,263.509287, 14.4}
{1513.392857,263.509287, 9.6}
{1513.392857,263.509287, 4.8}
{1513.392857,263.509287, 0}
{1513.392857,-263.509272, 0}
{1513.392857,-263.509272, 4.8}
{1513.392857,-263.509272, 9.6}
{1513.392857,-263.509272, 14.4}
{1513.392857,-263.509272, 19.2}
{1513.392857,-263.509272, 24}
{1412.5,252.215709, 24}
{1412.5,252.215709, 19.2}
{1412.5,252.215709, 14.4}
{1412.5,252.215709, 9.6}
{1412.5,252.215709, 4.8}
{1412.5,252.215709, 0}
{1412.5,-252.215705, 0}
{1412.5,-252.215705, 4.8}
{1412.5,-252.215705, 9.6}
{1412.5,-252.215705, 14.4}
{1412.5,-252.215705, 19.2}
{1412.5,-252.215705, 24}
{1311.607143,239.859185, 24}
{1311.607143,239.859185, 19.2}
{1311.607143,239.859185, 14.4}
{1311.607143,239.859185, 9.6}
{1311.607143,239.859185, 4.8}
{1311.607143,239.859185, 0}
{1311.607143,-239.859156, 0}
{1311.607143,-239.859156, 4.8}
{1311.607143,-239.859156, 9.6}
{1311.607143,-239.859156, 14.4}
{1311.607143,-239.859156, 19.2}
{1311.607143,-239.859156, 24}
{1210.714286,226.346594, 24}
{1210.714286,226.346594, 19.2}
{1210.714286,226.346594, 14.4}
{1210.714286,226.346594, 9.6}
{1210.714286,226.346594, 4.8}
{1210.714286,226.346594, 0}
{1210.714286,-226.346617, 0}
{1210.714286,-226.346617, 4.8}
{1210.714286,-226.346617, 9.6}
{1210.714286,-226.346617, 14.4}
{1210.714286,-226.346617, 19.2}
{1210.714286,-226.346617, 24}
{1109.821429,211.755058, 24}
{1109.821429,211.755058, 19.2}
{1109.821429,211.755058, 14.4}
{1109.821429,211.755058, 9.6}
{1109.821429,211.755058, 4.8}
{1109.821429,211.755058, 0}
{1109.821429,-211.755048, 0}
{1109.821429,-211.755048, 4.8}
{1109.821429,-211.755048, 9.6}
{1109.821429,-211.755048, 14.4}
{1109.821429,-211.755048, 19.2}
{1109.821429,-211.755048, 24}
{1008.928571,196.07429, 24}
{1008.928571,196.07429, 19.2}
{1008.928571,196.07429, 14.4}
{1008.928571,196.07429, 9.6}
{1008.928571,196.07429, 4.8}
{1008.928571,196.07429, 0}
{1008.928571,-196.069044, 0}
{1008.928571,-196.069044, 4.8}
{1008.928571,-196.069044, 9.6}
{1008.928571,-196.069044, 14.4}
{1008.928571,-196.069044, 19.2}
{1008.928571,-196.069044, 24}
{908.035714,179.267703, 24}
{908.035714,179.267703, 19.2}
{908.035714,179.267703, 14.4}
{908.035714,179.267703, 9.6}
{908.035714,179.267703, 4.8}
{908.035714,179.267703, 0}
{908.035714,-179.273833, 0}
{908.035714,-179.273833, 4.8}
{908.035714,-179.273833, 9.6}
{908.035714,-179.273833, 14.4}
{908.035714,-179.273833, 19.2}
{908.035714,-179.273833, 24}
{807.142857,161.342108, 24}
{807.142857,161.342108, 19.2}
{807.142857,161.342108, 14.4}
{807.142857,161.342108, 9.6}
{807.142857,161.342108, 4.8}
{807.142857,161.342108, 0}
{807.142857,-161.355184, 0}
{807.142857,-161.355184, 4.8}
{807.142857,-161.355184, 9.6}
{807.142857,-161.355184, 14.4}
{807.142857,-161.355184, 19.2}
{807.142857,-161.355184, 24}
{706.25,142.301744, 24}
{706.25,142.301744, 19.2}
{706.25,142.301744, 14.4}
{706.25,142.301744, 9.6}
{706.25,142.301744, 4.8}
{706.25,142.301744, 0}
{706.25,-142.300032, 0}
{706.25,-142.300032, 4.8}
{706.25,-142.300032, 9.6}
{706.25,-142.300032, 14.4}
{706.25,-142.300032, 19.2}
{706.25,-142.300032, 24}
{605.357143,122.037133, 24}
{605.357143,122.037133, 19.2}
{605.357143,122.037133, 14.4}
{605.357143,122.037133, 9.6}
{605.357143,122.037133, 4.8}
{605.357143,122.037133, 0}
{605.357143,-122.037153, 0}
{605.357143,-122.037153, 4.8}
{605.357143,-122.037153, 9.6}
{605.357143,-122.037153, 14.4}
{605.357143,-122.037153, 19.2}
{605.357143,-122.037153, 24}
{504.464286,100.529746, 24}
{504.464286,100.529746, 19.2}
{504.464286,100.529746, 14.4}
{504.464286,100.529746, 9.6}
{504.464286,100.529746, 4.8}
{504.464286,100.529746, 0}
{504.464286,-100.52966, 0}
{504.464286,-100.52966, 4.8}
{504.464286,-100.52966, 9.6}
{504.464286,-100.52966, 14.4}
{504.464286,-100.52966, 19.2}
{504.464286,-100.52966, 24}
{403.571429,77.850474, 24}
{403.571429,77.850474, 19.2}
{403.571429,77.850474, 14.4}
{403.571429,77.850474, 9.6}
{403.571429,77.850474, 4.8}
{403.571429,77.850474, 0}
{403.571429,-77.844258, 0}
{403.571429,-77.844258, 4.8}
{403.571429,-77.844258, 9.6}
{403.571429,-77.844258, 14.4}
{403.571429,-77.844258, 19.2}
{403.571429,-77.844258, 24}
{302.678571,53.963066, 24}
{302.678571,53.963066, 19.2}
{302.678571,53.963066, 14.4}
{302.678571,53.963066, 9.6}
{302.678571,53.963066, 4.8}
{302.678571,53.963066, 0}
{302.678571,-53.973577, 0}
{302.678571,-53.973577, 4.8}
{302.678571,-53.973577, 9.6}
{302.678571,-53.973577, 14.4}
{302.678571,-53.973577, 19.2}
{302.678571,-53.973577, 24}
{201.785714,28.898325, 24}
{201.785714,28.898325, 19.2}
{201.785714,28.898325, 14.4}
{201.785714,28.898325, 9.6}
{201.785714,28.898325, 4.8}
{201.785714,28.898325, 0}
{201.785714,-28.903093, 0}
{201.785714,-28.903093, 4.8}
{201.785714,-28.903093, 9.6}
{201.785714,-28.903093, 14.4}
{201.785714,-28.903093, 19.2}
{201.785714,-28.903093, 24}
{100.892857,2.613313, 24}
{100.892857,2.613313, 19.2}
{100.892857,2.613313, 14.4}
{100.892857,2.613313, 9.6}
{100.892857,2.613313, 4.8}
{100.892857,2.613313, 0}
{100.892857,-2.612297, 0}
{100.892857,-2.612297, 4.8}
{100.892857,-2.612297, 9.6}
{100.892857,-2.612297, 14.4}
{100.892857,-2.612297, 19.2}
{100.892857,-2.612297, 24}
{0,0, 0}
{5650,0, 0}
