{2825,-350, 0}
{2825,-343.898744, -61.650961}
{2825,-335.577502, -123.043227}
{2825,-325.376823, -184.150578}
{2825,-311.630136, -244.543373}
{2825,-289.626328, -302.322864}
{2825,-246.583363, -345.148481}
{2825,-185.862752, -355.351625}
{2825,-123.912571, -355.98857}
{2825,-61.956287, -355.999997}
{2825,0, -356}
{2825,61.956287, -355.999997}
{2825,123.912571, -355.98857}
{2825,185.862752, -355.351625}
{2825,246.583363, -345.148481}
{2825,289.626328, -302.322864}
{2825,311.630136, -244.543373}
{2825,325.376823, -184.150578}
{2825,335.577502, -123.043227}
{2825,343.898744, -61.650961}
{2825,350, 0}
{2925.892857,-349.835747, 0}
{2925.892857,-343.738984, -61.637779}
{2925.892857,-335.424016, -123.017209}
{2925.892857,-325.2315, -184.112178}
{2925.892857,-311.497858, -244.494077}
{2925.892857,-289.520043, -302.269414}
{2925.892857,-246.523513, -345.124832}
{2925.892857,-185.822022, -355.350066}
{2925.892857,-123.885438, -355.988533}
{2925.892857,-61.94272, -355.999997}
{2925.892857,0, -356}
{2925.892857,61.94272, -355.999997}
{2925.892857,123.885438, -355.988533}
{2925.892857,185.822022, -355.350066}
{2925.892857,246.523513, -345.124832}
{2925.892857,289.520043, -302.269414}
{2925.892857,311.497858, -244.494077}
{2925.892857,325.2315, -184.112178}
{2925.892857,335.424016, -123.017209}
{2925.892857,343.738984, -61.637779}
{2925.892857,349.835747, 0}
{3026.785714,-349.069329, 0}
{3026.785714,-342.993277, -61.57573}
{3026.785714,-334.707536, -122.894737}
{3026.785714,-324.55288, -183.931362}
{3026.785714,-310.879535, -244.261746}
{3026.785714,-289.021241, -302.016278}
{3026.785714,-246.241015, -345.00959}
{3026.785714,-185.630432, -355.342397}
{3026.785714,-123.757812, -355.988397}
{3026.785714,-61.878908, -355.999997}
{3026.785714,0, -356}
{3026.785714,61.878908, -355.999997}
{3026.785714,123.757812, -355.988397}
{3026.785714,185.630432, -355.342397}
{3026.785714,246.241015, -345.00959}
{3026.785714,289.021241, -302.016278}
{3026.785714,310.879535, -244.261746}
{3026.785714,324.55288, -183.931362}
{3026.785714,334.707536, -122.894737}
{3026.785714,342.993277, -61.57573}
{3026.785714,349.069329, 0}
{3127.678571,-347.692129, 0}
{3127.678571,-341.653318, -61.464451}
{3127.678571,-333.419969, -122.675072}
{3127.678571,-323.333154, -183.607021}
{3127.678571,-309.767798, -243.844879}
{3127.678571,-288.123457, -301.561429}
{3127.678571,-245.73305, -344.800613}
{3127.678571,-185.286818, -355.328422}
{3127.678571,-123.528924, -355.988145}
{3127.678571,-61.764464, -355.999997}
{3127.678571,0, -356}
{3127.678571,61.764464, -355.999997}
{3127.678571,123.528924, -355.988145}
{3127.678571,185.286818, -355.328422}
{3127.678571,245.73305, -344.800613}
{3127.678571,288.123457, -301.561429}
{3127.678571,309.767798, -243.844879}
{3127.678571,323.333154, -183.607021}
{3127.678571,333.419969, -122.675072}
{3127.678571,341.653318, -61.464451}
{3127.678571,347.692129, 0}
{3228.571429,-345.606839, 0}
{3228.571429,-339.624194, -61.295996}
{3228.571429,-331.469871, -122.342504}
{3228.571429,-321.485235, -183.11587}
{3228.571429,-308.082145, -243.213196}
{3228.571429,-286.758446, -300.869756}
{3228.571429,-244.960353, -344.47583}
{3228.571429,-184.766755, -355.306561}
{3228.571429,-123.182518, -355.987774}
{3228.571429,-61.591261, -355.999997}
{3228.571429,0, -356}
{3228.571429,61.591261, -355.999997}
{3228.571429,123.182518, -355.987774}
{3228.571429,184.766755, -355.306561}
{3228.571429,244.960353, -344.47583}
{3228.571429,286.758446, -300.869756}
{3228.571429,308.082145, -243.213196}
{3228.571429,321.485235, -183.11587}
{3228.571429,331.469871, -122.342504}
{3228.571429,339.624194, -61.295996}
{3228.571429,345.606839, 0}
{3329.464286,-342.740343, 0}
{3329.464286,-336.834436, -61.064483}
{3329.464286,-328.7881, -121.885365}
{3329.464286,-318.942817, -182.440543}
{3329.464286,-305.760331, -242.343812}
{3329.464286,-284.870846, -299.913101}
{3329.464286,-243.890604, -344.012147}
{3329.464286,-184.052217, -355.274944}
{3329.464286,-122.706616, -355.987207}
{3329.464286,-61.35331, -355.999997}
{3329.464286,0, -356}
{3329.464286,61.35331, -355.999997}
{3329.464286,122.706616, -355.987207}
{3329.464286,184.052217, -355.274944}
{3329.464286,243.890604, -344.012147}
{3329.464286,284.870846, -299.913101}
{3329.464286,305.760331, -242.343812}
{3329.464286,318.942817, -182.440543}
{3329.464286,328.7881, -121.885365}
{3329.464286,336.834436, -61.064483}
{3329.464286,342.740343, 0}
{3430.357143,-339.058216, 0}
{3430.357143,-333.25019, -60.76727}
{3430.357143,-325.341443, -121.298345}
{3430.357143,-315.673318, -181.573007}
{3430.357143,-302.770117, -241.225644}
{3430.357143,-282.427481, -298.675073}
{3430.357143,-242.502978, -343.387191}
{3430.357143,-183.135185, -355.23159}
{3430.357143,-122.095923, -355.986451}
{3430.357143,-61.047963, -355.999997}
{3430.357143,0, -356}
{3430.357143,61.047963, -355.999997}
{3430.357143,122.095923, -355.986451}
{3430.357143,183.135185, -355.23159}
{3430.357143,242.502978, -343.387191}
{3430.357143,282.427481, -298.675073}
{3430.357143,302.770117, -241.225644}
{3430.357143,315.673318, -181.573007}
{3430.357143,325.341443, -121.298345}
{3430.357143,333.25019, -60.76727}
{3430.357143,339.058216, 0}
{3531.25,-334.524491, 0}
{3531.25,-328.835858, -60.401503}
{3531.25,-321.094909, -120.57572}
{3531.25,-311.642182, -180.504564}
{3531.25,-299.076682, -239.846519}
{3531.25,-279.390649, -297.13681}
{3531.25,-240.771099, -342.570313}
{3531.25,-182.007066, -355.17345}
{3531.25,-121.344794, -355.985416}
{3531.25,-60.6724, -355.999997}
{3531.25,0, -356}
{3531.25,60.6724, -355.999997}
{3531.25,121.344794, -355.985416}
{3531.25,182.007066, -355.17345}
{3531.25,240.771099, -342.570313}
{3531.25,279.390649, -297.13681}
{3531.25,299.076682, -239.846519}
{3531.25,311.642182, -180.504564}
{3531.25,321.094909, -120.57572}
{3531.25,328.835858, -60.401503}
{3531.25,334.524491, 0}
{3632.142857,-329.102644, 0}
{3632.142857,-323.55509, -59.964443}
{3632.142857,-316.012317, -119.711938}
{3632.142857,-306.813089, -179.226698}
{3632.142857,-294.642639, -238.194317}
{3632.142857,-275.71803, -295.278602}
{3632.142857,-238.662633, -341.523199}
{3632.142857,-180.65962, -355.096336}
{3632.142857,-120.447874, -355.984074}
{3632.142857,-60.22394, -355.999994}
{3632.142857,0, -356}
{3632.142857,60.22394, -355.999994}
{3632.142857,120.447874, -355.984074}
{3632.142857,180.65962, -355.096336}
{3632.142857,238.662633, -341.523199}
{3632.142857,275.71803, -295.278602}
{3632.142857,294.642639, -238.194317}
{3632.142857,306.813089, -179.226698}
{3632.142857,316.012317, -119.711938}
{3632.142857,323.55509, -59.964443}
{3632.142857,329.102644, 0}
{3733.035714,-322.762802, 0}
{3733.035714,-317.378106, -59.453897}
{3733.035714,-310.063832, -118.702512}
{3733.035714,-301.155639, -177.732425}
{3733.035714,-289.435393, -236.258713}
{3733.035714,-271.369012, -293.081931}
{3733.035714,-236.138325, -340.196932}
{3733.035714,-179.08617, -354.994122}
{3733.035714,-119.400938, -355.982273}
{3733.035714,-59.700473, -355.999994}
{3733.035714,0, -356}
{3733.035714,59.700473, -355.999994}
{3733.035714,119.400938, -355.982273}
{3733.035714,179.08617, -354.994122}
{3733.035714,236.138325, -340.196932}
{3733.035714,271.369012, -293.081931}
{3733.035714,289.435393, -236.258713}
{3733.035714,301.155639, -177.732425}
{3733.035714,310.063832, -118.702512}
{3733.035714,317.378106, -59.453897}
{3733.035714,322.762802, 0}
{3833.928571,-315.477981, 0}
{3833.928571,-310.277317, -58.867929}
{3833.928571,-303.221082, -117.543427}
{3833.928571,-294.640055, -176.015413}
{3833.928571,-283.42187, -234.0301}
{3833.928571,-266.300369, -290.528772}
{3833.928571,-233.148017, -338.533798}
{3833.928571,-177.280799, -354.857976}
{3833.928571,-118.200425, -355.979894}
{3833.928571,-59.100217, -355.999994}
{3833.928571,0, -356}
{3833.928571,59.100217, -355.999994}
{3833.928571,118.200425, -355.979894}
{3833.928571,177.280799, -354.857976}
{3833.928571,233.148017, -338.533798}
{3833.928571,266.300369, -290.528772}
{3833.928571,283.42187, -234.0301}
{3833.928571,294.640055, -176.015413}
{3833.928571,303.221082, -117.543427}
{3833.928571,310.277317, -58.867929}
{3833.928571,315.477981, 0}
{3934.821429,-307.222635, 0}
{3934.821429,-302.226781, -58.204857}
{3934.821429,-295.457383, -116.231158}
{3934.821429,-287.238187, -174.07003}
{3934.821429,-276.569929, -231.499677}
{3934.821429,-260.468334, -287.602031}
{3934.821429,-229.625817, -336.464599}
{3934.821429,-175.237853, -354.674142}
{3934.821429,-116.843265, -355.976571}
{3934.821429,-58.421639, -355.999964}
{3934.821429,0, -356}
{3934.821429,58.421639, -355.999964}
{3934.821429,116.843265, -355.976571}
{3934.821429,175.237853, -354.674142}
{3934.821429,229.625817, -336.464599}
{3934.821429,260.468334, -287.602031}
{3934.821429,276.569929, -231.499677}
{3934.821429,287.238187, -174.07003}
{3934.821429,295.457383, -116.231158}
{3934.821429,302.226781, -58.204857}
{3934.821429,307.222635, 0}
{4035.714286,-297.974233, 0}
{4035.714286,-293.202993, -57.463327}
{4035.714286,-286.74778, -114.762793}
{4035.714286,-278.922771, -171.891515}
{4035.714286,-268.847392, -228.659753}
{4035.714286,-253.827666, -284.286272}
{4035.714286,-225.488447, -333.914433}
{4035.714286,-172.951917, -354.421325}
{4035.714286,-115.327165, -355.972041}
{4035.714286,-57.663592, -355.999962}
{4035.714286,0, -356}
{4035.714286,57.663592, -355.999962}
{4035.714286,115.327165, -355.972041}
{4035.714286,172.951917, -354.421325}
{4035.714286,225.488447, -333.914433}
{4035.714286,253.827666, -284.286272}
{4035.714286,268.847392, -228.659753}
{4035.714286,278.922771, -171.891515}
{4035.714286,286.74778, -114.762793}
{4035.714286,293.202993, -57.463327}
{4035.714286,297.974233, 0}
{4136.607143,-287.708665, 0}
{4136.607143,-283.180778, -56.641895}
{4136.607143,-277.06541, -113.13522}
{4136.607143,-269.664437, -169.474804}
{4136.607143,-260.219366, -225.502221}
{4136.607143,-246.329514, -280.566018}
{4136.607143,-220.629076, -330.804675}
{4136.607143,-170.415498, -354.066998}
{4136.607143,-113.649678, -355.966005}
{4136.607143,-56.824853, -355.999996}
{4136.607143,0, -356}
{4136.607143,56.824853, -355.999996}
{4136.607143,113.649678, -355.966005}
{4136.607143,170.415498, -354.066998}
{4136.607143,220.629076, -330.804675}
{4136.607143,246.329514, -280.566018}
{4136.607143,260.219366, -225.502221}
{4136.607143,269.664437, -169.474804}
{4136.607143,277.06541, -113.13522}
{4136.607143,283.180778, -56.641895}
{4136.607143,287.708665, 0}
{4237.5,-276.407789, 0}
{4237.5,-272.140938, -55.739925}
{4237.5,-266.38933, -111.346933}
{4237.5,-259.439601, -166.817242}
{4237.5,-250.656071, -222.022189}
{4237.5,-237.928607, -276.430161}
{4237.5,-214.933306, -327.071429}
{4237.5,-167.618928, -353.552705}
{4237.5,-111.80997, -355.956673}
{4237.5,-55.905008, -355.999974}
{4237.5,0, -356}
{4237.5,55.905008, -355.999974}
{4237.5,111.80997, -355.956673}
{4237.5,167.618928, -353.552705}
{4237.5,214.933306, -327.071429}
{4237.5,237.928607, -276.430161}
{4237.5,250.656071, -222.022189}
{4237.5,259.439601, -166.817242}
{4237.5,266.38933, -111.346933}
{4237.5,272.140938, -55.739925}
{4237.5,276.407789, 0}
{4338.392857,-264.050888, 0}
{4338.392857,-260.060567, -54.756487}
{4338.392857,-254.693647, -109.395806}
{4338.392857,-248.218528, -163.915218}
{4338.392857,-240.120361, -218.213557}
{4338.392857,-228.570771, -271.866754}
{4338.392857,-208.271668, -322.665014}
{4338.392857,-164.541994, -352.787102}
{4338.392857,-109.806791, -355.94166}
{4338.392857,-54.903442, -355.99982}
{4338.392857,0, -356}
{4338.392857,54.903442, -355.99982}
{4338.392857,109.806791, -355.94166}
{4338.392857,164.541994, -352.787102}
{4338.392857,208.271668, -322.665014}
{4338.392857,228.570771, -271.866754}
{4338.392857,240.120361, -218.213557}
{4338.392857,248.218528, -163.915218}
{4338.392857,254.693647, -109.395806}
{4338.392857,260.060567, -54.756487}
{4338.392857,264.050888, 0}
{4439.285714,-250.620163, 0}
{4439.285714,-246.921027, -53.691414}
{4439.285714,-241.957977, -107.281262}
{4439.285714,-235.97829, -160.767525}
{4439.285714,-228.582704, -214.073613}
{4439.285714,-218.210348, -266.869193}
{4439.285714,-200.53447, -317.564637}
{4439.285714,-161.141586, -351.608439}
{4439.285714,-107.640225, -355.921326}
{4439.285714,-53.82019, -355.99997}
{4439.285714,0, -356}
{4439.285714,53.82019, -355.99997}
{4439.285714,107.640225, -355.921326}
{4439.285714,161.141586, -351.608439}
{4439.285714,200.53447, -317.564637}
{4439.285714,218.210348, -266.869193}
{4439.285714,228.582704, -214.073613}
{4439.285714,235.97829, -160.767525}
{4439.285714,241.957977, -107.281262}
{4439.285714,246.921027, -53.691414}
{4439.285714,250.620163, 0}
{4540.178571,-236.098118, 0}
{4540.178571,-232.701622, -52.544646}
{4540.178571,-228.157364, -105.002893}
{4540.178571,-222.689083, -157.37317}
{4540.178571,-216.004657, -209.600062}
{4540.178571,-206.791943, -261.432537}
{4540.178571,-191.608825, -311.765613}
{4540.178571,-157.314439, -349.746815}
{4540.178571,-105.310844, -355.888895}
{4540.178571,-52.655564, -356.000408}
{4540.178571,0, -356.000061}
{4540.178571,52.655564, -356.000408}
{4540.178571,105.310844, -355.888895}
{4540.178571,157.314439, -349.746815}
{4540.178571,191.608825, -311.765613}
{4540.178571,206.791943, -261.432537}
{4540.178571,216.004657, -209.600062}
{4540.178571,222.689083, -157.37317}
{4540.178571,228.157364, -105.002893}
{4540.178571,232.701622, -52.544646}
{4540.178571,236.098118, 0}
{4641.071429,-220.467313, 0}
{4641.071429,-217.38399, -51.316129}
{4641.071429,-213.271414, -102.560364}
{4641.071429,-208.327858, -153.731366}
{4641.071429,-202.356797, -204.791212}
{4641.071429,-194.273209, -255.554098}
{4641.071429,-181.40805, -305.277212}
{4641.071429,-152.784979, -346.716449}
{4641.071429,-102.818363, -355.813879}
{4641.071429,-51.409706, -355.999125}
{4641.071429,0, -355.999917}
{4641.071429,51.409706, -355.999125}
{4641.071429,102.818363, -355.813879}
{4641.071429,152.784979, -346.716449}
{4641.071429,181.40805, -305.277212}
{4641.071429,194.273209, -255.554098}
{4641.071429,202.356797, -204.791212}
{4641.071429,208.327858, -153.731366}
{4641.071429,213.271414, -102.560364}
{4641.071429,217.38399, -51.316129}
{4641.071429,220.467313, 0}
{4741.964286,-203.71314, 0}
{4741.964286,-200.949981, -50.008139}
{4741.964286,-197.277199, -99.957959}
{4741.964286,-192.866489, -149.848237}
{4741.964286,-187.602461, -199.654754}
{4741.964286,-180.604285, -249.243889}
{4741.964286,-169.850758, -298.131715}
{4741.964286,-147.0725, -342.079323}
{4741.964286,-100.167032, -355.677378}
{4741.964286,-50.08524, -355.997861}
{4741.964286,0, -355.999786}
{4741.964286,50.08524, -355.997861}
{4741.964286,100.167032, -355.677378}
{4741.964286,147.0725, -342.079323}
{4741.964286,169.850758, -298.131715}
{4741.964286,180.604285, -249.243889}
{4741.964286,187.602461, -199.654754}
{4741.964286,192.866489, -149.848237}
{4741.964286,197.277199, -99.957959}
{4741.964286,200.949981, -50.008139}
{4741.964286,203.71314, 0}
{4842.857143,-185.818701, 0}
{4842.857143,-183.380781, -48.618778}
{4842.857143,-180.152774, -97.191684}
{4842.857143,-176.27971, -145.717573}
{4842.857143,-171.710561, -194.182299}
{4842.857143,-165.746917, -242.493053}
{4842.857143,-156.896719, -290.345314}
{4842.857143,-139.505985, -335.526099}
{4842.857143,-97.354289, -355.459227}
{4842.857143,-48.680496, -356.004052}
{4842.857143,0, -356.000482}
{4842.857143,48.680496, -356.004052}
{4842.857143,97.354289, -355.459227}
{4842.857143,139.505985, -335.526099}
{4842.857143,156.896719, -290.345314}
{4842.857143,165.746917, -242.493053}
{4842.857143,171.710561, -194.182299}
{4842.857143,176.27971, -145.717573}
{4842.857143,180.152774, -97.191684}
{4842.857143,183.380781, -48.618778}
{4842.857143,185.818701, 0}
{4943.75,-166.771013, 0}
{4943.75,-164.660647, -47.157063}
{4943.75,-161.878073, -94.279373}
{4943.75,-158.542594, -141.365892}
{4943.75,-154.649315, -188.409265}
{4943.75,-149.662009, -235.347858}
{4943.75,-142.509121, -281.997753}
{4943.75,-129.577871, -327.286554}
{4943.75,-94.369142, -354.76322}
{4943.75,-47.20473, -356.002948}
{4943.75,0, -356.000508}
{4943.75,47.20473, -356.002948}
{4943.75,94.369142, -354.76322}
{4943.75,129.577871, -327.286554}
{4943.75,142.509121, -281.997753}
{4943.75,149.662009, -235.347858}
{4943.75,154.649315, -188.409265}
{4943.75,158.542594, -141.365892}
{4943.75,161.878073, -94.279373}
{4943.75,164.660647, -47.157063}
{4943.75,166.771013, 0}
{5044.642857,-146.555619, 0}
{5044.642857,-144.771519, -45.611847}
{5044.642857,-142.430467, -91.198593}
{5044.642857,-139.627694, -136.759362}
{5044.642857,-136.386988, -182.290935}
{5044.642857,-132.317318, -227.755047}
{5044.642857,-126.676021, -273.047042}
{5044.642857,-117.245713, -317.669684}
{5044.642857,-90.921952, -352.840973}
{5044.642857,-45.647017, -355.972525}
{5044.642857,0, -355.997456}
{5044.642857,45.647017, -355.972525}
{5044.642857,90.921952, -352.840973}
{5044.642857,117.245713, -317.669684}
{5044.642857,126.676021, -273.047042}
{5044.642857,132.317318, -227.755047}
{5044.642857,136.386988, -182.290935}
{5044.642857,139.627694, -136.759362}
{5044.642857,142.430467, -91.198593}
{5044.642857,144.771519, -45.611847}
{5044.642857,146.555619, 0}
{5145.535714,-125.155975, 0}
{5145.535714,-123.695384, -44.009963}
{5145.535714,-121.788423, -88.002903}
{5145.535714,-119.508539, -131.978145}
{5145.535714,-116.892608, -175.934629}
{5145.535714,-113.674928, -219.850667}
{5145.535714,-109.356161, -263.670407}
{5145.535714,-102.583648, -307.166313}
{5145.535714,-86.008383, -347.34157}
{5145.535714,-44.034404, -355.989612}
{5145.535714,0, -355.999868}
{5145.535714,44.034404, -355.989612}
{5145.535714,86.008383, -347.34157}
{5145.535714,102.583648, -307.166313}
{5145.535714,109.356161, -263.670407}
{5145.535714,113.674928, -219.850667}
{5145.535714,116.892608, -175.934629}
{5145.535714,119.508539, -131.978145}
{5145.535714,121.788423, -88.002903}
{5145.535714,123.695384, -44.009963}
{5145.535714,125.155975, 0}
{5246.428571,-102.562432, 0}
{5246.428571,-101.417475, -42.328222}
{5246.428571,-99.931394, -84.645875}
{5246.428571,-98.158152, -126.952498}
{5246.428571,-96.136045, -169.247949}
{5246.428571,-93.702857, -211.521492}
{5246.428571,-90.530335, -253.745333}
{5246.428571,-85.836035, -295.823124}
{5246.428571,-76.341016, -336.966097}
{5246.428571,-42.343823, -356.022057}
{5246.428571,0, -356.00716}
{5246.428571,42.343823, -356.022057}
{5246.428571,76.341016, -336.966097}
{5246.428571,85.836035, -295.823124}
{5246.428571,90.530335, -253.745333}
{5246.428571,93.702857, -211.521492}
{5246.428571,96.136045, -169.247949}
{5246.428571,98.158152, -126.952498}
{5246.428571,99.931394, -84.645875}
{5246.428571,101.417475, -42.328222}
{5246.428571,102.562432, 0}
{5347.321429,-78.762132, 0}
{5347.321429,-77.924181, -40.633012}
{5347.321429,-76.842842, -81.260293}
{5347.321429,-75.554948, -121.881565}
{5347.321429,-74.092205, -162.496922}
{5347.321429,-72.369378, -203.101971}
{5347.321429,-70.176902, -243.684139}
{5347.321429,-67.091575, -284.206861}
{5347.321429,-61.760955, -324.480658}
{5347.321429,-40.60719, -355.348685}
{5347.321429,0, -355.957529}
{5347.321429,40.60719, -355.348685}
{5347.321429,61.760955, -324.480658}
{5347.321429,67.091575, -284.206861}
{5347.321429,70.176902, -243.684139}
{5347.321429,72.369378, -203.101971}
{5347.321429,74.092205, -162.496922}
{5347.321429,75.554948, -121.881565}
{5347.321429,76.842842, -81.260293}
{5347.321429,77.924181, -40.633012}
{5347.321429,78.762132, 0}
{5448.214286,-53.738826, 0}
{5448.214286,-53.194911, -38.79441}
{5448.214286,-52.497579, -77.586372}
{5448.214286,-51.668807, -116.375754}
{5448.214286,-50.729657, -155.162625}
{5448.214286,-49.645952, -193.945693}
{5448.214286,-48.297978, -232.720401}
{5448.214286,-46.487289, -271.475893}
{5448.214286,-43.663246, -310.168364}
{5448.214286,-36.233311, -348.08589}
{5448.214286,0, -355.012066}
{5448.214286,36.233311, -348.08589}
{5448.214286,43.663246, -310.168364}
{5448.214286,46.487289, -271.475893}
{5448.214286,48.297978, -232.720401}
{5448.214286,49.645952, -193.945693}
{5448.214286,50.729657, -155.162625}
{5448.214286,51.668807, -116.375754}
{5448.214286,52.497579, -77.586372}
{5448.214286,53.194911, -38.79441}
{5448.214286,53.738826, 0}
{5549.107143,-27.487425, 0}
{5549.107143,-27.227618, -35.170814}
{5549.107143,-26.894421, -70.34101}
{5549.107143,-26.497823, -105.510551}
{5549.107143,-26.047763, -140.679449}
{5549.107143,-25.535108, -175.847484}
{5549.107143,-24.907855, -211.013646}
{5549.107143,-24.092114, -246.175886}
{5549.107143,-22.895323, -281.326959}
{5549.107143,-20.502169, -316.409884}
{5549.107143,0, -336.030802}
{5549.107143,20.502169, -316.409884}
{5549.107143,22.895323, -281.326959}
{5549.107143,24.092114, -246.175886}
{5549.107143,24.907855, -211.013646}
{5549.107143,25.535108, -175.847484}
{5549.107143,26.047763, -140.679449}
{5549.107143,26.497823, -105.510551}
{5549.107143,26.894421, -70.34101}
{5549.107143,27.227618, -35.170814}
{5549.107143,27.487425, 0}
{2724.107143,-349.835747, 0}
{2724.107143,-343.738984, -61.637779}
{2724.107143,-335.424016, -123.017209}
{2724.107143,-325.2315, -184.112178}
{2724.107143,-311.497858, -244.494077}
{2724.107143,-289.520043, -302.269414}
{2724.107143,-246.523513, -345.124832}
{2724.107143,-185.822022, -355.350066}
{2724.107143,-123.885438, -355.988533}
{2724.107143,-61.94272, -355.999997}
{2724.107143,0, -356}
{2724.107143,61.94272, -355.999997}
{2724.107143,123.885438, -355.988533}
{2724.107143,185.822022, -355.350066}
{2724.107143,246.523513, -345.124832}
{2724.107143,289.520043, -302.269414}
{2724.107143,311.497858, -244.494077}
{2724.107143,325.2315, -184.112178}
{2724.107143,335.424016, -123.017209}
{2724.107143,343.738984, -61.637779}
{2724.107143,349.835747, 0}
{2623.214286,-349.069329, 0}
{2623.214286,-342.993277, -61.57573}
{2623.214286,-334.707536, -122.894737}
{2623.214286,-324.55288, -183.931362}
{2623.214286,-310.879535, -244.261746}
{2623.214286,-289.021241, -302.016278}
{2623.214286,-246.241015, -345.00959}
{2623.214286,-185.630432, -355.342397}
{2623.214286,-123.757812, -355.988397}
{2623.214286,-61.878908, -355.999997}
{2623.214286,0, -356}
{2623.214286,61.878908, -355.999997}
{2623.214286,123.757812, -355.988397}
{2623.214286,185.630432, -355.342397}
{2623.214286,246.241015, -345.00959}
{2623.214286,289.021241, -302.016278}
{2623.214286,310.879535, -244.261746}
{2623.214286,324.55288, -183.931362}
{2623.214286,334.707536, -122.894737}
{2623.214286,342.993277, -61.57573}
{2623.214286,349.069329, 0}
{2522.321429,-347.692129, 0}
{2522.321429,-341.653318, -61.464451}
{2522.321429,-333.419969, -122.675072}
{2522.321429,-323.333154, -183.607021}
{2522.321429,-309.767798, -243.844879}
{2522.321429,-288.123457, -301.561429}
{2522.321429,-245.73305, -344.800613}
{2522.321429,-185.286818, -355.328422}
{2522.321429,-123.528924, -355.988145}
{2522.321429,-61.764464, -355.999997}
{2522.321429,0, -356}
{2522.321429,61.764464, -355.999997}
{2522.321429,123.528924, -355.988145}
{2522.321429,185.286818, -355.328422}
{2522.321429,245.73305, -344.800613}
{2522.321429,288.123457, -301.561429}
{2522.321429,309.767798, -243.844879}
{2522.321429,323.333154, -183.607021}
{2522.321429,333.419969, -122.675072}
{2522.321429,341.653318, -61.464451}
{2522.321429,347.692129, 0}
{2421.428571,-345.606839, 0}
{2421.428571,-339.624194, -61.295996}
{2421.428571,-331.469871, -122.342504}
{2421.428571,-321.485235, -183.11587}
{2421.428571,-308.082145, -243.213196}
{2421.428571,-286.758446, -300.869756}
{2421.428571,-244.960353, -344.47583}
{2421.428571,-184.766755, -355.306561}
{2421.428571,-123.182518, -355.987774}
{2421.428571,-61.591261, -355.999997}
{2421.428571,0, -356}
{2421.428571,61.591261, -355.999997}
{2421.428571,123.182518, -355.987774}
{2421.428571,184.766755, -355.306561}
{2421.428571,244.960353, -344.47583}
{2421.428571,286.758446, -300.869756}
{2421.428571,308.082145, -243.213196}
{2421.428571,321.485235, -183.11587}
{2421.428571,331.469871, -122.342504}
{2421.428571,339.624194, -61.295996}
{2421.428571,345.606839, 0}
{2320.535714,-342.740343, 0}
{2320.535714,-336.834436, -61.064483}
{2320.535714,-328.7881, -121.885365}
{2320.535714,-318.942817, -182.440543}
{2320.535714,-305.760331, -242.343812}
{2320.535714,-284.870846, -299.913101}
{2320.535714,-243.890604, -344.012147}
{2320.535714,-184.052217, -355.274944}
{2320.535714,-122.706616, -355.987207}
{2320.535714,-61.35331, -355.999997}
{2320.535714,0, -356}
{2320.535714,61.35331, -355.999997}
{2320.535714,122.706616, -355.987207}
{2320.535714,184.052217, -355.274944}
{2320.535714,243.890604, -344.012147}
{2320.535714,284.870846, -299.913101}
{2320.535714,305.760331, -242.343812}
{2320.535714,318.942817, -182.440543}
{2320.535714,328.7881, -121.885365}
{2320.535714,336.834436, -61.064483}
{2320.535714,342.740343, 0}
{2219.642857,-339.058216, 0}
{2219.642857,-333.25019, -60.76727}
{2219.642857,-325.341443, -121.298345}
{2219.642857,-315.673318, -181.573007}
{2219.642857,-302.770117, -241.225644}
{2219.642857,-282.427481, -298.675073}
{2219.642857,-242.502978, -343.387191}
{2219.642857,-183.135185, -355.23159}
{2219.642857,-122.095923, -355.986451}
{2219.642857,-61.047963, -355.999997}
{2219.642857,0, -356}
{2219.642857,61.047963, -355.999997}
{2219.642857,122.095923, -355.986451}
{2219.642857,183.135185, -355.23159}
{2219.642857,242.502978, -343.387191}
{2219.642857,282.427481, -298.675073}
{2219.642857,302.770117, -241.225644}
{2219.642857,315.673318, -181.573007}
{2219.642857,325.341443, -121.298345}
{2219.642857,333.25019, -60.76727}
{2219.642857,339.058216, 0}
{2118.75,-334.524491, 0}
{2118.75,-328.835858, -60.401503}
{2118.75,-321.094909, -120.57572}
{2118.75,-311.642182, -180.504564}
{2118.75,-299.076682, -239.846519}
{2118.75,-279.390649, -297.13681}
{2118.75,-240.771099, -342.570313}
{2118.75,-182.007066, -355.17345}
{2118.75,-121.344794, -355.985416}
{2118.75,-60.6724, -355.999997}
{2118.75,0, -356}
{2118.75,60.6724, -355.999997}
{2118.75,121.344794, -355.985416}
{2118.75,182.007066, -355.17345}
{2118.75,240.771099, -342.570313}
{2118.75,279.390649, -297.13681}
{2118.75,299.076682, -239.846519}
{2118.75,311.642182, -180.504564}
{2118.75,321.094909, -120.57572}
{2118.75,328.835858, -60.401503}
{2118.75,334.524491, 0}
{2017.857143,-329.102644, 0}
{2017.857143,-323.55509, -59.964443}
{2017.857143,-316.012317, -119.711938}
{2017.857143,-306.813089, -179.226698}
{2017.857143,-294.642639, -238.194317}
{2017.857143,-275.71803, -295.278602}
{2017.857143,-238.662633, -341.523199}
{2017.857143,-180.65962, -355.096336}
{2017.857143,-120.447874, -355.984074}
{2017.857143,-60.22394, -355.999994}
{2017.857143,0, -356}
{2017.857143,60.22394, -355.999994}
{2017.857143,120.447874, -355.984074}
{2017.857143,180.65962, -355.096336}
{2017.857143,238.662633, -341.523199}
{2017.857143,275.71803, -295.278602}
{2017.857143,294.642639, -238.194317}
{2017.857143,306.813089, -179.226698}
{2017.857143,316.012317, -119.711938}
{2017.857143,323.55509, -59.964443}
{2017.857143,329.102644, 0}
{1916.964286,-322.762802, 0}
{1916.964286,-317.378106, -59.453897}
{1916.964286,-310.063832, -118.702512}
{1916.964286,-301.155639, -177.732425}
{1916.964286,-289.435393, -236.258713}
{1916.964286,-271.369012, -293.081931}
{1916.964286,-236.138325, -340.196932}
{1916.964286,-179.08617, -354.994122}
{1916.964286,-119.400938, -355.982273}
{1916.964286,-59.700473, -355.999994}
{1916.964286,0, -356}
{1916.964286,59.700473, -355.999994}
{1916.964286,119.400938, -355.982273}
{1916.964286,179.08617, -354.994122}
{1916.964286,236.138325, -340.196932}
{1916.964286,271.369012, -293.081931}
{1916.964286,289.435393, -236.258713}
{1916.964286,301.155639, -177.732425}
{1916.964286,310.063832, -118.702512}
{1916.964286,317.378106, -59.453897}
{1916.964286,322.762802, 0}
{1816.071429,-315.477981, 0}
{1816.071429,-310.277317, -58.867929}
{1816.071429,-303.221082, -117.543427}
{1816.071429,-294.640055, -176.015413}
{1816.071429,-283.42187, -234.0301}
{1816.071429,-266.300369, -290.528772}
{1816.071429,-233.148017, -338.533798}
{1816.071429,-177.280799, -354.857976}
{1816.071429,-118.200425, -355.979894}
{1816.071429,-59.100217, -355.999994}
{1816.071429,0, -356}
{1816.071429,59.100217, -355.999994}
{1816.071429,118.200425, -355.979894}
{1816.071429,177.280799, -354.857976}
{1816.071429,233.148017, -338.533798}
{1816.071429,266.300369, -290.528772}
{1816.071429,283.42187, -234.0301}
{1816.071429,294.640055, -176.015413}
{1816.071429,303.221082, -117.543427}
{1816.071429,310.277317, -58.867929}
{1816.071429,315.477981, 0}
{1715.178571,-307.222635, 0}
{1715.178571,-302.226781, -58.204857}
{1715.178571,-295.457383, -116.231158}
{1715.178571,-287.238187, -174.07003}
{1715.178571,-276.569929, -231.499677}
{1715.178571,-260.468334, -287.602031}
{1715.178571,-229.625817, -336.464599}
{1715.178571,-175.237853, -354.674142}
{1715.178571,-116.843265, -355.976571}
{1715.178571,-58.421639, -355.999964}
{1715.178571,0, -356}
{1715.178571,58.421639, -355.999964}
{1715.178571,116.843265, -355.976571}
{1715.178571,175.237853, -354.674142}
{1715.178571,229.625817, -336.464599}
{1715.178571,260.468334, -287.602031}
{1715.178571,276.569929, -231.499677}
{1715.178571,287.238187, -174.07003}
{1715.178571,295.457383, -116.231158}
{1715.178571,302.226781, -58.204857}
{1715.178571,307.222635, 0}
{1614.285714,-297.974233, 0}
{1614.285714,-293.202993, -57.463327}
{1614.285714,-286.74778, -114.762793}
{1614.285714,-278.922771, -171.891515}
{1614.285714,-268.847392, -228.659753}
{1614.285714,-253.827666, -284.286272}
{1614.285714,-225.488447, -333.914433}
{1614.285714,-172.951917, -354.421325}
{1614.285714,-115.327165, -355.972041}
{1614.285714,-57.663592, -355.999962}
{1614.285714,0, -356}
{1614.285714,57.663592, -355.999962}
{1614.285714,115.327165, -355.972041}
{1614.285714,172.951917, -354.421325}
{1614.285714,225.488447, -333.914433}
{1614.285714,253.827666, -284.286272}
{1614.285714,268.847392, -228.659753}
{1614.285714,278.922771, -171.891515}
{1614.285714,286.74778, -114.762793}
{1614.285714,293.202993, -57.463327}
{1614.285714,297.974233, 0}
{1513.392857,-287.708665, 0}
{1513.392857,-283.180778, -56.641895}
{1513.392857,-277.06541, -113.13522}
{1513.392857,-269.664437, -169.474804}
{1513.392857,-260.219366, -225.502221}
{1513.392857,-246.329514, -280.566018}
{1513.392857,-220.629076, -330.804675}
{1513.392857,-170.415498, -354.066998}
{1513.392857,-113.649678, -355.966005}
{1513.392857,-56.824853, -355.999996}
{1513.392857,0, -356}
{1513.392857,56.824853, -355.999996}
{1513.392857,113.649678, -355.966005}
{1513.392857,170.415498, -354.066998}
{1513.392857,220.629076, -330.804675}
{1513.392857,246.329514, -280.566018}
{1513.392857,260.219366, -225.502221}
{1513.392857,269.664437, -169.474804}
{1513.392857,277.06541, -113.13522}
{1513.392857,283.180778, -56.641895}
{1513.392857,287.708665, 0}
{1412.5,-276.407789, 0}
{1412.5,-272.140938, -55.739925}
{1412.5,-266.38933, -111.346933}
{1412.5,-259.439601, -166.817242}
{1412.5,-250.656071, -222.022189}
{1412.5,-237.928607, -276.430161}
{1412.5,-214.933306, -327.071429}
{1412.5,-167.618928, -353.552705}
{1412.5,-111.80997, -355.956673}
{1412.5,-55.905008, -355.999974}
{1412.5,0, -356}
{1412.5,55.905008, -355.999974}
{1412.5,111.80997, -355.956673}
{1412.5,167.618928, -353.552705}
{1412.5,214.933306, -327.071429}
{1412.5,237.928607, -276.430161}
{1412.5,250.656071, -222.022189}
{1412.5,259.439601, -166.817242}
{1412.5,266.38933, -111.346933}
{1412.5,272.140938, -55.739925}
{1412.5,276.407789, 0}
{1311.607143,-264.050888, 0}
{1311.607143,-260.060567, -54.756487}
{1311.607143,-254.693647, -109.395806}
{1311.607143,-248.218528, -163.915218}
{1311.607143,-240.120361, -218.213557}
{1311.607143,-228.570771, -271.866754}
{1311.607143,-208.271668, -322.665014}
{1311.607143,-164.541994, -352.787102}
{1311.607143,-109.806791, -355.94166}
{1311.607143,-54.903442, -355.99982}
{1311.607143,0, -356}
{1311.607143,54.903442, -355.99982}
{1311.607143,109.806791, -355.94166}
{1311.607143,164.541994, -352.787102}
{1311.607143,208.271668, -322.665014}
{1311.607143,228.570771, -271.866754}
{1311.607143,240.120361, -218.213557}
{1311.607143,248.218528, -163.915218}
{1311.607143,254.693647, -109.395806}
{1311.607143,260.060567, -54.756487}
{1311.607143,264.050888, 0}
{1210.714286,-250.620163, 0}
{1210.714286,-246.921027, -53.691414}
{1210.714286,-241.957977, -107.281262}
{1210.714286,-235.97829, -160.767525}
{1210.714286,-228.582704, -214.073613}
{1210.714286,-218.210348, -266.869193}
{1210.714286,-200.53447, -317.564637}
{1210.714286,-161.141586, -351.608439}
{1210.714286,-107.640225, -355.921326}
{1210.714286,-53.82019, -355.99997}
{1210.714286,0, -356}
{1210.714286,53.82019, -355.99997}
{1210.714286,107.640225, -355.921326}
{1210.714286,161.141586, -351.608439}
{1210.714286,200.53447, -317.564637}
{1210.714286,218.210348, -266.869193}
{1210.714286,228.582704, -214.073613}
{1210.714286,235.97829, -160.767525}
{1210.714286,241.957977, -107.281262}
{1210.714286,246.921027, -53.691414}
{1210.714286,250.620163, 0}
{1109.821429,-236.098118, 0}
{1109.821429,-232.701622, -52.544646}
{1109.821429,-228.157364, -105.002893}
{1109.821429,-222.689083, -157.37317}
{1109.821429,-216.004657, -209.600062}
{1109.821429,-206.791943, -261.432537}
{1109.821429,-191.608825, -311.765613}
{1109.821429,-157.314439, -349.746815}
{1109.821429,-105.310844, -355.888895}
{1109.821429,-52.655564, -356.000408}
{1109.821429,0, -356.000061}
{1109.821429,52.655564, -356.000408}
{1109.821429,105.310844, -355.888895}
{1109.821429,157.314439, -349.746815}
{1109.821429,191.608825, -311.765613}
{1109.821429,206.791943, -261.432537}
{1109.821429,216.004657, -209.600062}
{1109.821429,222.689083, -157.37317}
{1109.821429,228.157364, -105.002893}
{1109.821429,232.701622, -52.544646}
{1109.821429,236.098118, 0}
{1008.928571,-220.467313, 0}
{1008.928571,-217.38399, -51.316129}
{1008.928571,-213.271414, -102.560364}
{1008.928571,-208.327858, -153.731366}
{1008.928571,-202.356797, -204.791212}
{1008.928571,-194.273209, -255.554098}
{1008.928571,-181.40805, -305.277212}
{1008.928571,-152.784979, -346.716449}
{1008.928571,-102.818363, -355.813879}
{1008.928571,-51.409706, -355.999125}
{1008.928571,0, -355.999917}
{1008.928571,51.409706, -355.999125}
{1008.928571,102.818363, -355.813879}
{1008.928571,152.784979, -346.716449}
{1008.928571,181.40805, -305.277212}
{1008.928571,194.273209, -255.554098}
{1008.928571,202.356797, -204.791212}
{1008.928571,208.327858, -153.731366}
{1008.928571,213.271414, -102.560364}
{1008.928571,217.38399, -51.316129}
{1008.928571,220.467313, 0}
{908.035714,-203.71314, 0}
{908.035714,-200.949981, -50.008139}
{908.035714,-197.277199, -99.957959}
{908.035714,-192.866489, -149.848237}
{908.035714,-187.602461, -199.654754}
{908.035714,-180.604285, -249.243889}
{908.035714,-169.850758, -298.131715}
{908.035714,-147.0725, -342.079323}
{908.035714,-100.167032, -355.677378}
{908.035714,-50.08524, -355.997861}
{908.035714,0, -355.999786}
{908.035714,50.08524, -355.997861}
{908.035714,100.167032, -355.677378}
{908.035714,147.0725, -342.079323}
{908.035714,169.850758, -298.131715}
{908.035714,180.604285, -249.243889}
{908.035714,187.602461, -199.654754}
{908.035714,192.866489, -149.848237}
{908.035714,197.277199, -99.957959}
{908.035714,200.949981, -50.008139}
{908.035714,203.71314, 0}
{807.142857,-185.818701, 0}
{807.142857,-183.380781, -48.618778}
{807.142857,-180.152774, -97.191684}
{807.142857,-176.27971, -145.717573}
{807.142857,-171.710561, -194.182299}
{807.142857,-165.746917, -242.493053}
{807.142857,-156.896719, -290.345314}
{807.142857,-139.505985, -335.526099}
{807.142857,-97.354289, -355.459227}
{807.142857,-48.680496, -356.004052}
{807.142857,0, -356.000482}
{807.142857,48.680496, -356.004052}
{807.142857,97.354289, -355.459227}
{807.142857,139.505985, -335.526099}
{807.142857,156.896719, -290.345314}
{807.142857,165.746917, -242.493053}
{807.142857,171.710561, -194.182299}
{807.142857,176.27971, -145.717573}
{807.142857,180.152774, -97.191684}
{807.142857,183.380781, -48.618778}
{807.142857,185.818701, 0}
{706.25,-166.771013, 0}
{706.25,-164.660647, -47.157063}
{706.25,-161.878073, -94.279373}
{706.25,-158.542594, -141.365892}
{706.25,-154.649315, -188.409265}
{706.25,-149.662009, -235.347858}
{706.25,-142.509121, -281.997753}
{706.25,-129.577871, -327.286554}
{706.25,-94.369142, -354.76322}
{706.25,-47.20473, -356.002948}
{706.25,0, -356.000508}
{706.25,47.20473, -356.002948}
{706.25,94.369142, -354.76322}
{706.25,129.577871, -327.286554}
{706.25,142.509121, -281.997753}
{706.25,149.662009, -235.347858}
{706.25,154.649315, -188.409265}
{706.25,158.542594, -141.365892}
{706.25,161.878073, -94.279373}
{706.25,164.660647, -47.157063}
{706.25,166.771013, 0}
{605.357143,-146.555619, 0}
{605.357143,-144.771519, -45.611847}
{605.357143,-142.430467, -91.198593}
{605.357143,-139.627694, -136.759362}
{605.357143,-136.386988, -182.290935}
{605.357143,-132.317318, -227.755047}
{605.357143,-126.676021, -273.047042}
{605.357143,-117.245713, -317.669684}
{605.357143,-90.921952, -352.840973}
{605.357143,-45.647017, -355.972525}
{605.357143,0, -355.997456}
{605.357143,45.647017, -355.972525}
{605.357143,90.921952, -352.840973}
{605.357143,117.245713, -317.669684}
{605.357143,126.676021, -273.047042}
{605.357143,132.317318, -227.755047}
{605.357143,136.386988, -182.290935}
{605.357143,139.627694, -136.759362}
{605.357143,142.430467, -91.198593}
{605.357143,144.771519, -45.611847}
{605.357143,146.555619, 0}
{504.464286,-125.155975, 0}
{504.464286,-123.695384, -44.009963}
{504.464286,-121.788423, -88.002903}
{504.464286,-119.508539, -131.978145}
{504.464286,-116.892608, -175.934629}
{504.464286,-113.674928, -219.850667}
{504.464286,-109.356161, -263.670407}
{504.464286,-102.583648, -307.166313}
{504.464286,-86.008383, -347.34157}
{504.464286,-44.034404, -355.989612}
{504.464286,0, -355.999868}
{504.464286,44.034404, -355.989612}
{504.464286,86.008383, -347.34157}
{504.464286,102.583648, -307.166313}
{504.464286,109.356161, -263.670407}
{504.464286,113.674928, -219.850667}
{504.464286,116.892608, -175.934629}
{504.464286,119.508539, -131.978145}
{504.464286,121.788423, -88.002903}
{504.464286,123.695384, -44.009963}
{504.464286,125.155975, 0}
{403.571429,-102.562432, 0}
{403.571429,-101.417475, -42.328222}
{403.571429,-99.931394, -84.645875}
{403.571429,-98.158152, -126.952498}
{403.571429,-96.136045, -169.247949}
{403.571429,-93.702857, -211.521492}
{403.571429,-90.530335, -253.745333}
{403.571429,-85.836035, -295.823124}
{403.571429,-76.341016, -336.966097}
{403.571429,-42.343823, -356.022057}
{403.571429,0, -356.00716}
{403.571429,42.343823, -356.022057}
{403.571429,76.341016, -336.966097}
{403.571429,85.836035, -295.823124}
{403.571429,90.530335, -253.745333}
{403.571429,93.702857, -211.521492}
{403.571429,96.136045, -169.247949}
{403.571429,98.158152, -126.952498}
{403.571429,99.931394, -84.645875}
{403.571429,101.417475, -42.328222}
{403.571429,102.562432, 0}
{302.678571,-78.762132, 0}
{302.678571,-77.924181, -40.633012}
{302.678571,-76.842842, -81.260293}
{302.678571,-75.554948, -121.881565}
{302.678571,-74.092205, -162.496922}
{302.678571,-72.369378, -203.101971}
{302.678571,-70.176902, -243.684139}
{302.678571,-67.091575, -284.206861}
{302.678571,-61.760955, -324.480658}
{302.678571,-40.60719, -355.348685}
{302.678571,0, -355.957529}
{302.678571,40.60719, -355.348685}
{302.678571,61.760955, -324.480658}
{302.678571,67.091575, -284.206861}
{302.678571,70.176902, -243.684139}
{302.678571,72.369378, -203.101971}
{302.678571,74.092205, -162.496922}
{302.678571,75.554948, -121.881565}
{302.678571,76.842842, -81.260293}
{302.678571,77.924181, -40.633012}
{302.678571,78.762132, 0}
{201.785714,-53.738826, 0}
{201.785714,-53.194911, -38.79441}
{201.785714,-52.497579, -77.586372}
{201.785714,-51.668807, -116.375754}
{201.785714,-50.729657, -155.162625}
{201.785714,-49.645952, -193.945693}
{201.785714,-48.297978, -232.720401}
{201.785714,-46.487289, -271.475893}
{201.785714,-43.663246, -310.168364}
{201.785714,-36.233311, -348.08589}
{201.785714,0, -355.012066}
{201.785714,36.233311, -348.08589}
{201.785714,43.663246, -310.168364}
{201.785714,46.487289, -271.475893}
{201.785714,48.297978, -232.720401}
{201.785714,49.645952, -193.945693}
{201.785714,50.729657, -155.162625}
{201.785714,51.668807, -116.375754}
{201.785714,52.497579, -77.586372}
{201.785714,53.194911, -38.79441}
{201.785714,53.738826, 0}
{100.892857,-27.487425, 0}
{100.892857,-27.227618, -35.170814}
{100.892857,-26.894421, -70.34101}
{100.892857,-26.497823, -105.510551}
{100.892857,-26.047763, -140.679449}
{100.892857,-25.535108, -175.847484}
{100.892857,-24.907855, -211.013646}
{100.892857,-24.092114, -246.175886}
{100.892857,-22.895323, -281.326959}
{100.892857,-20.502169, -316.409884}
{100.892857,0, -336.030802}
{100.892857,20.502169, -316.409884}
{100.892857,22.895323, -281.326959}
{100.892857,24.092114, -246.175886}
{100.892857,24.907855, -211.013646}
{100.892857,25.535108, -175.847484}
{100.892857,26.047763, -140.679449}
{100.892857,26.497823, -105.510551}
{100.892857,26.894421, -70.34101}
{100.892857,27.227618, -35.170814}
{100.892857,27.487425, 0}
{0,0, 0}
{5650,0, 0}
