{2825,-338.100006, 0}
{2825,-332.207546, -59.543635}
{2825,-324.17127, -118.837465}
{2825,-314.320322, -177.856228}
{2825,-301.046858, -236.185465}
{2825,-279.805817, -291.994281}
{2825,-238.261195, -333.385616}
{2825,-179.515495, -340.869995}
{2825,-119.676997, -340.869995}
{2825,-59.838498, -340.869995}
{2825,0, -340.869995}
{2825,59.838498, -340.869995}
{2825,119.676997, -340.869995}
{2825,179.515495, -340.869995}
{2825,238.261195, -333.385616}
{2825,279.805817, -291.994281}
{2825,301.046858, -236.185465}
{2825,314.320322, -177.856228}
{2825,324.17127, -118.837465}
{2825,332.207546, -59.543635}
{2825,338.100006, 0}
{2925.892857,-337.924412, 0}
{2925.892857,-332.036713, -59.529519}
{2925.892857,-324.007157, -118.809608}
{2925.892857,-314.164947, -177.815114}
{2925.892857,-300.905422, -236.132683}
{2925.892857,-279.692105, -291.937002}
{2925.892857,-238.197142, -333.360156}
{2925.892857,-179.471927, -340.869995}
{2925.892857,-119.647952, -340.869995}
{2925.892857,-59.823976, -340.869995}
{2925.892857,0, -340.869995}
{2925.892857,59.823976, -340.869995}
{2925.892857,119.647952, -340.869995}
{2925.892857,179.471927, -340.869995}
{2925.892857,238.197142, -333.360156}
{2925.892857,279.692105, -291.937002}
{2925.892857,300.905422, -236.132683}
{2925.892857,314.164947, -177.815114}
{2925.892857,324.007157, -118.809608}
{2925.892857,332.036713, -59.529519}
{2925.892857,337.924412, 0}
{3026.785714,-337.126748, 0}
{3026.785714,-331.260667, -59.464937}
{3026.785714,-323.261499, -118.682125}
{3026.785714,-313.458668, -177.626894}
{3026.785714,-300.261874, -235.890823}
{3026.785714,-279.172874, -291.673412}
{3026.785714,-237.903149, -333.23987}
{3026.785714,-179.272654, -340.869995}
{3026.785714,-119.515103, -340.869995}
{3026.785714,-59.757551, -340.869995}
{3026.785714,0, -340.869995}
{3026.785714,59.757551, -340.869995}
{3026.785714,119.515103, -340.869995}
{3026.785714,179.272654, -340.869995}
{3026.785714,237.903149, -333.23987}
{3026.785714,279.172874, -291.673412}
{3026.785714,300.261874, -235.890823}
{3026.785714,313.458668, -177.626894}
{3026.785714,323.261499, -118.682125}
{3026.785714,331.260667, -59.464937}
{3026.785714,337.126748, 0}
{3127.678571,-335.690123, 0}
{3127.678571,-329.862869, -59.348816}
{3127.678571,-321.918333, -118.452899}
{3127.678571,-312.186256, -177.28843}
{3127.678571,-299.102003, -235.455763}
{3127.678571,-278.235879, -291.198458}
{3127.678571,-237.373035, -333.020789}
{3127.678571,-178.914398, -340.869995}
{3127.678571,-119.276265, -340.869995}
{3127.678571,-59.638133, -340.869995}
{3127.678571,0, -340.869995}
{3127.678571,59.638133, -340.869995}
{3127.678571,119.276265, -340.869995}
{3127.678571,178.914398, -340.869995}
{3127.678571,237.373035, -333.020789}
{3127.678571,278.235879, -291.198458}
{3127.678571,299.102003, -235.455763}
{3127.678571,312.186256, -177.28843}
{3127.678571,321.918333, -118.452899}
{3127.678571,329.862869, -59.348816}
{3127.678571,335.690123, 0}
{3228.571429,-333.510434, 0}
{3228.571429,-327.74183, -59.172667}
{3228.571429,-319.879833, -118.105133}
{3228.571429,-310.25444, -176.774811}
{3228.571429,-297.339542, -234.795082}
{3228.571429,-276.80785, -290.47445}
{3228.571429,-236.564697, -332.678903}
{3228.571429,-178.371093, -340.869995}
{3228.571429,-118.914062, -340.869995}
{3228.571429,-59.457031, -340.869995}
{3228.571429,0, -340.869995}
{3228.571429,59.457031, -340.869995}
{3228.571429,118.914062, -340.869995}
{3228.571429,178.371093, -340.869995}
{3228.571429,236.564697, -332.678903}
{3228.571429,276.80785, -290.47445}
{3228.571429,297.339542, -234.795082}
{3228.571429,310.25444, -176.774811}
{3228.571429,319.879833, -118.105133}
{3228.571429,327.74183, -59.172667}
{3228.571429,333.510434, 0}
{3329.464286,-330.516637, 0}
{3329.464286,-324.828103, -58.930794}
{3329.464286,-317.078757, -117.627515}
{3329.464286,-307.598684, -176.069183}
{3329.464286,-294.913636, -233.88649}
{3329.464286,-274.833865, -289.473477}
{3329.464286,-235.445764, -332.189711}
{3329.464286,-177.625351, -340.869995}
{3329.464286,-118.416901, -340.869995}
{3329.464286,-59.20845, -340.869995}
{3329.464286,0, -340.869995}
{3329.464286,59.20845, -340.869995}
{3329.464286,118.416901, -340.869995}
{3329.464286,177.625351, -340.869995}
{3329.464286,235.445764, -332.189711}
{3329.464286,274.833865, -289.473477}
{3329.464286,294.913636, -233.88649}
{3329.464286,307.598684, -176.069183}
{3329.464286,317.078757, -117.627515}
{3329.464286,324.828103, -58.930794}
{3329.464286,330.516637, 0}
{3430.357143,-326.671707, 0}
{3430.357143,-321.08519, -58.62034}
{3430.357143,-313.47925, -117.014308}
{3430.357143,-304.18372, -175.162856}
{3430.357143,-291.789255, -232.717963}
{3430.357143,-272.277627, -288.17763}
{3430.357143,-233.993159, -331.528099}
{3430.357143,-176.66862, -340.869995}
{3430.357143,-117.77908, -340.869995}
{3430.357143,-58.88954, -340.869995}
{3430.357143,-2.72E-12, -340.869995}
{3430.357143,58.88954, -340.869995}
{3430.357143,117.77908, -340.869995}
{3430.357143,176.66862, -340.869995}
{3430.357143,233.993159, -331.528099}
{3430.357143,272.277627, -288.17763}
{3430.357143,291.789255, -232.717963}
{3430.357143,304.18372, -175.162856}
{3430.357143,313.47925, -117.014308}
{3430.357143,321.08519, -58.62034}
{3430.357143,326.671707, 0}
{3531.25,-321.937082, 0}
{3531.25,-316.474934, -58.238252}
{3531.25,-309.043771, -116.259375}
{3531.25,-299.972375, -174.046489}
{3531.25,-287.928813, -231.276389}
{3531.25,-269.097963, -286.566374}
{3531.25,-232.177496, -330.659462}
{3531.25,-175.491844, -340.869995}
{3531.25,-116.994563, -340.869995}
{3531.25,-58.497281, -340.869995}
{3531.25,0, -340.869995}
{3531.25,58.497281, -340.869995}
{3531.25,116.994563, -340.869995}
{3531.25,175.491844, -340.869995}
{3531.25,232.177496, -330.659462}
{3531.25,269.097963, -286.566374}
{3531.25,287.928813, -231.276389}
{3531.25,299.972375, -174.046489}
{3531.25,309.043771, -116.259375}
{3531.25,316.474934, -58.238252}
{3531.25,321.937082, 0}
{3632.142857,-316.276327, 0}
{3632.142857,-310.960993, -57.781815}
{3632.142857,-303.736004, -115.357196}
{3632.142857,-294.92803, -172.711586}
{3632.142857,-283.294155, -229.549546}
{3632.142857,-265.25062, -284.619272}
{3632.142857,-229.963215, -329.540509}
{3632.142857,-174.087108, -340.869995}
{3632.142857,-116.058072, -340.869995}
{3632.142857,-58.029036, -340.869995}
{3632.142857,4.14E-12, -340.869995}
{3632.142857,58.029036, -340.869995}
{3632.142857,116.058072, -340.869995}
{3632.142857,174.087108, -340.869995}
{3632.142857,229.963215, -329.540509}
{3632.142857,265.25062, -284.619272}
{3632.142857,283.294155, -229.549546}
{3632.142857,294.92803, -172.711586}
{3632.142857,303.736004, -115.357196}
{3632.142857,310.960993, -57.781815}
{3632.142857,316.276327, 0}
{3733.035714,-309.656418, 0}
{3733.035714,-304.510276, -57.248615}
{3733.035714,-297.522689, -114.302833}
{3733.035714,-289.016644, -171.150453}
{3733.035714,-277.848728, -227.526067}
{3733.035714,-260.689955, -282.315994}
{3733.035714,-227.304404, -328.11601}
{3733.035714,-172.447491, -340.869995}
{3733.035714,-114.964994, -340.869995}
{3733.035714,-57.482497, -340.869995}
{3733.035714,0, -340.869995}
{3733.035714,57.482497, -340.869995}
{3733.035714,114.964994, -340.869995}
{3733.035714,172.447491, -340.869995}
{3733.035714,227.304404, -328.11601}
{3733.035714,260.689955, -282.315994}
{3733.035714,277.848728, -227.526067}
{3733.035714,289.016644, -171.150453}
{3733.035714,297.522689, -114.302833}
{3733.035714,304.510276, -57.248615}
{3733.035714,309.656418, 0}
{3833.928571,-302.050136, 0}
{3833.928571,-297.095107, -56.636791}
{3833.928571,-290.375338, -113.092396}
{3833.928571,-282.208246, -169.356913}
{3833.928571,-271.558731, -225.196402}
{3833.928571,-255.370692, -279.63807}
{3833.928571,-224.143044, -326.32029}
{3833.928571,-170.567869, -340.869995}
{3833.928571,-113.711913, -340.869995}
{3833.928571,-56.855956, -340.869995}
{3833.928571,-2.41E-12, -340.869995}
{3833.928571,56.855956, -340.869995}
{3833.928571,113.711913, -340.869995}
{3833.928571,170.567869, -340.869995}
{3833.928571,224.143044, -326.32029}
{3833.928571,255.370692, -279.63807}
{3833.928571,271.558731, -225.196402}
{3833.928571,282.208246, -169.356913}
{3833.928571,290.375338, -113.092396}
{3833.928571,297.095107, -56.636791}
{3833.928571,302.050136, 0}
{3934.821429,-293.430684, 0}
{3934.821429,-288.687762, -55.944505}
{3934.821429,-282.264946, -111.722015}
{3934.821429,-274.47174, -167.324766}
{3934.821429,-264.388389, -222.550894}
{3934.821429,-249.244037, -276.566994}
{3934.821429,-220.40219, -324.076871}
{3934.821429,-168.443339, -340.869995}
{3934.821429,-112.295559, -340.869995}
{3934.821429,-56.14778, -340.869995}
{3934.821429,0, -340.869995}
{3934.821429,56.14778, -340.869995}
{3934.821429,112.295559, -340.869995}
{3934.821429,168.443339, -340.869995}
{3934.821429,220.40219, -324.076871}
{3934.821429,249.244037, -276.566994}
{3934.821429,264.388389, -222.550894}
{3934.821429,274.47174, -167.324766}
{3934.821429,282.264946, -111.722015}
{3934.821429,288.687762, -55.944505}
{3934.821429,293.430684, 0}
{4035.714286,-283.773375, 0}
{4035.714286,-279.262957, -55.170411}
{4035.714286,-273.165083, -110.188793}
{4035.714286,-265.778543, -165.049252}
{4035.714286,-256.303859, -219.581743}
{4035.714286,-242.261984, -273.086962}
{4035.714286,-215.983951, -321.302988}
{4035.714286,-166.070431, -340.869995}
{4035.714286,-110.713621, -340.869995}
{4035.714286,-55.35681, -340.869995}
{4035.714286,-1.80E-12, -340.869995}
{4035.714286,55.35681, -340.869995}
{4035.714286,110.713621, -340.869995}
{4035.714286,166.070431, -340.869995}
{4035.714286,215.983951, -321.302988}
{4035.714286,242.261984, -273.086962}
{4035.714286,256.303859, -219.581743}
{4035.714286,265.778543, -165.049252}
{4035.714286,273.165083, -110.188793}
{4035.714286,279.262957, -55.170411}
{4035.714286,283.773375, 0}
{4136.607143,-273.056888, 0}
{4136.607143,-268.797517, -54.313343}
{4136.607143,-263.05001, -108.490126}
{4136.607143,-256.099542, -162.526025}
{4136.607143,-247.269308, -216.281684}
{4136.607143,-234.37275, -269.183315}
{4136.607143,-210.769106, -317.920457}
{4136.607143,-163.44653, -340.869995}
{4136.607143,-108.964353, -340.869995}
{4136.607143,-54.482177, -340.869995}
{4136.607143,-1.02E-12, -340.869995}
{4136.607143,54.482177, -340.869995}
{4136.607143,108.964353, -340.869995}
{4136.607143,163.44653, -340.869995}
{4136.607143,210.769106, -317.920457}
{4136.607143,234.37275, -269.183315}
{4136.607143,247.269308, -216.281684}
{4136.607143,256.099542, -162.526025}
{4136.607143,263.05001, -108.490126}
{4136.607143,268.797517, -54.313343}
{4136.607143,273.056888, 0}
{4237.5,-261.256218, 0}
{4237.5,-257.265611, -53.372111}
{4237.5,-251.892266, -106.623392}
{4237.5,-245.404658, -159.750737}
{4237.5,-237.248122, -212.643526}
{4237.5,-225.522857, -264.842005}
{4237.5,-204.62641, -313.864642}
{4237.5,-160.568722, -340.869995}
{4237.5,-107.045815, -340.869995}
{4237.5,-53.522907, -340.869995}
{4237.5,0, -340.869995}
{4237.5,53.522907, -340.869995}
{4237.5,107.045815, -340.869995}
{4237.5,160.568722, -340.869995}
{4237.5,204.62641, -313.864642}
{4237.5,225.522857, -264.842005}
{4237.5,237.248122, -212.643526}
{4237.5,245.404658, -159.750737}
{4237.5,251.892266, -106.623392}
{4237.5,257.265611, -53.372111}
{4237.5,261.256218, 0}
{4338.392857,-248.354964, 0}
{4338.392857,-244.648493, -52.346485}
{4338.392857,-239.669884, -104.587842}
{4338.392857,-233.66782, -156.721833}
{4338.392857,-226.206089, -208.663877}
{4338.392857,-215.659651, -260.05466}
{4338.392857,-197.426588, -309.09915}
{4338.392857,-157.356089, -340.209952}
{4338.392857,-104.958206, -340.869995}
{4338.392857,-52.479103, -340.869995}
{4338.392857,0, -340.869995}
{4338.392857,52.479103, -340.869995}
{4338.392857,104.958206, -340.869995}
{4338.392857,157.356089, -340.209952}
{4338.392857,197.426588, -309.09915}
{4338.392857,215.659651, -260.05466}
{4338.392857,226.206089, -208.663877}
{4338.392857,233.66782, -156.721833}
{4338.392857,239.669884, -104.587842}
{4338.392857,244.648493, -52.346485}
{4338.392857,248.354964, 0}
{4439.285714,-234.331816, 0}
{4439.285714,-230.922875, -51.236465}
{4439.285714,-226.356451, -102.383187}
{4439.285714,-220.858752, -153.438492}
{4439.285714,-214.104793, -204.340527}
{4439.285714,-204.726866, -254.81567}
{4439.285714,-189.048703, -303.612145}
{4439.285714,-153.741306, -338.697757}
{4439.285714,-102.702115, -340.869995}
{4439.285714,-51.351058, -340.869995}
{4439.285714,0, -340.869995}
{4439.285714,51.351058, -340.869995}
{4439.285714,102.702115, -340.869995}
{4439.285714,153.741306, -338.697757}
{4439.285714,189.048703, -303.612145}
{4439.285714,204.726866, -254.81567}
{4439.285714,214.104793, -204.340527}
{4439.285714,220.858752, -153.438492}
{4439.285714,226.356451, -102.383187}
{4439.285714,230.922875, -51.236465}
{4439.285714,234.331816, 0}
{4540.178571,-219.16972, 0}
{4540.178571,-216.070099, -50.041696}
{4540.178571,-211.930625, -100.008462}
{4540.178571,-206.952729, -149.898932}
{4540.178571,-200.912108, -199.670278}
{4540.178571,-192.677174, -249.119779}
{4540.178571,-179.392479, -297.405924}
{4540.178571,-149.563342, -336.218473}
{4540.178571,-100.277362, -340.869995}
{4540.178571,-50.138681, -340.869995}
{4540.178571,0, -340.869995}
{4540.178571,50.138681, -340.869995}
{4540.178571,100.277362, -340.869995}
{4540.178571,149.563342, -336.218473}
{4540.178571,179.392479, -297.405924}
{4540.178571,192.677174, -249.119779}
{4540.178571,200.912108, -199.670278}
{4540.178571,206.952729, -149.898932}
{4540.178571,211.930625, -100.008462}
{4540.178571,216.070099, -50.041696}
{4540.178571,219.16972, 0}
{4641.071429,-202.850293, 0}
{4641.071429,-200.067883, -48.763369}
{4641.071429,-196.364944, -97.465752}
{4641.071429,-191.916667, -146.105934}
{4641.071429,-186.585625, -194.656212}
{4641.071429,-179.4529, -242.970758}
{4641.071429,-168.357394, -290.502812}
{4641.071429,-144.362348, -332.224379}
{4641.071429,-97.6871, -340.869995}
{4641.071429,-48.84355, -340.869995}
{4641.071429,0, -340.869995}
{4641.071429,48.84355, -340.869995}
{4641.071429,97.6871, -340.869995}
{4641.071429,144.362348, -332.224379}
{4641.071429,168.357394, -290.502812}
{4641.071429,179.4529, -242.970758}
{4641.071429,186.585625, -194.656212}
{4641.071429,191.916667, -146.105934}
{4641.071429,196.364944, -97.465752}
{4641.071429,200.067883, -48.763369}
{4641.071429,202.850293, 0}
{4741.964286,-185.35729, 0}
{4741.964286,-182.899298, -47.400322}
{4741.964286,-179.640483, -94.752527}
{4741.964286,-175.729256, -142.055478}
{4741.964286,-171.098549, -189.292763}
{4741.964286,-165.019156, -236.363074}
{4741.964286,-155.898404, -282.92365}
{4741.964286,-137.526603, -326.321682}
{4741.964286,-94.929358, -340.869995}
{4741.964286,-47.464679, -340.869995}
{4741.964286,0, -340.869995}
{4741.964286,47.464679, -340.869995}
{4741.964286,94.929358, -340.869995}
{4741.964286,137.526603, -326.321682}
{4741.964286,155.898404, -282.92365}
{4741.964286,165.019156, -236.363074}
{4741.964286,171.098549, -189.292763}
{4741.964286,175.729256, -142.055478}
{4741.964286,179.640483, -94.752527}
{4741.964286,182.899298, -47.400322}
{4741.964286,185.35729, 0}
{4842.857143,-166.675302, 0}
{4842.857143,-164.543702, -45.961787}
{4842.857143,-161.729784, -91.886993}
{4842.857143,-158.355869, -137.77458}
{4842.857143,-154.406495, -183.615864}
{4842.857143,-149.320433, -229.343442}
{4842.857143,-141.956618, -274.750949}
{4842.857143,-128.331207, -318.557303}
{4842.857143,-92.023373, -340.869995}
{4842.857143,-46.011687, -340.869995}
{4842.857143,0, -340.869995}
{4842.857143,46.011687, -340.869995}
{4842.857143,92.023373, -340.869995}
{4842.857143,128.331207, -318.557303}
{4842.857143,141.956618, -274.750949}
{4842.857143,149.320433, -229.343442}
{4842.857143,154.406495, -183.615864}
{4842.857143,158.355869, -137.77458}
{4842.857143,161.729784, -91.886993}
{4842.857143,164.543702, -45.961787}
{4842.857143,166.675302, 0}
{4943.75,-146.787243, 0}
{4943.75,-144.98338, -44.428988}
{4943.75,-142.613446, -88.831478}
{4943.75,-139.775198, -133.206577}
{4943.75,-136.486577, -177.550407}
{4943.75,-132.336584, -221.820982}
{4943.75,-126.537736, -265.901301}
{4943.75,-116.677141, -309.21098}
{4943.75,-88.931889, -340.869995}
{4943.75,-44.465944, -340.869995}
{4943.75,0, -340.869995}
{4943.75,44.465944, -340.869995}
{4943.75,88.931889, -340.869995}
{4943.75,116.677141, -309.21098}
{4943.75,126.537736, -265.901301}
{4943.75,132.336584, -221.820982}
{4943.75,136.486577, -177.550407}
{4943.75,139.775198, -133.206577}
{4943.75,142.613446, -88.831478}
{4943.75,144.98338, -44.428988}
{4943.75,146.787243, 0}
{5044.642857,-125.680678, 0}
{5044.642857,-124.200583, -42.851541}
{5044.642857,-122.266026, -85.685035}
{5044.642857,-119.95231, -128.499776}
{5044.642857,-117.293753, -171.294428}
{5044.642857,-114.009151, -214.04504}
{5044.642857,-109.572105, -256.689435}
{5044.642857,-102.528306, -298.966762}
{5044.642857,-84.644369, -337.132308}
{5044.642857,-42.877329, -340.869995}
{5044.642857,-1.05E-12, -340.869995}
{5044.642857,42.877329, -340.869995}
{5044.642857,84.644369, -337.132308}
{5044.642857,102.528306, -298.966762}
{5044.642857,109.572105, -256.689435}
{5044.642857,114.009151, -214.04504}
{5044.642857,117.293753, -171.294428}
{5044.642857,119.95231, -128.499776}
{5044.642857,122.266026, -85.685035}
{5044.642857,124.200583, -42.851541}
{5044.642857,125.680678, 0}
{5145.535714,-103.335727, 0}
{5145.535714,-102.173804, -41.151462}
{5145.535714,-100.664392, -82.291681}
{5145.535714,-98.862716, -123.420169}
{5145.535714,-96.806626, -164.536713}
{5145.535714,-94.324207, -205.629444}
{5145.535714,-91.074482, -246.667875}
{5145.535714,-86.22598, -287.543525}
{5145.535714,-76.170912, -327.305835}
{5145.535714,-41.168004, -340.869995}
{5145.535714,0, -340.869995}
{5145.535714,41.168004, -340.869995}
{5145.535714,76.170912, -327.305835}
{5145.535714,86.22598, -287.543525}
{5145.535714,91.074482, -246.667875}
{5145.535714,94.324207, -205.629444}
{5145.535714,96.806626, -164.536713}
{5145.535714,98.862716, -123.420169}
{5145.535714,100.664392, -82.291681}
{5145.535714,102.173804, -41.151462}
{5145.535714,103.335727, 0}
{5246.428571,-79.73969, 0}
{5246.428571,-78.886052, -39.472659}
{5246.428571,-77.783626, -78.939173}
{5246.428571,-76.470204, -118.399244}
{5246.428571,-74.977912, -157.85296}
{5246.428571,-73.21548, -197.295413}
{5246.428571,-70.965998, -236.712826}
{5246.428571,-67.781341, -276.0642}
{5246.428571,-62.190487, -315.127573}
{5246.428571,-39.481964, -340.869995}
{5246.428571,0, -340.869995}
{5246.428571,39.481964, -340.869995}
{5246.428571,62.190487, -315.127573}
{5246.428571,67.781341, -276.0642}
{5246.428571,70.965998, -236.712826}
{5246.428571,73.21548, -197.295413}
{5246.428571,74.977912, -157.85296}
{5246.428571,76.470204, -118.399244}
{5246.428571,77.783626, -78.939173}
{5246.428571,78.886052, -39.472659}
{5246.428571,79.73969, 0}
{5347.321429,-54.886515, 0}
{5347.321429,-54.328439, -37.675319}
{5347.321429,-53.61259, -75.347979}
{5347.321429,-52.761636, -113.017835}
{5347.321429,-51.797275, -150.684963}
{5347.321429,-50.682559, -188.347903}
{5347.321429,-49.293313, -226.001634}
{5347.321429,-47.420011, -263.633972}
{5347.321429,-44.477117, -301.194962}
{5347.321429,-36.265998, -337.702045}
{5347.321429,0, -340.869995}
{5347.321429,36.265998, -337.702045}
{5347.321429,44.477117, -301.194962}
{5347.321429,47.420011, -263.633972}
{5347.321429,49.293313, -226.001634}
{5347.321429,50.682559, -188.347903}
{5347.321429,51.797275, -150.684963}
{5347.321429,52.761636, -113.017835}
{5347.321429,53.61259, -75.347979}
{5347.321429,54.328439, -37.675319}
{5347.321429,54.886515, 0}
{5448.214286,-28.754788, 0}
{5448.214286,-28.47778, -34.549511}
{5448.214286,-28.123923, -69.098321}
{5448.214286,-27.70378, -103.646391}
{5448.214286,-27.227753, -138.193738}
{5448.214286,-26.686127, -172.740111}
{5448.214286,-26.024179, -207.28437}
{5448.214286,-25.163743, -241.824192}
{5448.214286,-23.901788, -276.351383}
{5448.214286,-21.366121, -310.800505}
{5448.214286,0, -328.894895}
{5448.214286,21.366121, -310.800505}
{5448.214286,23.901788, -276.351383}
{5448.214286,25.163743, -241.824192}
{5448.214286,26.024179, -207.28437}
{5448.214286,26.686127, -172.740111}
{5448.214286,27.227753, -138.193738}
{5448.214286,27.70378, -103.646391}
{5448.214286,28.123923, -69.098321}
{5448.214286,28.47778, -34.549511}
{5448.214286,28.754788, 0}
{5549.107143,-1.3484, 0}
{5549.107143,-1.387639, -6.713901}
{5549.107143,-1.417157, -13.427852}
{5549.107143,-1.439818, -20.14183}
{5549.107143,-1.456544, -26.855826}
{5549.107143,-1.46591, -33.569835}
{5549.107143,-1.466435, -40.283851}
{5549.107143,-1.45421, -46.997855}
{5549.107143,-1.42281, -53.711793}
{5549.107143,-1.352891, -60.425414}
{5549.107143,0, -66.21655}
{5549.107143,1.352891, -60.425414}
{5549.107143,1.42281, -53.711793}
{5549.107143,1.45421, -46.997855}
{5549.107143,1.466435, -40.283851}
{5549.107143,1.46591, -33.569835}
{5549.107143,1.456544, -26.855826}
{5549.107143,1.439818, -20.14183}
{5549.107143,1.417157, -13.427852}
{5549.107143,1.387639, -6.713901}
{5549.107143,1.3484, 0}
{2724.107143,-337.924412, 0}
{2724.107143,-332.036713, -59.529519}
{2724.107143,-324.007157, -118.809608}
{2724.107143,-314.164947, -177.815114}
{2724.107143,-300.905422, -236.132683}
{2724.107143,-279.692105, -291.937002}
{2724.107143,-238.197142, -333.360156}
{2724.107143,-179.471927, -340.869995}
{2724.107143,-119.647952, -340.869995}
{2724.107143,-59.823976, -340.869995}
{2724.107143,0, -340.869995}
{2724.107143,59.823976, -340.869995}
{2724.107143,119.647952, -340.869995}
{2724.107143,179.471927, -340.869995}
{2724.107143,238.197142, -333.360156}
{2724.107143,279.692105, -291.937002}
{2724.107143,300.905422, -236.132683}
{2724.107143,314.164947, -177.815114}
{2724.107143,324.007157, -118.809608}
{2724.107143,332.036713, -59.529519}
{2724.107143,337.924412, 0}
{2623.214286,-337.126748, 0}
{2623.214286,-331.260667, -59.464937}
{2623.214286,-323.261499, -118.682125}
{2623.214286,-313.458668, -177.626894}
{2623.214286,-300.261874, -235.890823}
{2623.214286,-279.172874, -291.673412}
{2623.214286,-237.903149, -333.23987}
{2623.214286,-179.272654, -340.869995}
{2623.214286,-119.515103, -340.869995}
{2623.214286,-59.757551, -340.869995}
{2623.214286,0, -340.869995}
{2623.214286,59.757551, -340.869995}
{2623.214286,119.515103, -340.869995}
{2623.214286,179.272654, -340.869995}
{2623.214286,237.903149, -333.23987}
{2623.214286,279.172874, -291.673412}
{2623.214286,300.261874, -235.890823}
{2623.214286,313.458668, -177.626894}
{2623.214286,323.261499, -118.682125}
{2623.214286,331.260667, -59.464937}
{2623.214286,337.126748, 0}
{2522.321429,-335.690123, 0}
{2522.321429,-329.862869, -59.348816}
{2522.321429,-321.918333, -118.452899}
{2522.321429,-312.186256, -177.28843}
{2522.321429,-299.102003, -235.455763}
{2522.321429,-278.235879, -291.198458}
{2522.321429,-237.373035, -333.020789}
{2522.321429,-178.914398, -340.869995}
{2522.321429,-119.276265, -340.869995}
{2522.321429,-59.638133, -340.869995}
{2522.321429,0, -340.869995}
{2522.321429,59.638133, -340.869995}
{2522.321429,119.276265, -340.869995}
{2522.321429,178.914398, -340.869995}
{2522.321429,237.373035, -333.020789}
{2522.321429,278.235879, -291.198458}
{2522.321429,299.102003, -235.455763}
{2522.321429,312.186256, -177.28843}
{2522.321429,321.918333, -118.452899}
{2522.321429,329.862869, -59.348816}
{2522.321429,335.690123, 0}
{2421.428571,-333.510434, 0}
{2421.428571,-327.74183, -59.172667}
{2421.428571,-319.879833, -118.105133}
{2421.428571,-310.25444, -176.774811}
{2421.428571,-297.339542, -234.795082}
{2421.428571,-276.80785, -290.47445}
{2421.428571,-236.564697, -332.678903}
{2421.428571,-178.371093, -340.869995}
{2421.428571,-118.914062, -340.869995}
{2421.428571,-59.457031, -340.869995}
{2421.428571,-3.63E-12, -340.869995}
{2421.428571,59.457031, -340.869995}
{2421.428571,118.914062, -340.869995}
{2421.428571,178.371093, -340.869995}
{2421.428571,236.564697, -332.678903}
{2421.428571,276.80785, -290.47445}
{2421.428571,297.339542, -234.795082}
{2421.428571,310.25444, -176.774811}
{2421.428571,319.879833, -118.105133}
{2421.428571,327.74183, -59.172667}
{2421.428571,333.510434, 0}
{2320.535714,-330.516637, 0}
{2320.535714,-324.828103, -58.930794}
{2320.535714,-317.078757, -117.627515}
{2320.535714,-307.598684, -176.069183}
{2320.535714,-294.913636, -233.88649}
{2320.535714,-274.833865, -289.473477}
{2320.535714,-235.445764, -332.189711}
{2320.535714,-177.625351, -340.869995}
{2320.535714,-118.416901, -340.869995}
{2320.535714,-59.20845, -340.869995}
{2320.535714,3.78E-12, -340.869995}
{2320.535714,59.20845, -340.869995}
{2320.535714,118.416901, -340.869995}
{2320.535714,177.625351, -340.869995}
{2320.535714,235.445764, -332.189711}
{2320.535714,274.833865, -289.473477}
{2320.535714,294.913636, -233.88649}
{2320.535714,307.598684, -176.069183}
{2320.535714,317.078757, -117.627515}
{2320.535714,324.828103, -58.930794}
{2320.535714,330.516637, 0}
{2219.642857,-326.671707, 0}
{2219.642857,-321.08519, -58.62034}
{2219.642857,-313.47925, -117.014308}
{2219.642857,-304.18372, -175.162856}
{2219.642857,-291.789255, -232.717963}
{2219.642857,-272.277627, -288.17763}
{2219.642857,-233.993159, -331.528099}
{2219.642857,-176.66862, -340.869995}
{2219.642857,-117.77908, -340.869995}
{2219.642857,-58.88954, -340.869995}
{2219.642857,-1.61E-12, -340.869995}
{2219.642857,58.88954, -340.869995}
{2219.642857,117.77908, -340.869995}
{2219.642857,176.66862, -340.869995}
{2219.642857,233.993159, -331.528099}
{2219.642857,272.277627, -288.17763}
{2219.642857,291.789255, -232.717963}
{2219.642857,304.18372, -175.162856}
{2219.642857,313.47925, -117.014308}
{2219.642857,321.08519, -58.62034}
{2219.642857,326.671707, 0}
{2118.75,-321.937082, 0}
{2118.75,-316.474934, -58.238252}
{2118.75,-309.043771, -116.259375}
{2118.75,-299.972375, -174.046489}
{2118.75,-287.928813, -231.276389}
{2118.75,-269.097963, -286.566374}
{2118.75,-232.177496, -330.659462}
{2118.75,-175.491844, -340.869995}
{2118.75,-116.994563, -340.869995}
{2118.75,-58.497281, -340.869995}
{2118.75,0, -340.869995}
{2118.75,58.497281, -340.869995}
{2118.75,116.994563, -340.869995}
{2118.75,175.491844, -340.869995}
{2118.75,232.177496, -330.659462}
{2118.75,269.097963, -286.566374}
{2118.75,287.928813, -231.276389}
{2118.75,299.972375, -174.046489}
{2118.75,309.043771, -116.259375}
{2118.75,316.474934, -58.238252}
{2118.75,321.937082, 0}
{2017.857143,-316.276327, 0}
{2017.857143,-310.960993, -57.781815}
{2017.857143,-303.736004, -115.357196}
{2017.857143,-294.92803, -172.711586}
{2017.857143,-283.294155, -229.549546}
{2017.857143,-265.25062, -284.619272}
{2017.857143,-229.963215, -329.540509}
{2017.857143,-174.087108, -340.869995}
{2017.857143,-116.058072, -340.869995}
{2017.857143,-58.029036, -340.869995}
{2017.857143,0, -340.869995}
{2017.857143,58.029036, -340.869995}
{2017.857143,116.058072, -340.869995}
{2017.857143,174.087108, -340.869995}
{2017.857143,229.963215, -329.540509}
{2017.857143,265.25062, -284.619272}
{2017.857143,283.294155, -229.549546}
{2017.857143,294.92803, -172.711586}
{2017.857143,303.736004, -115.357196}
{2017.857143,310.960993, -57.781815}
{2017.857143,316.276327, 0}
{1916.964286,-309.656418, 0}
{1916.964286,-304.510276, -57.248615}
{1916.964286,-297.522689, -114.302833}
{1916.964286,-289.016644, -171.150453}
{1916.964286,-277.848728, -227.526067}
{1916.964286,-260.689955, -282.315994}
{1916.964286,-227.304404, -328.11601}
{1916.964286,-172.447491, -340.869995}
{1916.964286,-114.964994, -340.869995}
{1916.964286,-57.482497, -340.869995}
{1916.964286,0, -340.869995}
{1916.964286,57.482497, -340.869995}
{1916.964286,114.964994, -340.869995}
{1916.964286,172.447491, -340.869995}
{1916.964286,227.304404, -328.11601}
{1916.964286,260.689955, -282.315994}
{1916.964286,277.848728, -227.526067}
{1916.964286,289.016644, -171.150453}
{1916.964286,297.522689, -114.302833}
{1916.964286,304.510276, -57.248615}
{1916.964286,309.656418, 0}
{1816.071429,-302.050136, 0}
{1816.071429,-297.095107, -56.636791}
{1816.071429,-290.375338, -113.092396}
{1816.071429,-282.208246, -169.356913}
{1816.071429,-271.558731, -225.196402}
{1816.071429,-255.370692, -279.63807}
{1816.071429,-224.143044, -326.32029}
{1816.071429,-170.567869, -340.869995}
{1816.071429,-113.711913, -340.869995}
{1816.071429,-56.855956, -340.869995}
{1816.071429,2.41E-12, -340.869995}
{1816.071429,56.855956, -340.869995}
{1816.071429,113.711913, -340.869995}
{1816.071429,170.567869, -340.869995}
{1816.071429,224.143044, -326.32029}
{1816.071429,255.370692, -279.63807}
{1816.071429,271.558731, -225.196402}
{1816.071429,282.208246, -169.356913}
{1816.071429,290.375338, -113.092396}
{1816.071429,297.095107, -56.636791}
{1816.071429,302.050136, 0}
{1715.178571,-293.430684, 0}
{1715.178571,-288.687762, -55.944505}
{1715.178571,-282.264946, -111.722015}
{1715.178571,-274.47174, -167.324766}
{1715.178571,-264.388389, -222.550894}
{1715.178571,-249.244037, -276.566994}
{1715.178571,-220.40219, -324.076871}
{1715.178571,-168.443339, -340.869995}
{1715.178571,-112.295559, -340.869995}
{1715.178571,-56.14778, -340.869995}
{1715.178571,0, -340.869995}
{1715.178571,56.14778, -340.869995}
{1715.178571,112.295559, -340.869995}
{1715.178571,168.443339, -340.869995}
{1715.178571,220.40219, -324.076871}
{1715.178571,249.244037, -276.566994}
{1715.178571,264.388389, -222.550894}
{1715.178571,274.47174, -167.324766}
{1715.178571,282.264946, -111.722015}
{1715.178571,288.687762, -55.944505}
{1715.178571,293.430684, 0}
{1614.285714,-283.773375, 0}
{1614.285714,-279.262957, -55.170411}
{1614.285714,-273.165083, -110.188793}
{1614.285714,-265.778543, -165.049252}
{1614.285714,-256.303859, -219.581743}
{1614.285714,-242.261984, -273.086962}
{1614.285714,-215.983951, -321.302988}
{1614.285714,-166.070431, -340.869995}
{1614.285714,-110.713621, -340.869995}
{1614.285714,-55.35681, -340.869995}
{1614.285714,0, -340.869995}
{1614.285714,55.35681, -340.869995}
{1614.285714,110.713621, -340.869995}
{1614.285714,166.070431, -340.869995}
{1614.285714,215.983951, -321.302988}
{1614.285714,242.261984, -273.086962}
{1614.285714,256.303859, -219.581743}
{1614.285714,265.778543, -165.049252}
{1614.285714,273.165083, -110.188793}
{1614.285714,279.262957, -55.170411}
{1614.285714,283.773375, 0}
{1513.392857,-273.056888, 0}
{1513.392857,-268.797517, -54.313343}
{1513.392857,-263.05001, -108.490126}
{1513.392857,-256.099542, -162.526025}
{1513.392857,-247.269308, -216.281684}
{1513.392857,-234.37275, -269.183315}
{1513.392857,-210.769106, -317.920457}
{1513.392857,-163.44653, -340.869995}
{1513.392857,-108.964353, -340.869995}
{1513.392857,-54.482177, -340.869995}
{1513.392857,1.03E-12, -340.869995}
{1513.392857,54.482177, -340.869995}
{1513.392857,108.964353, -340.869995}
{1513.392857,163.44653, -340.869995}
{1513.392857,210.769106, -317.920457}
{1513.392857,234.37275, -269.183315}
{1513.392857,247.269308, -216.281684}
{1513.392857,256.099542, -162.526025}
{1513.392857,263.05001, -108.490126}
{1513.392857,268.797517, -54.313343}
{1513.392857,273.056888, 0}
{1412.5,-261.256218, 0}
{1412.5,-257.265611, -53.372111}
{1412.5,-251.892266, -106.623392}
{1412.5,-245.404658, -159.750737}
{1412.5,-237.248122, -212.643526}
{1412.5,-225.522857, -264.842005}
{1412.5,-204.62641, -313.864642}
{1412.5,-160.568722, -340.869995}
{1412.5,-107.045815, -340.869995}
{1412.5,-53.522907, -340.869995}
{1412.5,0, -340.869995}
{1412.5,53.522907, -340.869995}
{1412.5,107.045815, -340.869995}
{1412.5,160.568722, -340.869995}
{1412.5,204.62641, -313.864642}
{1412.5,225.522857, -264.842005}
{1412.5,237.248122, -212.643526}
{1412.5,245.404658, -159.750737}
{1412.5,251.892266, -106.623392}
{1412.5,257.265611, -53.372111}
{1412.5,261.256218, 0}
{1311.607143,-248.354964, 0}
{1311.607143,-244.648493, -52.346485}
{1311.607143,-239.669884, -104.587842}
{1311.607143,-233.66782, -156.721833}
{1311.607143,-226.206089, -208.663877}
{1311.607143,-215.659651, -260.05466}
{1311.607143,-197.426588, -309.09915}
{1311.607143,-157.356089, -340.209952}
{1311.607143,-104.958206, -340.869995}
{1311.607143,-52.479103, -340.869995}
{1311.607143,0, -340.869995}
{1311.607143,52.479103, -340.869995}
{1311.607143,104.958206, -340.869995}
{1311.607143,157.356089, -340.209952}
{1311.607143,197.426588, -309.09915}
{1311.607143,215.659651, -260.05466}
{1311.607143,226.206089, -208.663877}
{1311.607143,233.66782, -156.721833}
{1311.607143,239.669884, -104.587842}
{1311.607143,244.648493, -52.346485}
{1311.607143,248.354964, 0}
{1210.714286,-234.331816, 0}
{1210.714286,-230.922875, -51.236465}
{1210.714286,-226.356451, -102.383187}
{1210.714286,-220.858752, -153.438492}
{1210.714286,-214.104793, -204.340527}
{1210.714286,-204.726866, -254.81567}
{1210.714286,-189.048703, -303.612145}
{1210.714286,-153.741306, -338.697757}
{1210.714286,-102.702115, -340.869995}
{1210.714286,-51.351058, -340.869995}
{1210.714286,0, -340.869995}
{1210.714286,51.351058, -340.869995}
{1210.714286,102.702115, -340.869995}
{1210.714286,153.741306, -338.697757}
{1210.714286,189.048703, -303.612145}
{1210.714286,204.726866, -254.81567}
{1210.714286,214.104793, -204.340527}
{1210.714286,220.858752, -153.438492}
{1210.714286,226.356451, -102.383187}
{1210.714286,230.922875, -51.236465}
{1210.714286,234.331816, 0}
{1109.821429,-219.16972, 0}
{1109.821429,-216.070099, -50.041696}
{1109.821429,-211.930625, -100.008462}
{1109.821429,-206.952729, -149.898932}
{1109.821429,-200.912108, -199.670278}
{1109.821429,-192.677174, -249.119779}
{1109.821429,-179.392479, -297.405924}
{1109.821429,-149.563342, -336.218473}
{1109.821429,-100.277362, -340.869995}
{1109.821429,-50.138681, -340.869995}
{1109.821429,0, -340.869995}
{1109.821429,50.138681, -340.869995}
{1109.821429,100.277362, -340.869995}
{1109.821429,149.563342, -336.218473}
{1109.821429,179.392479, -297.405924}
{1109.821429,192.677174, -249.119779}
{1109.821429,200.912108, -199.670278}
{1109.821429,206.952729, -149.898932}
{1109.821429,211.930625, -100.008462}
{1109.821429,216.070099, -50.041696}
{1109.821429,219.16972, 0}
{1008.928571,-202.850293, 0}
{1008.928571,-200.067883, -48.763369}
{1008.928571,-196.364944, -97.465752}
{1008.928571,-191.916667, -146.105934}
{1008.928571,-186.585625, -194.656212}
{1008.928571,-179.4529, -242.970758}
{1008.928571,-168.357394, -290.502812}
{1008.928571,-144.362348, -332.224379}
{1008.928571,-97.6871, -340.869995}
{1008.928571,-48.84355, -340.869995}
{1008.928571,0, -340.869995}
{1008.928571,48.84355, -340.869995}
{1008.928571,97.6871, -340.869995}
{1008.928571,144.362348, -332.224379}
{1008.928571,168.357394, -290.502812}
{1008.928571,179.4529, -242.970758}
{1008.928571,186.585625, -194.656212}
{1008.928571,191.916667, -146.105934}
{1008.928571,196.364944, -97.465752}
{1008.928571,200.067883, -48.763369}
{1008.928571,202.850293, 0}
{908.035714,-185.35729, 0}
{908.035714,-182.899298, -47.400322}
{908.035714,-179.640483, -94.752527}
{908.035714,-175.729256, -142.055478}
{908.035714,-171.098549, -189.292763}
{908.035714,-165.019156, -236.363074}
{908.035714,-155.898404, -282.92365}
{908.035714,-137.526603, -326.321682}
{908.035714,-94.929358, -340.869995}
{908.035714,-47.464679, -340.869995}
{908.035714,0, -340.869995}
{908.035714,47.464679, -340.869995}
{908.035714,94.929358, -340.869995}
{908.035714,137.526603, -326.321682}
{908.035714,155.898404, -282.92365}
{908.035714,165.019156, -236.363074}
{908.035714,171.098549, -189.292763}
{908.035714,175.729256, -142.055478}
{908.035714,179.640483, -94.752527}
{908.035714,182.899298, -47.400322}
{908.035714,185.35729, 0}
{807.142857,-166.675302, 0}
{807.142857,-164.543702, -45.961787}
{807.142857,-161.729784, -91.886993}
{807.142857,-158.355869, -137.77458}
{807.142857,-154.406495, -183.615864}
{807.142857,-149.320433, -229.343442}
{807.142857,-141.956618, -274.750949}
{807.142857,-128.331207, -318.557303}
{807.142857,-92.023373, -340.869995}
{807.142857,-46.011687, -340.869995}
{807.142857,0, -340.869995}
{807.142857,46.011687, -340.869995}
{807.142857,92.023373, -340.869995}
{807.142857,128.331207, -318.557303}
{807.142857,141.956618, -274.750949}
{807.142857,149.320433, -229.343442}
{807.142857,154.406495, -183.615864}
{807.142857,158.355869, -137.77458}
{807.142857,161.729784, -91.886993}
{807.142857,164.543702, -45.961787}
{807.142857,166.675302, 0}
{706.25,-146.787243, 0}
{706.25,-144.98338, -44.428988}
{706.25,-142.613446, -88.831478}
{706.25,-139.775198, -133.206577}
{706.25,-136.486577, -177.550407}
{706.25,-132.336584, -221.820982}
{706.25,-126.537736, -265.901301}
{706.25,-116.677141, -309.21098}
{706.25,-88.931889, -340.869995}
{706.25,-44.465944, -340.869995}
{706.25,0, -340.869995}
{706.25,44.465944, -340.869995}
{706.25,88.931889, -340.869995}
{706.25,116.677141, -309.21098}
{706.25,126.537736, -265.901301}
{706.25,132.336584, -221.820982}
{706.25,136.486577, -177.550407}
{706.25,139.775198, -133.206577}
{706.25,142.613446, -88.831478}
{706.25,144.98338, -44.428988}
{706.25,146.787243, 0}
{605.357143,-125.680678, 0}
{605.357143,-124.200583, -42.851541}
{605.357143,-122.266026, -85.685035}
{605.357143,-119.95231, -128.499776}
{605.357143,-117.293753, -171.294428}
{605.357143,-114.009151, -214.04504}
{605.357143,-109.572105, -256.689435}
{605.357143,-102.528306, -298.966762}
{605.357143,-84.644369, -337.132308}
{605.357143,-42.877329, -340.869995}
{605.357143,-1.05E-12, -340.869995}
{605.357143,42.877329, -340.869995}
{605.357143,84.644369, -337.132308}
{605.357143,102.528306, -298.966762}
{605.357143,109.572105, -256.689435}
{605.357143,114.009151, -214.04504}
{605.357143,117.293753, -171.294428}
{605.357143,119.95231, -128.499776}
{605.357143,122.266026, -85.685035}
{605.357143,124.200583, -42.851541}
{605.357143,125.680678, 0}
{504.464286,-103.335727, 0}
{504.464286,-102.173804, -41.151462}
{504.464286,-100.664392, -82.291681}
{504.464286,-98.862716, -123.420169}
{504.464286,-96.806626, -164.536713}
{504.464286,-94.324207, -205.629444}
{504.464286,-91.074482, -246.667875}
{504.464286,-86.22598, -287.543525}
{504.464286,-76.170912, -327.305835}
{504.464286,-41.168004, -340.869995}
{504.464286,0, -340.869995}
{504.464286,41.168004, -340.869995}
{504.464286,76.170912, -327.305835}
{504.464286,86.22598, -287.543525}
{504.464286,91.074482, -246.667875}
{504.464286,94.324207, -205.629444}
{504.464286,96.806626, -164.536713}
{504.464286,98.862716, -123.420169}
{504.464286,100.664392, -82.291681}
{504.464286,102.173804, -41.151462}
{504.464286,103.335727, 0}
{403.571429,-79.73969, 0}
{403.571429,-78.886052, -39.472659}
{403.571429,-77.783626, -78.939173}
{403.571429,-76.470204, -118.399244}
{403.571429,-74.977912, -157.85296}
{403.571429,-73.21548, -197.295413}
{403.571429,-70.965998, -236.712826}
{403.571429,-67.781341, -276.0642}
{403.571429,-62.190487, -315.127573}
{403.571429,-39.481964, -340.869995}
{403.571429,0, -340.869995}
{403.571429,39.481964, -340.869995}
{403.571429,62.190487, -315.127573}
{403.571429,67.781341, -276.0642}
{403.571429,70.965998, -236.712826}
{403.571429,73.21548, -197.295413}
{403.571429,74.977912, -157.85296}
{403.571429,76.470204, -118.399244}
{403.571429,77.783626, -78.939173}
{403.571429,78.886052, -39.472659}
{403.571429,79.73969, 0}
{302.678571,-54.886515, 0}
{302.678571,-54.328439, -37.675319}
{302.678571,-53.61259, -75.347979}
{302.678571,-52.761636, -113.017835}
{302.678571,-51.797275, -150.684963}
{302.678571,-50.682559, -188.347903}
{302.678571,-49.293313, -226.001634}
{302.678571,-47.420011, -263.633972}
{302.678571,-44.477117, -301.194962}
{302.678571,-36.265998, -337.702045}
{302.678571,0, -340.869995}
{302.678571,36.265998, -337.702045}
{302.678571,44.477117, -301.194962}
{302.678571,47.420011, -263.633972}
{302.678571,49.293313, -226.001634}
{302.678571,50.682559, -188.347903}
{302.678571,51.797275, -150.684963}
{302.678571,52.761636, -113.017835}
{302.678571,53.61259, -75.347979}
{302.678571,54.328439, -37.675319}
{302.678571,54.886515, 0}
{201.785714,-28.754788, 0}
{201.785714,-28.47778, -34.549511}
{201.785714,-28.123923, -69.098321}
{201.785714,-27.70378, -103.646391}
{201.785714,-27.227753, -138.193738}
{201.785714,-26.686127, -172.740111}
{201.785714,-26.024179, -207.28437}
{201.785714,-25.163743, -241.824192}
{201.785714,-23.901788, -276.351383}
{201.785714,-21.366121, -310.800505}
{201.785714,0, -328.894895}
{201.785714,21.366121, -310.800505}
{201.785714,23.901788, -276.351383}
{201.785714,25.163743, -241.824192}
{201.785714,26.024179, -207.28437}
{201.785714,26.686127, -172.740111}
{201.785714,27.227753, -138.193738}
{201.785714,27.70378, -103.646391}
{201.785714,28.123923, -69.098321}
{201.785714,28.47778, -34.549511}
{201.785714,28.754788, 0}
{100.892857,-1.3484, 0}
{100.892857,-1.387639, -6.713901}
{100.892857,-1.417157, -13.427852}
{100.892857,-1.439818, -20.14183}
{100.892857,-1.456544, -26.855826}
{100.892857,-1.46591, -33.569835}
{100.892857,-1.466435, -40.283851}
{100.892857,-1.45421, -46.997855}
{100.892857,-1.42281, -53.711793}
{100.892857,-1.352891, -60.425414}
{100.892857,0, -66.21655}
{100.892857,1.352891, -60.425414}
{100.892857,1.42281, -53.711793}
{100.892857,1.45421, -46.997855}
{100.892857,1.466435, -40.283851}
{100.892857,1.46591, -33.569835}
{100.892857,1.456544, -26.855826}
{100.892857,1.439818, -20.14183}
{100.892857,1.417157, -13.427852}
{100.892857,1.387639, -6.713901}
{100.892857,1.3484, 0}
{0,0, 0}
{5650,0, 0}
