Station,Length,Moment
0,0,0.0
0,1,-0.7963838578973359
0,2,-1.5927677157946718
0,3,-2.3891515736920077
0,4,-3.1855354315893436
0,5,-3.9819192894866795
0,6,-4.778303147384015
0,7,-5.574687005281351
0,8,-6.371070863178687
0,9,-7.167454721076023
0,10,-7.963838578973359
0,11,-8.760222436870695
0,12,-9.55660629476803
0,13,-10.352990152665367
0,14,-11.149374010562703
0,15,-11.945757868460039
0,16,-12.742141726357374
0,17,-13.53852558425471
0,18,-14.334909442152046
0,19,-15.131293300049382
0,20,-15.927677157946718
0,21,-16.724061015844054
0,22,-17.52044487374139
0,23,-18.316828731638726
0,24,-19.11321258953606
0,25,-19.909596447433398
0,26,-20.705980305330733
0,27,-21.50236416322807
0,28,-22.298748021125405
0,29,-23.09513187902274
0,30,-23.891515736920077
0,31,-24.687899594817413
0,32,-25.48428345271475
0,33,-26.280667310612085
0,34,-27.07705116850942
0,35,-27.873435026406757
0,36,-28.669818884304092
0,37,-29.46620274220143
0,38,-30.262586600098764
0,39,-31.0589704579961
0,40,-31.855354315893436
0,41,-32.651738173790775
0,42,-33.448122031688115
0,43,-34.244505889585454
0,44,-35.040889747482794
0,45,-35.83727360538013
0,46,-36.63365746327747
0,47,-37.43004132117481
0,48,-38.22642517907215
0,49,-39.02280903696949
0,50,-39.81919289486683
0,51,-40.61557675276417
0,52,-41.48393730325075
0,53,-42.352297853737326
0,54,-43.220658404223904
0,55,-44.08901895471048
0,56,-44.95737950519706
0,57,-45.82574005568364
0,58,-46.69410060617022
0,59,-47.562461156656795
0,60,-48.43082170714337
0,61,-49.29918225762995
0,62,-50.16754280811653
0,63,-51.03590335860311
0,64,-51.904263909089686
0,65,-52.772624459576264
0,66,-53.64098501006284
0,67,-54.50934556054942
0,68,-55.377706111036
0,69,-56.246066661522576
0,70,-57.114427212009154
0,71,-57.98278776249573
0,72,-58.85114831298231
0,73,-59.71950886346889
0,74,-60.58786941395547
0,75,-61.456229964442045
0,76,-62.32459051492862
0,77,-63.1929510654152
0,78,-64.06131161590179
0,79,-64.92967216638837
0,80,-65.79803271687496
0,81,-66.66639326736154
0,82,-67.53475381784813
0,83,-68.40311436833471
0,84,-69.2714749188213
0,85,-70.13983546930788
0,86,-71.00819601979447
0,87,-71.87655657028105
0,88,-72.74491712076764
0,89,-73.61327767125422
0,90,-74.48163822174081
0,91,-75.3499987722274
0,92,-76.21835932271398
0,93,-77.08671987320056
0,94,-77.95508042368715
0,95,-78.82344097417374
0,96,-79.69180152466032
0,97,-80.5601620751469
0,98,-81.42852262563349
0,99,-82.29688317612008
0,100,-83.16524372660666
0,101,-84.03360427709325
0,102,-84.90196482757983
1,103,-85.77032537806642
1,104,-86.638685928553
1,105,-87.50704647903959
1,106,-88.37540702952617
1,107,-89.24376758001276
1,108,-90.11212813049934
1,109,-90.98048868098593
1,110,-91.84884923147251
1,111,-92.7172097819591
1,112,-93.58557033244568
1,113,-94.45393088293227
1,114,-95.32229143341885
1,115,-96.19065198390544
1,116,-97.05901253439202
1,117,-97.92737308487861
1,118,-98.7957336353652
1,119,-99.66409418585178
1,120,-100.53245473633837
1,121,-101.40081528682495
1,122,-102.26917583731154
1,123,-103.13753638779812
1,124,-104.0058969382847
1,125,-104.87425748877129
1,126,-105.74261803925788
1,127,-106.61097858974446
1,128,-107.47933914023105
1,129,-108.34769969071763
1,130,-109.21606024120422
1,131,-110.0844207916908
1,132,-110.95278134217739
1,133,-111.82114189266397
1,134,-112.68950244315056
1,135,-113.55786299363714
1,136,-114.42622354412373
1,137,-115.29458409461031
1,138,-116.1629446450969
1,139,-117.03130519558349
1,140,-117.89966574607007
1,141,-118.76802629655666
1,142,-119.63638684704324
1,143,-120.50474739752983
1,144,-121.37310794801641
1,145,-122.241468498503
1,146,-123.10982904898958
1,147,-123.97818959947617
1,148,-124.84655014996275
1,149,-125.71491070044934
1,150,-126.58327125093592
1,151,-127.45163180142251
1,152,-128.3199923519091
1,153,-129.18835290239568
1,154,-130.05671345288226
1,155,-131.2308787373274
1,156,-132.40504402177254
1,157,-133.57920930621768
1,158,-134.75337459066282
1,159,-135.92753987510795
1,160,-137.1017051595531
1,161,-138.27587044399823
1,162,-139.45003572844337
1,163,-140.6242010128885
1,164,-141.79836629733364
1,165,-142.97253158177878
1,166,-144.14669686622392
1,167,-145.32086215066906
1,168,-146.4950274351142
1,169,-147.66919271955933
1,170,-148.84335800400447
1,171,-150.0175232884496
1,172,-151.19168857289475
1,173,-152.36585385733989
1,174,-153.54001914178502
1,175,-154.71418442623016
1,176,-155.8883497106753
1,177,-157.06251499512044
1,178,-158.23668027956558
1,179,-159.4108455640107
1,180,-160.58501084845585
1,181,-161.759176132901
1,182,-162.93334141734613
1,183,-164.10750670179127
1,184,-165.2816719862364
1,185,-166.45583727068154
1,186,-167.63000255512668
1,187,-168.80416783957182
1,188,-169.97833312401696
1,189,-171.1524984084621
1,190,-172.32666369290723
1,191,-173.50082897735237
1,192,-174.6749942617975
1,193,-175.84915954624265
1,194,-177.02332483068778
1,195,-178.19749011513292
1,196,-179.37165539957806
1,197,-180.5458206840232
1,198,-181.71998596846834
1,199,-182.89415125291347
1,200,-184.0683165373586
1,201,-185.24248182180375
1,202,-186.4166471062489
1,203,-187.59081239069403
1,204,-188.76497767513916
2,205,-189.9391429595843
2,206,-191.11330824402944
2,207,-192.28747352847458
2,208,-193.46163881291972
2,209,-194.63580409736485
2,210,-195.80996938181
2,211,-196.98413466625513
2,212,-198.15829995070027
2,213,-199.3324652351454
2,214,-200.50663051959054
2,215,-201.68079580403568
2,216,-202.85496108848082
2,217,-204.02912637292596
2,218,-205.2032916573711
2,219,-206.37745694181623
2,220,-207.55162222626137
2,221,-208.7257875107065
2,222,-209.89995279515165
2,223,-211.0741180795968
2,224,-212.24828336404192
2,225,-213.42244864848706
2,226,-214.5966139329322
2,227,-215.77077921737734
2,228,-216.94494450182248
2,229,-218.11910978626761
2,230,-219.29327507071275
2,231,-220.4674403551579
2,232,-221.64160563960303
2,233,-222.81577092404817
2,234,-223.9899362084933
2,235,-225.16410149293844
2,236,-226.33826677738358
2,237,-227.51243206182872
2,238,-228.68659734627386
2,239,-229.860762630719
2,240,-231.03492791516413
2,241,-232.20909319960927
2,242,-233.3832584840544
2,243,-234.55742376849955
2,244,-235.73158905294468
2,245,-236.90575433738982
2,246,-238.07991962183496
2,247,-239.2540849062801
2,248,-240.42825019072524
2,249,-241.60241547517037
2,250,-242.7765807596155
2,251,-243.95074604406065
2,252,-245.1249113285058
2,253,-246.29907661295093
2,254,-247.47324189739606
2,255,-248.6474071818412
2,256,-249.82157246628634
2,257,-251.02562182201342
2,258,-252.2296711777405
2,259,-253.43372053346758
2,260,-254.63776988919466
2,261,-255.84181924492174
2,262,-257.0458686006488
2,263,-258.2499179563759
2,264,-259.453967312103
2,265,-260.65801666783005
2,266,-261.86206602355713
2,267,-263.0661153792842
2,268,-264.2701647350113
2,269,-265.47421409073837
2,270,-266.67826344646545
2,271,-267.88231280219253
2,272,-269.0863621579196
2,273,-270.2904115136467
2,274,-271.49446086937377
2,275,-272.69851022510085
2,276,-273.9025595808279
2,277,-275.106608936555
2,278,-276.3106582922821
2,279,-277.51470764800916
2,280,-278.71875700373624
2,281,-279.9228063594633
2,282,-281.1268557151904
2,283,-282.3309050709175
2,284,-283.53495442664456
2,285,-284.73900378237164
2,286,-285.9430531380987
2,287,-287.1471024938258
2,288,-288.3511518495529
2,289,-289.55520120527996
2,290,-290.75925056100704
2,291,-291.9632999167341
2,292,-293.1673492724612
2,293,-294.3713986281883
2,294,-295.57544798391535
2,295,-296.77949733964243
2,296,-297.9835466953695
2,297,-299.1875960510966
2,298,-300.39164540682367
2,299,-301.59569476255075
2,300,-302.79974411827783
2,301,-304.0037934740049
2,302,-305.207842829732
2,303,-306.41189218545907
2,304,-307.61594154118615
2,305,-308.8199908969132
2,306,-310.0240402526403
2,307,-311.2280896083674
3,308,-312.43213896409446
3,309,-313.63618831982154
3,310,-314.8402376755486
3,311,-316.0442870312757
3,312,-317.2483363870028
3,313,-318.45238574272986
3,314,-319.65643509845694
3,315,-320.860484454184
3,316,-322.0645338099111
3,317,-323.2685831656382
3,318,-324.47263252136526
3,319,-325.67668187709234
3,320,-326.8807312328194
3,321,-328.0847805885465
3,322,-329.2888299442736
3,323,-330.49287930000065
3,324,-331.69692865572773
3,325,-332.9009780114548
3,326,-334.1050273671819
3,327,-335.30907672290897
3,328,-336.51312607863605
3,329,-337.7171754343631
3,330,-338.9212247900902
3,331,-340.1252741458173
3,332,-341.32932350154437
3,333,-342.53337285727144
3,334,-343.7374222129985
3,335,-344.9414715687256
3,336,-346.1455209244527
3,337,-347.34957028017976
3,338,-348.55361963590684
3,339,-349.7576689916339
3,340,-350.961718347361
3,341,-352.1657677030881
3,342,-353.36981705881516
3,343,-354.57386641454224
3,344,-355.7779157702693
3,345,-356.9819651259964
3,346,-358.1860144817235
3,347,-359.39006383745055
3,348,-360.59411319317763
3,349,-361.7981625489047
3,350,-363.0022119046318
3,351,-364.2062612603589
3,352,-365.41031061608595
3,353,-366.61435997181303
3,354,-367.8184093275401
3,355,-369.0224586832672
3,356,-370.22650803899427
3,357,-371.43055739472135
3,358,-372.6346067504484
3,359,-373.8386561061755
3,360,-375.0718475826425
3,361,-376.30503905910945
3,362,-377.5382305355764
3,363,-378.7714220120434
3,364,-380.00461348851036
3,365,-381.23780496497733
3,366,-382.4709964414443
3,367,-383.70418791791127
3,368,-384.93737939437824
3,369,-386.1705708708452
3,370,-387.4037623473122
3,371,-388.63695382377915
3,372,-389.8701453002461
3,373,-391.1033367767131
3,374,-392.33652825318006
3,375,-393.56971972964703
3,376,-394.802911206114
3,377,-396.036102682581
3,378,-397.26929415904794
3,379,-398.5024856355149
3,380,-399.7356771119819
3,381,-400.96886858844886
3,382,-402.2020600649158
3,383,-403.4352515413828
3,384,-404.66844301784977
3,385,-405.90163449431674
3,386,-407.1348259707837
3,387,-408.3680174472507
3,388,-409.60120892371765
3,389,-410.8344004001846
3,390,-412.0675918766516
3,391,-413.30078335311856
3,392,-414.53397482958553
3,393,-415.7671663060525
3,394,-417.0003577825195
3,395,-418.23354925898644
3,396,-419.4667407354534
3,397,-420.6999322119204
3,398,-421.93312368838735
3,399,-423.1663151648543
3,400,-424.3995066413213
3,401,-425.63269811778827
3,402,-426.86588959425524
3,403,-428.0990810707222
3,404,-429.3322725471892
3,405,-430.56546402365615
3,406,-431.7986555001231
3,407,-433.0318469765901
3,408,-434.26503845305706
3,409,-435.49822992952403
3,410,-436.731421405991
4,411,-437.96461288245797
4,412,-439.19780435892494
4,413,-440.4309958353919
4,414,-441.6641873118589
4,415,-442.89737878832585
4,416,-444.1305702647928
4,417,-445.3637617412598
4,418,-446.59695321772676
4,419,-447.83014469419373
4,420,-449.0633361706607
4,421,-450.2965276471277
4,422,-451.52971912359465
4,423,-452.7629106000616
4,424,-453.9961020765286
4,425,-455.22929355299556
4,426,-456.4624850294625
4,427,-457.6956765059295
4,428,-458.92886798239647
4,429,-460.16205945886344
4,430,-461.3952509353304
4,431,-462.6284424117974
4,432,-463.86163388826435
4,433,-465.0948253647313
4,434,-466.3280168411983
4,435,-467.56120831766526
4,436,-468.79439979413223
4,437,-470.0275912705992
4,438,-471.2607827470662
4,439,-472.49397422353314
4,440,-473.7271657000001
4,441,-474.9603571764671
4,442,-476.19354865293406
4,443,-477.426740129401
4,444,-478.659931605868
4,445,-479.89312308233497
4,446,-481.12631455880194
4,447,-482.3595060352689
4,448,-483.5926975117359
4,449,-484.82588898820285
4,450,-486.0590804646698
4,451,-487.2922719411368
4,452,-488.52546341760376
4,453,-489.75865489407073
4,454,-490.9918463705377
4,455,-492.22503784700467
4,456,-493.45822932347164
4,457,-494.6914207999386
4,458,-495.9246122764056
4,459,-497.15780375287255
4,460,-498.3909952293395
4,461,-499.6241867058065
4,462,-500.85737818227346
4,463,-502.11889500003434
4,464,-503.3804118177952
4,465,-504.6419286355561
4,466,-505.903445453317
4,467,-507.16496227107785
4,468,-508.42647908883873
4,469,-509.6879959065996
4,470,-510.9495127243605
4,471,-512.2110295421214
4,472,-513.4725463598824
4,473,-514.7340631776433
4,474,-515.9955799954042
4,475,-517.2570968131652
4,476,-518.5186136309261
4,477,-519.780130448687
4,478,-521.041647266448
4,479,-522.3031640842089
4,480,-523.5646809019698
4,481,-524.8261977197308
4,482,-526.0877145374917
4,483,-527.3492313552526
4,484,-528.6107481730136
4,485,-529.8722649907745
4,486,-531.1337818085354
4,487,-532.3952986262964
4,488,-533.6568154440573
4,489,-534.9183322618183
4,490,-536.1798490795792
4,491,-537.4413658973401
4,492,-538.702882715101
4,493,-539.964399532862
4,494,-541.2259163506229
4,495,-542.4874331683839
4,496,-543.7489499861448
4,497,-545.0104668039057
4,498,-546.2719836216667
4,499,-547.5335004394276
4,500,-548.7950172571885
4,501,-550.0565340749495
4,502,-551.3180508927104
4,503,-552.5795677104713
4,504,-553.8410845282323
4,505,-555.1026013459932
4,506,-556.3641181637541
4,507,-557.6256349815151
4,508,-558.887151799276
4,509,-560.148668617037
4,510,-561.4101854347979
4,511,-562.6717022525588
4,512,-563.9332190703198
5,513,-565.1947358880807
5,514,-566.4562527058416
5,515,-567.7177695236026
5,516,-568.9792863413635
5,517,-570.2408031591244
5,518,-571.5023199768854
5,519,-572.7638367946463
5,520,-574.0253536124072
5,521,-575.2868704301682
5,522,-576.5483872479291
5,523,-577.80990406569
5,524,-579.071420883451
5,525,-580.3329377012119
5,526,-581.5944545189728
5,527,-582.8559713367338
5,528,-584.1174881544947
5,529,-585.3790049722556
5,530,-586.6405217900166
5,531,-587.9020386077775
5,532,-589.1635554255384
5,533,-590.4250722432994
5,534,-591.6865890610603
5,535,-592.9481058788213
5,536,-594.2096226965822
5,537,-595.4711395143431
5,538,-596.732656332104
5,539,-597.994173149865
5,540,-599.2556899676259
5,541,-600.5172067853869
5,542,-601.7787236031478
5,543,-603.0402404209087
5,544,-604.3017572386697
5,545,-605.5632740564306
5,546,-606.8247908741915
5,547,-608.0863076919525
5,548,-609.3478245097134
5,549,-610.6093413274743
5,550,-611.8708581452353
5,551,-613.1323749629962
5,552,-614.3938917807571
5,553,-615.6554085985181
5,554,-616.916925416279
5,555,-618.17844223404
5,556,-619.4399590518009
5,557,-620.7014758695618
5,558,-621.9629926873228
5,559,-623.2245095050837
5,560,-624.4860263228446
5,561,-625.7475431406056
5,562,-627.0090599583665
5,563,-628.2705767761274
5,564,-629.5320935938884
5,565,-630.8210562294419
5,566,-632.1100188649954
5,567,-633.3989815005489
5,568,-634.6879441361024
5,569,-635.9769067716559
5,570,-637.2658694072094
5,571,-638.5548320427629
5,572,-639.8437946783164
5,573,-641.1327573138699
5,574,-642.4217199494234
5,575,-643.7106825849769
5,576,-644.9996452205304
5,577,-646.2886078560839
5,578,-647.5775704916374
5,579,-648.8665331271909
5,580,-650.1554957627444
5,581,-651.4444583982979
5,582,-652.7334210338514
5,583,-654.0223836694049
5,584,-655.3113463049584
5,585,-656.6003089405119
5,586,-657.8892715760654
5,587,-659.1782342116189
5,588,-660.4671968471724
5,589,-661.7561594827259
5,590,-663.0451221182794
5,591,-664.3340847538329
5,592,-665.6230473893864
5,593,-666.91201002494
5,594,-668.2009726604934
5,595,-669.489935296047
5,596,-670.7788979316005
5,597,-672.067860567154
5,598,-673.3568232027075
5,599,-674.645785838261
5,600,-675.9347484738145
5,601,-677.223711109368
5,602,-678.5126737449215
5,603,-679.801636380475
5,604,-681.0905990160285
5,605,-682.379561651582
5,606,-683.6685242871355
5,607,-684.957486922689
5,608,-686.2464495582425
5,609,-687.535412193796
5,610,-688.8243748293495
5,611,-690.113337464903
5,612,-691.4023001004565
5,613,-692.69126273601
5,614,-693.9802253715635
5,615,-695.269188007117
6,616,-696.5581506426705
6,617,-697.847113278224
6,618,-699.1360759137775
6,619,-700.425038549331
6,620,-701.7140011848845
6,621,-703.002963820438
6,622,-704.2919264559915
6,623,-705.580889091545
6,624,-706.8698517270985
6,625,-708.158814362652
6,626,-709.4477769982055
6,627,-710.736739633759
6,628,-712.0257022693125
6,629,-713.314664904866
6,630,-714.6036275404196
6,631,-715.892590175973
6,632,-717.1815528115266
6,633,-718.4705154470801
6,634,-719.7594780826336
6,635,-721.0484407181871
6,636,-722.3374033537406
6,637,-723.6263659892941
6,638,-724.9153286248476
6,639,-726.2042912604011
6,640,-727.4932538959546
6,641,-728.7822165315081
6,642,-730.0711791670616
6,643,-731.3601418026151
6,644,-732.6491044381686
6,645,-733.9380670737221
6,646,-735.2270297092756
6,647,-736.5159923448291
6,648,-737.8049549803826
6,649,-739.0939176159361
6,650,-740.3828802514896
6,651,-741.6718428870431
6,652,-742.9608055225966
6,653,-744.2497681581501
6,654,-745.5387307937036
6,655,-746.8276934292571
6,656,-748.1166560648106
6,657,-749.4056187003641
6,658,-750.6945813359176
6,659,-751.9835439714711
6,660,-753.2725066070246
6,661,-754.5614692425781
6,662,-755.8504318781316
6,663,-757.1393945136851
6,664,-758.4283571492386
6,665,-759.7173197847922
6,666,-761.0062824203457
6,667,-762.2952450558992
6,668,-763.6107176984332
6,669,-764.9261903409672
6,670,-766.2416629835012
6,671,-767.5571356260352
6,672,-768.8726082685693
6,673,-770.1880809111033
6,674,-771.5035535536373
6,675,-772.8190261961713
6,676,-774.1344988387053
6,677,-775.4499714812393
6,678,-776.7654441237734
6,679,-778.0809167663074
6,680,-779.3963894088414
6,681,-780.7118620513754
6,682,-782.0273346939094
6,683,-783.3428073364435
6,684,-784.6582799789775
6,685,-785.9737526215115
6,686,-787.2892252640455
6,687,-788.6046979065795
6,688,-789.9201705491135
6,689,-791.2356431916476
6,690,-792.5511158341816
6,691,-793.8665884767156
6,692,-795.1820611192496
6,693,-796.4975337617836
6,694,-797.8130064043177
6,695,-799.1284790468517
6,696,-800.4439516893857
6,697,-801.7594243319197
6,698,-803.0748969744537
6,699,-804.3903696169878
6,700,-805.7058422595218
6,701,-807.0213149020558
6,702,-808.3367875445898
6,703,-809.6522601871238
6,704,-810.9677328296578
6,705,-812.2832054721919
6,706,-813.5986781147259
6,707,-814.9141507572599
6,708,-816.2296233997939
6,709,-817.5450960423279
6,710,-818.860568684862
6,711,-820.176041327396
6,712,-821.49151396993
6,713,-822.806986612464
6,714,-824.122459254998
6,715,-825.437931897532
6,716,-826.7534045400661
6,717,-828.0688771826001
6,718,-829.3843498251341
7,719,-830.6998224676681
7,720,-832.0152951102021
7,721,-833.3307677527362
7,722,-834.6462403952702
7,723,-835.9617130378042
7,724,-837.2771856803382
7,725,-838.5926583228722
7,726,-839.9081309654063
7,727,-841.2236036079403
7,728,-842.5390762504743
7,729,-843.8545488930083
7,730,-845.1700215355423
7,731,-846.4854941780764
7,732,-847.8009668206104
7,733,-849.1164394631444
7,734,-850.4319121056784
7,735,-851.7473847482124
7,736,-853.0628573907464
7,737,-854.3783300332805
7,738,-855.6938026758145
7,739,-857.0092753183485
7,740,-858.3247479608825
7,741,-859.6402206034165
7,742,-860.9556932459506
7,743,-862.2711658884846
7,744,-863.5866385310186
7,745,-864.9021111735526
7,746,-866.2175838160866
7,747,-867.5330564586206
7,748,-868.8485291011547
7,749,-870.1640017436887
7,750,-871.4794743862227
7,751,-872.7949470287567
7,752,-874.1104196712907
7,753,-875.4258923138248
7,754,-876.7413649563588
7,755,-878.0568375988928
7,756,-879.3723102414268
7,757,-880.6877828839608
7,758,-882.0032555264949
7,759,-883.3187281690289
7,760,-884.6342008115629
7,761,-885.9496734540969
7,762,-887.2651460966309
7,763,-888.580618739165
7,764,-889.896091381699
7,765,-891.211564024233
7,766,-892.527036666767
7,767,-893.842509309301
7,768,-895.157981951835
7,769,-896.4734545943691
7,770,-897.7889272369031
7,771,-899.1299218712802
7,772,-900.4709165056573
7,773,-901.8119111400345
7,774,-903.1529057744116
7,775,-904.4939004087887
7,776,-905.8348950431658
7,777,-907.175889677543
7,778,-908.5168843119201
7,779,-909.8578789462972
7,780,-911.1988735806743
7,781,-912.5398682150515
7,782,-913.8808628494286
7,783,-915.2218574838057
7,784,-916.5628521181828
7,785,-917.90384675256
7,786,-919.2448413869371
7,787,-920.5858360213142
7,788,-921.9268306556913
7,789,-923.2678252900685
7,790,-924.6088199244456
7,791,-925.9498145588227
7,792,-927.2908091931998
7,793,-928.631803827577
7,794,-929.9727984619541
7,795,-931.3137930963312
7,796,-932.6547877307083
7,797,-933.9957823650855
7,798,-935.3367769994626
7,799,-936.6777716338397
7,800,-938.0187662682168
7,801,-939.359760902594
7,802,-940.7007555369711
7,803,-942.0417501713482
7,804,-943.3827448057253
7,805,-944.7237394401025
7,806,-946.0647340744796
7,807,-947.4057287088567
7,808,-948.7467233432338
7,809,-950.087717977611
7,810,-951.4287126119881
7,811,-952.7697072463652
7,812,-954.1107018807423
7,813,-955.4516965151195
7,814,-956.7926911494966
7,815,-958.1336857838737
7,816,-959.4746804182508
7,817,-960.815675052628
7,818,-962.1566696870051
7,819,-963.4976643213822
7,820,-964.8386589557593
8,821,-966.1796535901365
8,822,-967.5206482245136
8,823,-968.8616428588907
8,824,-970.2026374932678
8,825,-971.543632127645
8,826,-972.8846267620221
8,827,-974.2256213963992
8,828,-975.5666160307763
8,829,-976.9076106651535
8,830,-978.2486052995306
8,831,-979.5895999339077
8,832,-980.9305945682848
8,833,-982.271589202662
8,834,-983.6125838370391
8,835,-984.9535784714162
8,836,-986.2945731057933
8,837,-987.6355677401705
8,838,-988.9765623745476
8,839,-990.3175570089247
8,840,-991.6585516433018
8,841,-992.999546277679
8,842,-994.3405409120561
8,843,-995.6815355464332
8,844,-997.0225301808103
8,845,-998.3635248151875
8,846,-999.7045194495646
8,847,-1001.0455140839417
8,848,-1002.3865087183189
8,849,-1003.727503352696
8,850,-1005.0684979870731
8,851,-1006.4094926214502
8,852,-1007.7504872558274
8,853,-1009.0914818902045
8,854,-1010.4324765245816
8,855,-1011.7734711589587
8,856,-1013.1144657933359
8,857,-1014.455460427713
8,858,-1015.7964550620901
8,859,-1017.1374496964672
8,860,-1018.4784443308444
8,861,-1019.8194389652215
8,862,-1021.1604335995986
8,863,-1022.5014282339757
8,864,-1023.8424228683529
8,865,-1025.18341750273
8,866,-1026.5244121371072
8,867,-1027.8654067714845
8,868,-1029.2064014058617
8,869,-1030.547396040239
8,870,-1031.8883906746162
8,871,-1033.2293853089934
8,872,-1034.5703799433707
8,873,-1035.9358579134362
8,874,-1037.3013358835017
8,875,-1038.6668138535672
8,876,-1040.0322918236327
8,877,-1041.3977697936982
8,878,-1042.7632477637637
8,879,-1044.1287257338292
8,880,-1045.4942037038948
8,881,-1046.8596816739603
8,882,-1048.2251596440258
8,883,-1049.5906376140913
8,884,-1050.9561155841568
8,885,-1052.3215935542223
8,886,-1053.6870715242878
8,887,-1055.0525494943533
8,888,-1056.4180274644189
8,889,-1057.7835054344844
8,890,-1059.1489834045499
8,891,-1060.5144613746154
8,892,-1061.879939344681
8,893,-1063.2454173147464
8,894,-1064.610895284812
8,895,-1065.9763732548774
8,896,-1067.341851224943
8,897,-1068.7073291950085
8,898,-1070.072807165074
8,899,-1071.4382851351395
8,900,-1072.803763105205
8,901,-1074.1692410752705
8,902,-1075.534719045336
8,903,-1076.9001970154015
8,904,-1078.265674985467
8,905,-1079.6311529555326
8,906,-1080.996630925598
8,907,-1082.3621088956636
8,908,-1083.727586865729
8,909,-1085.0930648357946
8,910,-1086.4585428058601
8,911,-1087.8240207759256
8,912,-1089.1894987459912
8,913,-1090.5549767160567
8,914,-1091.9204546861222
8,915,-1093.2859326561877
8,916,-1094.6514106262532
8,917,-1096.0168885963187
8,918,-1097.3823665663842
8,919,-1098.7478445364497
8,920,-1100.1133225065153
8,921,-1101.4788004765808
8,922,-1102.8442784466463
8,923,-1104.2097564167118
9,924,-1105.5752343867773
9,925,-1106.9407123568428
9,926,-1108.3061903269083
9,927,-1109.6716682969738
9,928,-1111.0371462670394
9,929,-1112.4026242371049
9,930,-1113.7681022071704
9,931,-1115.133580177236
9,932,-1116.4990581473014
9,933,-1117.864536117367
9,934,-1119.2300140874324
9,935,-1120.595492057498
9,936,-1121.9609700275635
9,937,-1123.326447997629
9,938,-1124.6919259676945
9,939,-1126.05740393776
9,940,-1127.4228819078255
9,941,-1128.788359877891
9,942,-1130.1538378479565
9,943,-1131.519315818022
9,944,-1132.8847937880876
9,945,-1134.250271758153
9,946,-1135.6157497282186
9,947,-1136.981227698284
9,948,-1138.3467056683496
9,949,-1139.7121836384151
9,950,-1141.0776616084806
9,951,-1142.4431395785462
9,952,-1143.8086175486117
9,953,-1145.1740955186772
9,954,-1146.5395734887427
9,955,-1147.9050514588082
9,956,-1149.2705294288737
9,957,-1150.6360073989392
9,958,-1150.8976048108516
9,959,-1151.159202222764
9,960,-1151.4207996346763
9,961,-1151.6823970465887
9,962,-1151.943994458501
9,963,-1152.2055918704134
9,964,-1152.4671892823258
9,965,-1152.7287866942381
9,966,-1152.9903841061505
9,967,-1153.2519815180628
9,968,-1153.5135789299752
9,969,-1153.7751763418876
9,970,-1154.0367737538
9,971,-1154.2983711657123
9,972,-1154.5599685776247
9,973,-1154.821565989537
9,974,-1155.0831634014494
9,975,-1155.3447608133617
9,976,-1155.6297448342061
9,977,-1155.9147288550505
9,978,-1156.1997128758949
9,979,-1156.4846968967393
9,980,-1156.7696809175836
9,981,-1157.054664938428
9,982,-1157.3396489592724
9,983,-1157.6246329801168
9,984,-1157.9096170009611
9,985,-1158.1946010218055
9,986,-1158.47958504265
9,987,-1158.7645690634943
9,988,-1159.0495530843386
9,989,-1159.334537105183
9,990,-1159.6195211260274
9,991,-1159.9045051468718
9,992,-1160.1894891677161
9,993,-1160.4744731885605
9,994,-1160.759457209405
9,995,-1161.0444412302493
9,996,-1161.3294252510937
9,997,-1161.614409271938
9,998,-1161.8993932927824
9,999,-1162.1843773136268
9,1000,-1162.4693613344712
9,1001,-1162.7543453553155
9,1002,-1163.03932937616
9,1003,-1163.3243133970043
9,1004,-1163.6092974178487
9,1005,-1163.894281438693
9,1006,-1164.1792654595374
9,1007,-1164.4642494803818
9,1008,-1164.7492335012262
9,1009,-1165.0342175220705
9,1010,-1165.319201542915
9,1011,-1165.6041855637593
9,1012,-1165.8891695846037
9,1013,-1166.174153605448
9,1014,-1166.4591376262924
9,1015,-1166.7441216471368
9,1016,-1167.0291056679812
9,1017,-1167.3140896888256
9,1018,-1167.59907370967
9,1019,-1167.8840577305143
9,1020,-1168.1690417513587
9,1021,-1168.454025772203
9,1022,-1168.7390097930474
9,1023,-1169.0239938138918
9,1024,-1169.3089778347362
9,1025,-1169.5939618555806
9,1026,-1169.878945876425
10,1027,-1170.1639298972693
10,1028,-1170.4489139181137
10,1029,-1170.733897938958
10,1030,-1171.0188819598025
10,1031,-1171.3038659806468
10,1032,-1171.5888500014912
10,1033,-1171.8738340223356
10,1034,-1172.15881804318
10,1035,-1172.4438020640243
10,1036,-1172.7287860848687
10,1037,-1173.013770105713
10,1038,-1173.2987541265575
10,1039,-1173.5837381474018
10,1040,-1173.8687221682462
10,1041,-1174.1537061890906
10,1042,-1174.438690209935
10,1043,-1174.7236742307794
10,1044,-1175.0086582516237
10,1045,-1175.293642272468
10,1046,-1175.5786262933125
10,1047,-1175.8636103141569
10,1048,-1176.1485943350012
10,1049,-1176.4335783558456
10,1050,-1176.71856237669
10,1051,-1177.0035463975344
10,1052,-1177.2885304183787
10,1053,-1177.5735144392231
10,1054,-1177.8584984600675
10,1055,-1178.1434824809119
10,1056,-1178.4284665017562
10,1057,-1178.7134505226006
10,1058,-1178.998434543445
10,1059,-1179.2834185642894
10,1060,-1179.5684025851338
10,1061,-1179.8533866059781
10,1062,-1180.1383706268225
10,1063,-1180.4233546476669
10,1064,-1180.7083386685113
10,1065,-1180.9933226893556
10,1066,-1181.2783067102
10,1067,-1181.5632907310444
10,1068,-1181.8482747518888
10,1069,-1182.1332587727331
10,1070,-1182.4182427935775
10,1071,-1182.703226814422
10,1072,-1182.9882108352663
10,1073,-1183.2731948561106
10,1074,-1183.558178876955
10,1075,-1183.8431628977994
10,1076,-1184.1281469186438
10,1077,-1184.4131309394882
10,1078,-1184.6981149603325
10,1079,-1185.0053263619914
10,1080,-1185.3125377636502
10,1081,-1185.619749165309
10,1082,-1185.9269605669679
10,1083,-1186.2341719686267
10,1084,-1186.5413833702855
10,1085,-1186.8485947719444
10,1086,-1187.1558061736032
10,1087,-1187.463017575262
10,1088,-1187.7702289769209
10,1089,-1188.0774403785797
10,1090,-1188.3846517802385
10,1091,-1188.6918631818974
10,1092,-1188.9990745835562
10,1093,-1189.306285985215
10,1094,-1189.6134973868739
10,1095,-1189.9207087885327
10,1096,-1190.2279201901915
10,1097,-1190.5351315918504
10,1098,-1190.8423429935092
10,1099,-1191.149554395168
10,1100,-1191.4567657968269
10,1101,-1191.7639771984857
10,1102,-1192.0711886001445
10,1103,-1192.3784000018034
10,1104,-1192.6856114034622
10,1105,-1192.992822805121
10,1106,-1193.3000342067799
10,1107,-1193.6072456084387
10,1108,-1193.9144570100975
10,1109,-1194.2216684117564
10,1110,-1194.5288798134152
10,1111,-1194.836091215074
10,1112,-1195.1433026167329
10,1113,-1195.4505140183917
10,1114,-1195.7577254200505
10,1115,-1196.0649368217094
10,1116,-1196.3721482233682
10,1117,-1196.679359625027
10,1118,-1196.9865710266859
10,1119,-1197.2937824283447
10,1120,-1197.6009938300035
10,1121,-1197.9082052316624
10,1122,-1198.2154166333212
10,1123,-1198.52262803498
10,1124,-1198.8298394366388
10,1125,-1199.1370508382977
10,1126,-1199.4442622399565
10,1127,-1199.7514736416153
10,1128,-1200.0586850432742
11,1129,-1200.365896444933
11,1130,-1200.6731078465918
11,1131,-1200.9803192482507
11,1132,-1201.2875306499095
11,1133,-1201.5947420515683
11,1134,-1201.9019534532272
11,1135,-1202.209164854886
11,1136,-1202.5163762565448
11,1137,-1202.8235876582037
11,1138,-1203.1307990598625
11,1139,-1203.4380104615213
11,1140,-1203.7452218631802
11,1141,-1204.052433264839
11,1142,-1204.3596446664978
11,1143,-1204.6668560681567
11,1144,-1204.9740674698155
11,1145,-1205.2812788714743
11,1146,-1205.5884902731332
11,1147,-1205.895701674792
11,1148,-1206.2029130764508
11,1149,-1206.5101244781097
11,1150,-1206.8173358797685
11,1151,-1207.1245472814273
11,1152,-1207.4317586830862
11,1153,-1207.738970084745
11,1154,-1208.0461814864038
11,1155,-1208.3533928880627
11,1156,-1208.6606042897215
11,1157,-1208.9678156913803
11,1158,-1209.2750270930392
11,1159,-1209.582238494698
11,1160,-1209.8894498963568
11,1161,-1210.1966612980157
11,1162,-1210.5038726996745
11,1163,-1210.8110841013333
11,1164,-1211.1182955029922
11,1165,-1211.425506904651
11,1166,-1211.7327183063098
11,1167,-1212.0399297079687
11,1168,-1212.3471411096275
11,1169,-1212.6543525112863
11,1170,-1212.9615639129452
11,1171,-1213.268775314604
11,1172,-1213.5759867162628
11,1173,-1213.8831981179217
11,1174,-1214.1904095195805
11,1175,-1214.4976209212393
11,1176,-1214.8048323228982
11,1177,-1215.112043724557
11,1178,-1215.4192551262158
11,1179,-1215.7264665278747
11,1180,-1216.0336779295335
11,1181,-1216.361896265706
11,1182,-1216.6901146018786
11,1183,-1217.0183329380511
11,1184,-1217.3465512742237
11,1185,-1217.6747696103962
11,1186,-1218.0029879465687
11,1187,-1218.3312062827413
11,1188,-1218.6594246189138
11,1189,-1218.9876429550864
11,1190,-1219.315861291259
11,1191,-1219.6440796274314
11,1192,-1219.972297963604
11,1193,-1220.3005162997765
11,1194,-1220.628734635949
11,1195,-1220.9569529721216
11,1196,-1221.2851713082941
11,1197,-1221.6133896444667
11,1198,-1221.9416079806392
11,1199,-1222.2698263168118
11,1200,-1222.5980446529843
11,1201,-1222.9262629891568
11,1202,-1223.2544813253294
11,1203,-1223.582699661502
11,1204,-1223.9109179976745
11,1205,-1224.239136333847
11,1206,-1224.5673546700195
11,1207,-1224.895573006192
11,1208,-1225.2237913423646
11,1209,-1225.5520096785372
11,1210,-1225.8802280147097
11,1211,-1226.2084463508822
11,1212,-1226.5366646870548
11,1213,-1226.8648830232273
11,1214,-1227.1931013593999
11,1215,-1227.5213196955724
11,1216,-1227.849538031745
11,1217,-1228.1777563679175
11,1218,-1228.50597470409
11,1219,-1228.8341930402626
11,1220,-1229.162411376435
11,1221,-1229.4906297126076
11,1222,-1229.8188480487802
11,1223,-1230.1470663849527
11,1224,-1230.4752847211253
11,1225,-1230.8035030572978
11,1226,-1231.1317213934703
11,1227,-1231.4599397296429
11,1228,-1231.7881580658154
11,1229,-1232.116376401988
11,1230,-1232.4445947381605
11,1231,-1232.772813074333
12,1232,-1233.1010314105056
12,1233,-1233.4292497466781
12,1234,-1233.7574680828507
12,1235,-1234.0856864190232
12,1236,-1234.4139047551957
12,1237,-1234.7421230913683
12,1238,-1235.0703414275408
12,1239,-1235.3985597637134
12,1240,-1235.726778099886
12,1241,-1236.0549964360584
12,1242,-1236.383214772231
12,1243,-1236.7114331084035
12,1244,-1237.039651444576
12,1245,-1237.3678697807486
12,1246,-1237.6960881169211
12,1247,-1238.0243064530937
12,1248,-1238.3525247892662
12,1249,-1238.6807431254388
12,1250,-1239.0089614616113
12,1251,-1239.3371797977838
12,1252,-1239.6653981339564
12,1253,-1239.993616470129
12,1254,-1240.3218348063015
12,1255,-1240.650053142474
12,1256,-1240.9782714786465
12,1257,-1241.306489814819
12,1258,-1241.6347081509916
12,1259,-1241.9629264871642
12,1260,-1242.2911448233367
12,1261,-1242.6193631595092
12,1262,-1242.9475814956818
12,1263,-1243.2757998318543
12,1264,-1243.6040181680269
12,1265,-1243.9322365041994
12,1266,-1244.260454840372
12,1267,-1244.5886731765445
12,1268,-1244.916891512717
12,1269,-1245.2451098488896
12,1270,-1245.573328185062
12,1271,-1245.9015465212346
12,1272,-1246.2297648574072
12,1273,-1246.5579831935797
12,1274,-1246.8862015297523
12,1275,-1247.2144198659248
12,1276,-1247.5426382020974
12,1277,-1247.87085653827
12,1278,-1248.1990748744424
12,1279,-1248.527293210615
12,1280,-1248.8555115467875
12,1281,-1249.18372988296
12,1282,-1249.5119482191326
12,1283,-1249.8401665553051
12,1284,-1250.1881027009674
12,1285,-1250.5360388466297
12,1286,-1250.883974992292
12,1287,-1251.2319111379543
12,1288,-1251.5798472836166
12,1289,-1251.9277834292789
12,1290,-1252.2757195749411
12,1291,-1252.6236557206034
12,1292,-1252.9715918662657
12,1293,-1253.319528011928
12,1294,-1253.6674641575903
12,1295,-1254.0154003032526
12,1296,-1254.3633364489149
12,1297,-1254.7112725945772
12,1298,-1255.0592087402395
12,1299,-1255.4071448859017
12,1300,-1255.755081031564
12,1301,-1256.1030171772263
12,1302,-1256.4509533228886
12,1303,-1256.798889468551
12,1304,-1257.1468256142132
12,1305,-1257.4947617598755
12,1306,-1257.8426979055378
12,1307,-1258.1906340512
12,1308,-1258.5385701968623
12,1309,-1258.8865063425246
12,1310,-1259.234442488187
12,1311,-1259.5823786338492
12,1312,-1259.9303147795115
12,1313,-1260.2782509251738
12,1314,-1260.626187070836
12,1315,-1260.9741232164984
12,1316,-1261.3220593621606
12,1317,-1261.669995507823
12,1318,-1262.0179316534852
12,1319,-1262.3658677991475
12,1320,-1262.7138039448098
12,1321,-1263.061740090472
12,1322,-1263.4096762361344
12,1323,-1263.7576123817967
12,1324,-1264.105548527459
12,1325,-1264.4534846731212
12,1326,-1264.8014208187835
12,1327,-1265.1493569644458
12,1328,-1265.497293110108
12,1329,-1265.8452292557704
12,1330,-1266.1931654014327
12,1331,-1266.541101547095
12,1332,-1266.8890376927573
12,1333,-1267.2369738384195
12,1334,-1267.5849099840818
13,1335,-1267.9328461297441
13,1336,-1268.2807822754064
13,1337,-1268.6287184210687
13,1338,-1268.976654566731
13,1339,-1269.3245907123933
13,1340,-1269.6725268580556
13,1341,-1270.0204630037179
13,1342,-1270.3683991493801
13,1343,-1270.7163352950424
13,1344,-1271.0642714407047
13,1345,-1271.412207586367
13,1346,-1271.7601437320293
13,1347,-1272.1080798776916
13,1348,-1272.4560160233539
13,1349,-1272.8039521690162
13,1350,-1273.1518883146784
13,1351,-1273.4998244603407
13,1352,-1273.847760606003
13,1353,-1274.1956967516653
13,1354,-1274.5436328973276
13,1355,-1274.8915690429899
13,1356,-1275.2395051886522
13,1357,-1275.5874413343145
13,1358,-1275.9353774799768
13,1359,-1276.283313625639
13,1360,-1276.6312497713013
13,1361,-1276.9791859169636
13,1362,-1277.327122062626
13,1363,-1277.6750582082882
13,1364,-1278.0229943539505
13,1365,-1278.3709304996128
13,1366,-1278.718866645275
13,1367,-1279.0668027909373
13,1368,-1279.4147389365996
13,1369,-1279.762675082262
13,1370,-1280.1106112279242
13,1371,-1280.4585473735865
13,1372,-1280.8064835192488
13,1373,-1281.154419664911
13,1374,-1281.5023558105734
13,1375,-1281.8502919562357
13,1376,-1282.198228101898
13,1377,-1282.5461642475602
13,1378,-1282.8941003932225
13,1379,-1283.2420365388848
13,1380,-1283.589972684547
13,1381,-1283.9379088302094
13,1382,-1284.2858449758717
13,1383,-1284.633781121534
13,1384,-1284.9817172671962
13,1385,-1285.3296534128585
13,1386,-1286.310327636318
13,1387,-1287.3093501532821
13,1388,-1288.3083726702462
13,1389,-1289.3073951872102
13,1390,-1290.3064177041742
13,1391,-1291.3054402211383
13,1392,-1292.3044627381023
13,1393,-1293.3034852550663
13,1394,-1294.3025077720304
13,1395,-1295.3015302889944
13,1396,-1296.3005528059584
13,1397,-1297.2995753229225
13,1398,-1298.2985978398865
13,1399,-1299.2976203568505
13,1400,-1300.2966428738146
13,1401,-1301.2956653907786
13,1402,-1302.2946879077426
13,1403,-1303.2937104247067
13,1404,-1304.2927329416707
13,1405,-1305.2917554586347
13,1406,-1306.2907779755988
13,1407,-1307.2898004925628
13,1408,-1308.2888230095268
13,1409,-1309.2878455264909
13,1410,-1310.286868043455
13,1411,-1311.285890560419
13,1412,-1312.284913077383
13,1413,-1313.283935594347
13,1414,-1314.282958111311
13,1415,-1315.281980628275
13,1416,-1316.281003145239
13,1417,-1317.2800256622031
13,1418,-1318.2790481791671
13,1419,-1319.2780706961312
13,1420,-1320.2770932130952
13,1421,-1321.2761157300592
13,1422,-1322.2751382470233
13,1423,-1323.2741607639873
13,1424,-1324.2731832809513
13,1425,-1325.2722057979154
13,1426,-1326.2712283148794
13,1427,-1327.2702508318434
13,1428,-1328.2692733488075
13,1429,-1329.2682958657715
13,1430,-1330.2673183827355
13,1431,-1331.2663408996996
13,1432,-1332.2653634166636
13,1433,-1333.2643859336276
13,1434,-1334.2634084505917
13,1435,-1335.2624309675557
13,1436,-1336.2614534845197
14,1437,-1337.2604760014838
14,1438,-1338.2594985184478
14,1439,-1339.2585210354118
14,1440,-1340.2575435523759
14,1441,-1341.25656606934
14,1442,-1342.255588586304
14,1443,-1343.254611103268
14,1444,-1344.253633620232
14,1445,-1345.252656137196
14,1446,-1346.25167865416
14,1447,-1347.250701171124
14,1448,-1348.2497236880881
14,1449,-1349.2487462050522
14,1450,-1350.2477687220162
14,1451,-1351.2467912389802
14,1452,-1352.2458137559443
14,1453,-1353.2448362729083
14,1454,-1354.2438587898723
14,1455,-1355.2428813068364
14,1456,-1356.2419038238004
14,1457,-1357.2409263407644
14,1458,-1358.2399488577285
14,1459,-1359.2389713746925
14,1460,-1360.2379938916565
14,1461,-1361.2370164086205
14,1462,-1362.2360389255846
14,1463,-1363.2350614425486
14,1464,-1364.2340839595126
14,1465,-1365.2331064764767
14,1466,-1366.2321289934407
14,1467,-1367.2311515104047
14,1468,-1368.2301740273688
14,1469,-1369.2291965443328
14,1470,-1370.2282190612968
14,1471,-1371.2272415782609
14,1472,-1372.226264095225
14,1473,-1373.225286612189
14,1474,-1374.224309129153
14,1475,-1375.223331646117
14,1476,-1376.222354163081
14,1477,-1377.221376680045
14,1478,-1378.220399197009
14,1479,-1379.2194217139731
14,1480,-1380.2184442309372
14,1481,-1381.2174667479012
14,1482,-1382.2164892648652
14,1483,-1383.2155117818293
14,1484,-1384.2145342987933
14,1485,-1385.2135568157573
14,1486,-1386.2125793327214
14,1487,-1387.2116018496854
14,1488,-1388.2106243666494
14,1489,-1389.2266227870211
14,1490,-1390.2426212073929
14,1491,-1391.2586196277646
14,1492,-1392.2746180481363
14,1493,-1393.290616468508
14,1494,-1394.3066148888797
14,1495,-1395.3226133092514
14,1496,-1396.3386117296232
14,1497,-1397.3546101499949
14,1498,-1398.3706085703666
14,1499,-1399.3866069907383
14,1500,-1400.40260541111
14,1501,-1401.4186038314817
14,1502,-1402.4346022518534
14,1503,-1403.4506006722252
14,1504,-1404.4665990925969
14,1505,-1405.4825975129686
14,1506,-1406.4985959333403
14,1507,-1407.514594353712
14,1508,-1408.5305927740837
14,1509,-1409.5465911944555
14,1510,-1410.5625896148272
14,1511,-1411.578588035199
14,1512,-1412.5945864555706
14,1513,-1413.6105848759423
14,1514,-1414.626583296314
14,1515,-1415.6425817166858
14,1516,-1416.6585801370575
14,1517,-1417.6745785574292
14,1518,-1418.690576977801
14,1519,-1419.7065753981726
14,1520,-1420.7225738185443
14,1521,-1421.738572238916
14,1522,-1422.7545706592878
14,1523,-1423.7705690796595
14,1524,-1424.7865675000312
14,1525,-1425.802565920403
14,1526,-1426.8185643407746
14,1527,-1427.8345627611463
14,1528,-1428.850561181518
14,1529,-1429.8665596018898
14,1530,-1430.8825580222615
14,1531,-1431.8985564426332
14,1532,-1432.914554863005
14,1533,-1433.9305532833766
14,1534,-1434.9465517037484
14,1535,-1435.96255012412
14,1536,-1436.9785485444918
14,1537,-1437.9945469648635
14,1538,-1439.0105453852352
14,1539,-1440.026543805607
15,1540,-1441.0425422259787
15,1541,-1442.0585406463504
15,1542,-1443.074539066722
15,1543,-1444.0905374870938
15,1544,-1445.1065359074655
15,1545,-1446.1225343278372
15,1546,-1447.138532748209
15,1547,-1448.1545311685807
15,1548,-1449.1705295889524
15,1549,-1450.186528009324
15,1550,-1451.2025264296958
15,1551,-1452.2185248500675
15,1552,-1453.2345232704392
15,1553,-1454.250521690811
15,1554,-1455.2665201111827
15,1555,-1456.2825185315544
15,1556,-1457.298516951926
15,1557,-1458.3145153722978
15,1558,-1459.3305137926695
15,1559,-1460.3465122130413
15,1560,-1461.362510633413
15,1561,-1462.3785090537847
15,1562,-1463.3945074741564
15,1563,-1464.4105058945281
15,1564,-1465.4265043148998
15,1565,-1466.4425027352715
15,1566,-1467.4585011556433
15,1567,-1468.474499576015
15,1568,-1469.4904979963867
15,1569,-1470.5064964167584
15,1570,-1471.5224948371301
15,1571,-1472.5384932575018
15,1572,-1473.5544916778736
15,1573,-1474.5704900982453
15,1574,-1475.586488518617
15,1575,-1476.6024869389887
15,1576,-1477.6184853593604
15,1577,-1478.6344837797321
15,1578,-1479.6504822001039
15,1579,-1480.6664806204756
15,1580,-1481.6824790408473
15,1581,-1482.698477461219
15,1582,-1483.7144758815907
15,1583,-1484.7304743019624
15,1584,-1485.7464727223341
15,1585,-1486.7624711427059
15,1586,-1487.7784695630776
15,1587,-1488.7944679834493
15,1588,-1489.810466403821
15,1589,-1490.8264648241927
15,1590,-1491.8424632445644
15,1591,-1492.8584616649362
15,1592,-1493.890188470047
15,1593,-1494.9219152751577
15,1594,-1495.9536420802685
15,1595,-1496.9853688853793
15,1596,-1498.0170956904901
15,1597,-1499.048822495601
15,1598,-1500.0805493007117
15,1599,-1501.1122761058225
15,1600,-1502.1440029109333
15,1601,-1503.175729716044
15,1602,-1504.2074565211549
15,1603,-1505.2391833262657
15,1604,-1506.2709101313765
15,1605,-1507.3026369364873
15,1606,-1508.334363741598
15,1607,-1509.3660905467088
15,1608,-1510.3978173518196
15,1609,-1511.4295441569304
15,1610,-1512.4612709620412
15,1611,-1513.492997767152
15,1612,-1514.5247245722628
15,1613,-1515.5564513773736
15,1614,-1516.5881781824844
15,1615,-1517.6199049875952
15,1616,-1518.651631792706
15,1617,-1519.6833585978168
15,1618,-1520.7150854029276
15,1619,-1521.7468122080384
15,1620,-1522.7785390131492
15,1621,-1523.81026581826
15,1622,-1524.8419926233707
15,1623,-1525.8737194284815
15,1624,-1526.9054462335923
15,1625,-1527.9371730387031
15,1626,-1528.968899843814
15,1627,-1530.0006266489247
15,1628,-1531.0323534540355
15,1629,-1532.0640802591463
15,1630,-1533.095807064257
15,1631,-1534.1275338693679
15,1632,-1535.1592606744787
15,1633,-1536.1909874795895
15,1634,-1537.2227142847003
15,1635,-1538.254441089811
15,1636,-1539.2861678949218
15,1637,-1540.3178947000326
15,1638,-1541.3496215051434
15,1639,-1542.3813483102542
15,1640,-1543.413075115365
15,1641,-1544.4448019204758
15,1642,-1545.4765287255866
16,1643,-1546.5082555306974
16,1644,-1547.5399823358082
16,1645,-1548.571709140919
16,1646,-1549.6034359460298
16,1647,-1550.6351627511406
16,1648,-1551.6668895562514
16,1649,-1552.6986163613622
16,1650,-1553.730343166473
16,1651,-1554.7620699715837
16,1652,-1555.7937967766945
16,1653,-1556.8255235818053
16,1654,-1557.8572503869161
16,1655,-1558.888977192027
16,1656,-1559.9207039971377
16,1657,-1560.9524308022485
16,1658,-1561.9841576073593
16,1659,-1563.01588441247
16,1660,-1564.0476112175809
16,1661,-1565.0793380226917
16,1662,-1566.1110648278025
16,1663,-1567.1427916329133
16,1664,-1568.174518438024
16,1665,-1569.2062452431348
16,1666,-1570.2379720482456
16,1667,-1571.2696988533564
16,1668,-1572.3014256584672
16,1669,-1573.333152463578
16,1670,-1574.3648792686888
16,1671,-1575.3966060737996
16,1672,-1576.4283328789104
16,1673,-1577.4600596840212
16,1674,-1578.491786489132
16,1675,-1579.5235132942428
16,1676,-1580.5552400993536
16,1677,-1581.5869669044644
16,1678,-1582.6186937095752
16,1679,-1583.650420514686
16,1680,-1584.6821473197967
16,1681,-1585.7138741249075
16,1682,-1586.7456009300183
16,1683,-1587.7773277351291
16,1684,-1588.80905454024
16,1685,-1589.8407813453507
16,1686,-1590.8725081504615
16,1687,-1591.9042349555723
16,1688,-1592.935961760683
16,1689,-1593.9676885657939
16,1690,-1594.9994153709047
16,1691,-1596.0311421760155
16,1692,-1597.0628689811263
16,1693,-1598.094595786237
16,1694,-1599.1263225913478
16,1695,-1600.172592533894
16,1696,-1601.21886247644
16,1697,-1602.2651324189862
16,1698,-1603.3114023615324
16,1699,-1604.3576723040785
16,1700,-1605.4039422466246
16,1701,-1606.4502121891708
16,1702,-1607.496482131717
16,1703,-1608.542752074263
16,1704,-1609.5890220168092
16,1705,-1610.6352919593553
16,1706,-1611.6815619019014
16,1707,-1612.7278318444476
16,1708,-1613.7741017869937
16,1709,-1614.8203717295398
16,1710,-1615.866641672086
16,1711,-1616.912911614632
16,1712,-1617.9591815571782
16,1713,-1619.0054514997244
16,1714,-1620.0517214422705
16,1715,-1621.0979913848166
16,1716,-1622.1442613273628
16,1717,-1623.190531269909
16,1718,-1624.236801212455
16,1719,-1625.2830711550012
16,1720,-1626.3293410975473
16,1721,-1627.3756110400934
16,1722,-1628.4218809826395
16,1723,-1629.4681509251857
16,1724,-1630.5144208677318
16,1725,-1631.560690810278
16,1726,-1632.606960752824
16,1727,-1633.6532306953702
16,1728,-1634.6995006379163
16,1729,-1635.7457705804625
16,1730,-1636.7920405230086
16,1731,-1637.8383104655547
16,1732,-1638.8845804081009
16,1733,-1639.930850350647
16,1734,-1640.9771202931931
16,1735,-1642.0233902357393
16,1736,-1643.0696601782854
16,1737,-1644.1159301208315
16,1738,-1645.1622000633777
16,1739,-1646.2084700059238
16,1740,-1647.25473994847
16,1741,-1648.301009891016
16,1742,-1649.3472798335622
16,1743,-1650.3935497761083
16,1744,-1651.4398197186545
16,1745,-1652.4860896612006
17,1746,-1653.5323596037467
17,1747,-1654.5786295462929
17,1748,-1655.624899488839
17,1749,-1656.6711694313851
17,1750,-1657.7174393739313
17,1751,-1658.7637093164774
17,1752,-1659.8099792590235
17,1753,-1660.8562492015697
17,1754,-1661.9025191441158
17,1755,-1662.948789086662
17,1756,-1663.995059029208
17,1757,-1665.0413289717542
17,1758,-1666.0875989143003
17,1759,-1667.1338688568464
17,1760,-1668.1801387993926
17,1761,-1669.2264087419387
17,1762,-1670.2726786844848
17,1763,-1671.318948627031
17,1764,-1672.365218569577
17,1765,-1673.4114885121232
17,1766,-1674.4577584546694
17,1767,-1675.5040283972155
17,1768,-1676.5502983397616
17,1769,-1677.5965682823078
17,1770,-1678.642838224854
17,1771,-1679.6891081674
17,1772,-1680.7353781099462
17,1773,-1681.7816480524923
17,1774,-1682.8279179950384
17,1775,-1683.8741879375846
17,1776,-1684.9204578801307
17,1777,-1685.9667278226768
17,1778,-1687.012997765223
17,1779,-1688.059267707769
17,1780,-1689.1055376503152
17,1781,-1690.1518075928614
17,1782,-1691.1980775354075
17,1783,-1692.2443474779536
17,1784,-1693.2906174204998
17,1785,-1694.336887363046
17,1786,-1695.383157305592
17,1787,-1696.4294272481382
17,1788,-1697.4756971906843
17,1789,-1698.5219671332304
17,1790,-1699.5682370757766
17,1791,-1700.6145070183227
17,1792,-1701.6607769608688
17,1793,-1702.707046903415
17,1794,-1703.753316845961
17,1795,-1704.7995867885072
17,1796,-1705.8458567310533
17,1797,-1706.9054398215515
17,1798,-1707.9650229120496
17,1799,-1709.0246060025477
17,1800,-1710.0841890930458
17,1801,-1711.143772183544
17,1802,-1712.203355274042
17,1803,-1713.26293836454
17,1804,-1714.3225214550382
17,1805,-1715.3821045455363
17,1806,-1716.4416876360344
17,1807,-1717.5012707265325
17,1808,-1718.5608538170306
17,1809,-1719.6204369075288
17,1810,-1720.6800199980269
17,1811,-1721.739603088525
17,1812,-1722.799186179023
17,1813,-1723.8587692695212
17,1814,-1724.9183523600193
17,1815,-1725.9779354505174
17,1816,-1727.0375185410155
17,1817,-1728.0971016315136
17,1818,-1729.1566847220117
17,1819,-1730.2162678125098
17,1820,-1731.275850903008
17,1821,-1732.335433993506
17,1822,-1733.3950170840042
17,1823,-1734.4546001745023
17,1824,-1735.5141832650004
17,1825,-1736.5737663554985
17,1826,-1737.6333494459966
17,1827,-1738.6929325364947
17,1828,-1739.7525156269928
17,1829,-1740.812098717491
17,1830,-1741.871681807989
17,1831,-1742.9312648984871
17,1832,-1743.9908479889853
17,1833,-1745.0504310794834
17,1834,-1746.1100141699815
17,1835,-1747.1695972604796
17,1836,-1748.2291803509777
17,1837,-1749.2887634414758
17,1838,-1750.348346531974
17,1839,-1751.407929622472
17,1840,-1752.4675127129701
17,1841,-1753.5270958034682
17,1842,-1754.5866788939663
17,1843,-1755.6462619844644
17,1844,-1756.7058450749626
17,1845,-1757.7654281654607
17,1846,-1758.8250112559588
17,1847,-1759.8845943464569
18,1848,-1760.944177436955
18,1849,-1762.003760527453
18,1850,-1763.0633436179512
18,1851,-1764.1229267084493
18,1852,-1765.1825097989474
18,1853,-1766.2420928894455
18,1854,-1767.3016759799436
18,1855,-1768.3612590704417
18,1856,-1769.4208421609399
18,1857,-1770.480425251438
18,1858,-1771.540008341936
18,1859,-1772.5995914324342
18,1860,-1773.6591745229323
18,1861,-1774.7187576134304
18,1862,-1775.7783407039285
18,1863,-1776.8379237944266
18,1864,-1777.8975068849247
18,1865,-1778.9570899754228
18,1866,-1780.016673065921
18,1867,-1781.076256156419
18,1868,-1782.1358392469172
18,1869,-1783.1954223374153
18,1870,-1784.2550054279134
18,1871,-1785.3145885184115
18,1872,-1786.3741716089096
18,1873,-1787.4337546994077
18,1874,-1788.4933377899058
18,1875,-1789.552920880404
18,1876,-1790.612503970902
18,1877,-1791.6720870614001
18,1878,-1792.7316701518982
18,1879,-1793.7912532423964
18,1880,-1794.8508363328945
18,1881,-1795.9104194233926
18,1882,-1796.9700025138907
18,1883,-1798.0295856043888
18,1884,-1799.089168694887
18,1885,-1800.148751785385
18,1886,-1801.208334875883
18,1887,-1802.2679179663812
18,1888,-1803.3275010568793
18,1889,-1804.3870841473774
18,1890,-1805.4466672378755
18,1891,-1806.5062503283737
18,1892,-1807.5658334188718
18,1893,-1808.6254165093699
18,1894,-1809.684999599868
18,1895,-1810.744582690366
18,1896,-1811.8041657808642
18,1897,-1812.8637488713623
18,1898,-1813.9233319618604
18,1899,-1814.9829150523585
18,1900,-1816.0545119164294
18,1901,-1817.1261087805003
18,1902,-1818.1977056445712
18,1903,-1819.269302508642
18,1904,-1820.340899372713
18,1905,-1821.412496236784
18,1906,-1822.4840931008548
18,1907,-1823.5556899649257
18,1908,-1824.6272868289966
18,1909,-1825.6988836930675
18,1910,-1826.7704805571384
18,1911,-1827.8420774212093
18,1912,-1828.9136742852802
18,1913,-1829.985271149351
18,1914,-1831.056868013422
18,1915,-1832.128464877493
18,1916,-1832.0961811834109
18,1917,-1832.0638974893288
18,1918,-1832.0316137952468
18,1919,-1831.9993301011648
18,1920,-1831.9670464070828
18,1921,-1831.9347627130007
18,1922,-1831.9024790189187
18,1923,-1831.8701953248367
18,1924,-1831.8379116307547
18,1925,-1831.8056279366726
18,1926,-1831.7733442425906
18,1927,-1831.7410605485086
18,1928,-1831.7087768544266
18,1929,-1831.6764931603445
18,1930,-1831.6442094662625
18,1931,-1831.6119257721805
18,1932,-1831.5796420780985
18,1933,-1831.5473583840164
18,1934,-1831.5150746899344
18,1935,-1831.4827909958524
18,1936,-1831.4505073017704
18,1937,-1831.4182236076883
18,1938,-1831.3859399136063
18,1939,-1831.3536562195243
18,1940,-1831.3213725254423
18,1941,-1831.2890888313602
18,1942,-1831.2568051372782
18,1943,-1831.2245214431962
18,1944,-1831.1922377491142
18,1945,-1831.1599540550321
18,1946,-1831.12767036095
18,1947,-1831.095386666868
18,1948,-1831.063102972786
18,1949,-1831.030819278704
18,1950,-1830.998535584622
19,1951,-1830.96625189054
19,1952,-1830.933968196458
19,1953,-1830.901684502376
19,1954,-1830.869400808294
19,1955,-1830.8371171142119
19,1956,-1830.8048334201299
19,1957,-1830.7725497260478
19,1958,-1830.7402660319658
19,1959,-1830.7079823378838
19,1960,-1830.6756986438018
19,1961,-1830.6434149497197
19,1962,-1830.6111312556377
19,1963,-1830.5788475615557
19,1964,-1830.5465638674737
19,1965,-1830.5142801733916
19,1966,-1830.4819964793096
19,1967,-1830.4497127852276
19,1968,-1830.4174290911456
19,1969,-1830.3851453970635
19,1970,-1830.3528617029815
19,1971,-1830.3205780088995
19,1972,-1830.2882943148174
19,1973,-1830.2560106207354
19,1974,-1830.2237269266534
19,1975,-1830.1914432325714
19,1976,-1830.1591595384893
19,1977,-1830.1268758444073
19,1978,-1830.0945921503253
19,1979,-1830.0623084562433
19,1980,-1830.0300247621612
19,1981,-1829.9977410680792
19,1982,-1829.9654573739972
19,1983,-1829.9331736799152
19,1984,-1829.9008899858331
19,1985,-1829.8686062917511
19,1986,-1829.836322597669
19,1987,-1829.804038903587
19,1988,-1829.771755209505
19,1989,-1829.739471515423
19,1990,-1829.707187821341
19,1991,-1829.674904127259
19,1992,-1829.642620433177
19,1993,-1829.610336739095
19,1994,-1829.578053045013
19,1995,-1829.5457693509309
19,1996,-1829.5134856568488
19,1997,-1829.4812019627668
19,1998,-1829.4489182686848
19,1999,-1829.4166345746028
19,2000,-1829.3843508805207
19,2001,-1829.3520671864387
19,2002,-1829.3197834923567
19,2003,-1829.2981037447387
19,2004,-1829.2764239971207
19,2005,-1829.2547442495027
19,2006,-1829.2330645018847
19,2007,-1829.2113847542666
19,2008,-1829.1897050066486
19,2009,-1829.1680252590306
19,2010,-1829.1463455114126
19,2011,-1829.1246657637946
19,2012,-1829.1029860161766
19,2013,-1829.0813062685586
19,2014,-1829.0596265209406
19,2015,-1829.0379467733226
19,2016,-1829.0162670257046
19,2017,-1828.9945872780866
19,2018,-1828.9729075304685
19,2019,-1828.9512277828505
19,2020,-1828.9295480352325
19,2021,-1828.9078682876145
19,2022,-1828.8861885399965
19,2023,-1828.8645087923785
19,2024,-1828.8428290447605
19,2025,-1828.8211492971425
19,2026,-1828.7994695495245
19,2027,-1828.7777898019065
19,2028,-1828.7561100542885
19,2029,-1828.7344303066704
19,2030,-1828.7127505590524
19,2031,-1828.6910708114344
19,2032,-1828.6693910638164
19,2033,-1828.6477113161984
19,2034,-1828.6260315685804
19,2035,-1828.6043518209624
19,2036,-1828.5826720733444
19,2037,-1828.5609923257264
19,2038,-1828.5393125781084
19,2039,-1828.5176328304904
19,2040,-1828.4959530828723
19,2041,-1828.4742733352543
19,2042,-1828.4525935876363
19,2043,-1828.4309138400183
19,2044,-1828.4092340924003
19,2045,-1828.3875543447823
19,2046,-1828.3658745971643
19,2047,-1828.3441948495463
19,2048,-1828.3225151019283
19,2049,-1828.3008353543103
19,2050,-1828.2791556066923
19,2051,-1828.2574758590742
19,2052,-1828.2357961114562
19,2053,-1828.2141163638382
20,2054,-1828.1924366162202
20,2055,-1828.1707568686022
20,2056,-1828.1490771209842
20,2057,-1828.1273973733662
20,2058,-1828.1057176257482
20,2059,-1828.0840378781302
20,2060,-1828.0623581305122
20,2061,-1828.0406783828942
20,2062,-1828.0189986352761
20,2063,-1827.9973188876581
20,2064,-1827.9756391400401
20,2065,-1827.9539593924221
20,2066,-1827.932279644804
20,2067,-1827.910599897186
20,2068,-1827.888920149568
20,2069,-1827.86724040195
20,2070,-1827.845560654332
20,2071,-1827.823880906714
20,2072,-1827.802201159096
20,2073,-1827.780521411478
20,2074,-1827.75884166386
20,2075,-1827.737161916242
20,2076,-1827.715482168624
20,2077,-1827.693802421006
20,2078,-1827.672122673388
20,2079,-1827.65044292577
20,2080,-1827.628763178152
20,2081,-1827.607083430534
20,2082,-1827.585403682916
20,2083,-1827.563723935298
20,2084,-1827.54204418768
20,2085,-1827.520364440062
20,2086,-1827.498684692444
20,2087,-1827.477004944826
20,2088,-1827.455325197208
20,2089,-1827.43364544959
20,2090,-1827.411965701972
20,2091,-1827.3902859543539
20,2092,-1827.3686062067359
20,2093,-1827.3469264591179
20,2094,-1827.3252467114999
20,2095,-1827.3035669638818
20,2096,-1827.2818872162638
20,2097,-1827.2602074686458
20,2098,-1827.2385277210278
20,2099,-1827.2168479734098
20,2100,-1827.1951682257918
20,2101,-1827.1734884781738
20,2102,-1827.1518087305558
20,2103,-1827.1301289829378
20,2104,-1827.1084492353198
20,2105,-1827.0957848392766
20,2106,-1827.0831204432334
20,2107,-1827.0704560471902
20,2108,-1827.057791651147
20,2109,-1827.0451272551038
20,2110,-1827.0324628590606
20,2111,-1827.0197984630174
20,2112,-1827.0071340669742
20,2113,-1826.994469670931
20,2114,-1826.9818052748878
20,2115,-1826.9691408788447
20,2116,-1826.9564764828015
20,2117,-1826.9438120867583
20,2118,-1826.931147690715
20,2119,-1826.918483294672
20,2120,-1826.9058188986287
20,2121,-1826.8931545025855
20,2122,-1826.8804901065423
20,2123,-1826.8678257104991
20,2124,-1826.855161314456
20,2125,-1826.8424969184127
20,2126,-1826.8298325223695
20,2127,-1826.8171681263264
20,2128,-1826.8045037302832
20,2129,-1826.79183933424
20,2130,-1826.7791749381968
20,2131,-1826.7665105421536
20,2132,-1826.7538461461104
20,2133,-1826.7411817500672
20,2134,-1826.728517354024
20,2135,-1826.7158529579808
20,2136,-1826.7031885619376
20,2137,-1826.6905241658944
20,2138,-1826.6778597698512
20,2139,-1826.665195373808
20,2140,-1826.6525309777649
20,2141,-1826.6398665817217
20,2142,-1826.6272021856785
20,2143,-1826.6145377896353
20,2144,-1826.601873393592
20,2145,-1826.589208997549
20,2146,-1826.5765446015057
20,2147,-1826.5638802054625
20,2148,-1826.5512158094193
20,2149,-1826.5385514133761
20,2150,-1826.525887017333
20,2151,-1826.5132226212897
20,2152,-1826.5005582252466
20,2153,-1826.4878938292034
20,2154,-1826.4752294331602
20,2155,-1826.462565037117
21,2156,-1826.4499006410738
21,2157,-1826.4372362450306
21,2158,-1826.4245718489874
21,2159,-1826.4119074529442
21,2160,-1826.399243056901
21,2161,-1826.3865786608578
21,2162,-1826.3739142648146
21,2163,-1826.3612498687714
21,2164,-1826.3485854727282
21,2165,-1826.335921076685
21,2166,-1826.3232566806419
21,2167,-1826.3105922845987
21,2168,-1826.2979278885555
21,2169,-1826.2852634925123
21,2170,-1826.272599096469
21,2171,-1826.259934700426
21,2172,-1826.2472703043827
21,2173,-1826.2346059083395
21,2174,-1826.2219415122963
21,2175,-1826.2092771162531
21,2176,-1826.19661272021
21,2177,-1826.1839483241667
21,2178,-1826.1712839281236
21,2179,-1826.1586195320804
21,2180,-1826.1459551360372
21,2181,-1826.133290739994
21,2182,-1826.1206263439508
21,2183,-1826.1079619479076
21,2184,-1826.0952975518644
21,2185,-1826.0826331558212
21,2186,-1826.069968759778
21,2187,-1826.0573043637348
21,2188,-1826.0446399676916
21,2189,-1826.0319755716484
21,2190,-1826.0193111756053
21,2191,-1826.006646779562
21,2192,-1825.9939823835189
21,2193,-1825.9813179874757
21,2194,-1825.9686535914325
21,2195,-1825.9559891953893
21,2196,-1825.943324799346
21,2197,-1825.930660403303
21,2198,-1825.9179960072597
21,2199,-1825.9053316112165
21,2200,-1825.8926672151733
21,2201,-1825.8800028191301
21,2202,-1825.867338423087
21,2203,-1825.8546740270438
21,2204,-1825.8420096310006
21,2205,-1825.8293452349574
21,2206,-1825.8166808389142
21,2207,-1825.804016442871
21,2208,-1825.7985651458623
21,2209,-1825.7931138488536
21,2210,-1825.787662551845
21,2211,-1825.7822112548363
21,2212,-1825.7767599578276
21,2213,-1825.771308660819
21,2214,-1825.7658573638103
21,2215,-1825.7604060668016
21,2216,-1825.754954769793
21,2217,-1825.7495034727842
21,2218,-1825.7440521757756
21,2219,-1825.7386008787669
21,2220,-1825.7331495817582
21,2221,-1825.7276982847495
21,2222,-1825.7222469877408
21,2223,-1825.7167956907322
21,2224,-1825.7113443937235
21,2225,-1825.7058930967148
21,2226,-1825.7004417997061
21,2227,-1825.6949905026975
21,2228,-1825.6895392056888
21,2229,-1825.68408790868
21,2230,-1825.6786366116714
21,2231,-1825.6731853146628
21,2232,-1825.667734017654
21,2233,-1825.6622827206454
21,2234,-1825.6568314236367
21,2235,-1825.651380126628
21,2236,-1825.6459288296194
21,2237,-1825.6404775326107
21,2238,-1825.635026235602
21,2239,-1825.6295749385934
21,2240,-1825.6241236415847
21,2241,-1825.618672344576
21,2242,-1825.6132210475673
21,2243,-1825.6077697505586
21,2244,-1825.60231845355
21,2245,-1825.5968671565413
21,2246,-1825.5914158595326
21,2247,-1825.585964562524
21,2248,-1825.5805132655153
21,2249,-1825.5750619685066
21,2250,-1825.569610671498
21,2251,-1825.5641593744892
21,2252,-1825.5587080774806
21,2253,-1825.5532567804719
21,2254,-1825.5478054834632
21,2255,-1825.5423541864545
21,2256,-1825.5369028894459
21,2257,-1825.5314515924372
21,2258,-1825.5260002954285
22,2259,-1825.5205489984198
22,2260,-1825.5150977014112
22,2261,-1825.5096464044025
22,2262,-1825.5041951073938
22,2263,-1825.4987438103851
22,2264,-1825.4932925133764
22,2265,-1825.4878412163678
22,2266,-1825.482389919359
22,2267,-1825.4769386223504
22,2268,-1825.4714873253417
22,2269,-1825.466036028333
22,2270,-1825.4605847313244
22,2271,-1825.4551334343157
22,2272,-1825.449682137307
22,2273,-1825.4442308402984
22,2274,-1825.4387795432897
22,2275,-1825.433328246281
22,2276,-1825.4278769492723
22,2277,-1825.4224256522637
22,2278,-1825.416974355255
22,2279,-1825.4115230582463
22,2280,-1825.4060717612376
22,2281,-1825.400620464229
22,2282,-1825.3951691672203
22,2283,-1825.3897178702116
22,2284,-1825.384266573203
22,2285,-1825.3788152761942
22,2286,-1825.3733639791856
22,2287,-1825.367912682177
22,2288,-1825.3624613851682
22,2289,-1825.3570100881595
22,2290,-1825.3515587911509
22,2291,-1825.3461074941422
22,2292,-1825.3406561971335
22,2293,-1825.3352049001248
22,2294,-1825.3297536031162
22,2295,-1825.3243023061075
22,2296,-1825.3188510090988
22,2297,-1825.3133997120901
22,2298,-1825.3079484150815
22,2299,-1825.3024971180728
22,2300,-1825.297045821064
22,2301,-1825.2915945240554
22,2302,-1825.2861432270468
22,2303,-1825.280691930038
22,2304,-1825.2752406330294
22,2305,-1825.2697893360207
22,2306,-1825.264338039012
22,2307,-1825.2588867420034
22,2308,-1825.2534354449947
22,2309,-1825.247984147986
22,2310,-1825.2425328509773
22,2311,-1825.242623652231
22,2312,-1825.2427144534847
22,2313,-1825.2428052547384
22,2314,-1825.242896055992
22,2315,-1825.2429868572458
22,2316,-1825.2430776584995
22,2317,-1825.2431684597532
22,2318,-1825.2432592610069
22,2319,-1825.2433500622606
22,2320,-1825.2434408635143
22,2321,-1825.243531664768
22,2322,-1825.2436224660216
22,2323,-1825.2437132672753
22,2324,-1825.243804068529
22,2325,-1825.2438948697827
22,2326,-1825.2439856710364
22,2327,-1825.24407647229
22,2328,-1825.2441672735438
22,2329,-1825.2442580747975
22,2330,-1825.2443488760512
22,2331,-1825.2444396773049
22,2332,-1825.2445304785585
22,2333,-1825.2446212798122
22,2334,-1825.244712081066
22,2335,-1825.2448028823196
22,2336,-1825.2448936835733
22,2337,-1825.244984484827
22,2338,-1825.2450752860807
22,2339,-1825.2451660873344
22,2340,-1825.245256888588
22,2341,-1825.2453476898418
22,2342,-1825.2454384910955
22,2343,-1825.2455292923491
22,2344,-1825.2456200936028
22,2345,-1825.2457108948565
22,2346,-1825.2458016961102
22,2347,-1825.245892497364
22,2348,-1825.2459832986176
22,2349,-1825.2460740998713
22,2350,-1825.246164901125
22,2351,-1825.2462557023787
22,2352,-1825.2463465036324
22,2353,-1825.246437304886
22,2354,-1825.2465281061397
22,2355,-1825.2466189073934
22,2356,-1825.2467097086471
22,2357,-1825.2468005099008
22,2358,-1825.2468913111545
22,2359,-1825.2469821124082
22,2360,-1825.247072913662
22,2361,-1825.2471637149156
23,2362,-1825.2472545161693
23,2363,-1825.247345317423
23,2364,-1825.2474361186767
23,2365,-1825.2475269199304
23,2366,-1825.247617721184
23,2367,-1825.2477085224377
23,2368,-1825.2477993236914
23,2369,-1825.2478901249451
23,2370,-1825.2479809261988
23,2371,-1825.2480717274525
23,2372,-1825.2481625287062
23,2373,-1825.2482533299599
23,2374,-1825.2483441312136
23,2375,-1825.2484349324673
23,2376,-1825.248525733721
23,2377,-1825.2486165349746
23,2378,-1825.2487073362283
23,2379,-1825.248798137482
23,2380,-1825.2488889387357
23,2381,-1825.2489797399894
23,2382,-1825.249070541243
23,2383,-1825.2491613424968
23,2384,-1825.2492521437505
23,2385,-1825.2493429450042
23,2386,-1825.2494337462579
23,2387,-1825.2495245475116
23,2388,-1825.2496153487652
23,2389,-1825.249706150019
23,2390,-1825.2497969512726
23,2391,-1825.2498877525263
23,2392,-1825.24997855378
23,2393,-1825.2500693550337
23,2394,-1825.2501601562874
23,2395,-1825.250250957541
23,2396,-1825.2503417587948
23,2397,-1825.2504325600485
23,2398,-1825.2505233613022
23,2399,-1825.2506141625558
23,2400,-1825.2507049638095
23,2401,-1825.2507957650632
23,2402,-1825.250886566317
23,2403,-1825.2509773675706
23,2404,-1825.2510681688243
23,2405,-1825.251158970078
23,2406,-1825.2512497713317
23,2407,-1825.2513405725854
23,2408,-1825.251431373839
23,2409,-1825.2515221750928
23,2410,-1825.2516129763465
23,2411,-1825.2517037776001
23,2412,-1825.2517945788538
23,2413,-1825.2557458239626
23,2414,-1825.2596970690713
23,2415,-1825.26364831418
23,2416,-1825.2675995592888
23,2417,-1825.2715508043975
23,2418,-1825.2755020495063
23,2419,-1825.279453294615
23,2420,-1825.2834045397237
23,2421,-1825.2873557848325
23,2422,-1825.2913070299412
23,2423,-1825.29525827505
23,2424,-1825.2992095201587
23,2425,-1825.3031607652674
23,2426,-1825.3071120103762
23,2427,-1825.311063255485
23,2428,-1825.3150145005936
23,2429,-1825.3189657457024
23,2430,-1825.322916990811
23,2431,-1825.3268682359198
23,2432,-1825.3308194810286
23,2433,-1825.3347707261373
23,2434,-1825.338721971246
23,2435,-1825.3426732163548
23,2436,-1825.3466244614635
23,2437,-1825.3505757065723
23,2438,-1825.354526951681
23,2439,-1825.3584781967897
23,2440,-1825.3624294418985
23,2441,-1825.3663806870072
23,2442,-1825.370331932116
23,2443,-1825.3742831772247
23,2444,-1825.3782344223334
23,2445,-1825.3821856674422
23,2446,-1825.386136912551
23,2447,-1825.3900881576596
23,2448,-1825.3940394027684
23,2449,-1825.3979906478771
23,2450,-1825.4019418929859
23,2451,-1825.4058931380946
23,2452,-1825.4098443832033
23,2453,-1825.413795628312
23,2454,-1825.4177468734208
23,2455,-1825.4216981185295
23,2456,-1825.4256493636383
23,2457,-1825.429600608747
23,2458,-1825.4335518538558
23,2459,-1825.4375030989645
23,2460,-1825.4414543440732
23,2461,-1825.445405589182
23,2462,-1825.4493568342907
23,2463,-1825.4533080793994
24,2464,-1825.4572593245082
24,2465,-1825.461210569617
24,2466,-1825.4651618147257
24,2467,-1825.4691130598344
24,2468,-1825.4730643049431
24,2469,-1825.4770155500519
24,2470,-1825.4809667951606
24,2471,-1825.4849180402693
24,2472,-1825.488869285378
24,2473,-1825.4928205304868
24,2474,-1825.4967717755956
24,2475,-1825.5007230207043
24,2476,-1825.504674265813
24,2477,-1825.5086255109218
24,2478,-1825.5125767560305
24,2479,-1825.5165280011392
24,2480,-1825.520479246248
24,2481,-1825.5244304913567
24,2482,-1825.5283817364655
24,2483,-1825.5323329815742
24,2484,-1825.536284226683
24,2485,-1825.5402354717917
24,2486,-1825.5441867169004
24,2487,-1825.5481379620092
24,2488,-1825.552089207118
24,2489,-1825.5560404522266
24,2490,-1825.5599916973354
24,2491,-1825.563942942444
24,2492,-1825.5678941875528
24,2493,-1825.5718454326616
24,2494,-1825.5757966777703
24,2495,-1825.579747922879
24,2496,-1825.5836991679878
24,2497,-1825.5876504130965
24,2498,-1825.5916016582053
24,2499,-1825.595552903314
24,2500,-1825.5995041484227
24,2501,-1825.6034553935315
24,2502,-1825.6074066386402
24,2503,-1825.611357883749
24,2504,-1825.6153091288577
24,2505,-1825.6192603739664
24,2506,-1825.6232116190752
24,2507,-1825.627162864184
24,2508,-1825.6311141092926
24,2509,-1825.6350653544014
24,2510,-1825.6390165995101
24,2511,-1825.6429678446189
24,2512,-1825.6469190897276
24,2513,-1825.6508703348363
24,2514,-1825.654821579945
24,2515,-1825.6587728250538
24,2516,-1825.664099711175
24,2517,-1825.669426597296
24,2518,-1825.6747534834171
24,2519,-1825.6800803695382
24,2520,-1825.6854072556594
24,2521,-1825.6907341417805
24,2522,-1825.6960610279016
24,2523,-1825.7013879140227
24,2524,-1825.7067148001438
24,2525,-1825.712041686265
24,2526,-1825.717368572386
24,2527,-1825.7226954585071
24,2528,-1825.7280223446282
24,2529,-1825.7333492307494
24,2530,-1825.7386761168705
24,2531,-1825.7440030029916
24,2532,-1825.7493298891127
24,2533,-1825.7546567752338
24,2534,-1825.759983661355
24,2535,-1825.765310547476
24,2536,-1825.7706374335971
24,2537,-1825.7759643197182
24,2538,-1825.7812912058394
24,2539,-1825.7866180919605
24,2540,-1825.7919449780816
24,2541,-1825.7972718642027
24,2542,-1825.8025987503238
24,2543,-1825.807925636445
24,2544,-1825.813252522566
24,2545,-1825.8185794086871
24,2546,-1825.8239062948082
24,2547,-1825.8292331809294
24,2548,-1825.8345600670505
24,2549,-1825.8398869531716
24,2550,-1825.8452138392927
24,2551,-1825.8505407254138
24,2552,-1825.855867611535
24,2553,-1825.861194497656
24,2554,-1825.8665213837771
24,2555,-1825.8718482698982
24,2556,-1825.8771751560193
24,2557,-1825.8825020421405
24,2558,-1825.8878289282616
24,2559,-1825.8931558143827
24,2560,-1825.8984827005038
24,2561,-1825.903809586625
24,2562,-1825.909136472746
24,2563,-1825.9144633588671
24,2564,-1825.9197902449882
24,2565,-1825.9251171311093
24,2566,-1825.9304440172305
25,2567,-1825.9357709033516
25,2568,-1825.9410977894727
25,2569,-1825.9464246755938
25,2570,-1825.951751561715
25,2571,-1825.957078447836
25,2572,-1825.9624053339571
25,2573,-1825.9677322200782
25,2574,-1825.9730591061993
25,2575,-1825.9783859923205
25,2576,-1825.9837128784416
25,2577,-1825.9890397645627
25,2578,-1825.9943666506838
25,2579,-1825.999693536805
25,2580,-1826.005020422926
25,2581,-1826.0103473090471
25,2582,-1826.0156741951682
25,2583,-1826.0210010812893
25,2584,-1826.0263279674105
25,2585,-1826.0316548535316
25,2586,-1826.0369817396527
25,2587,-1826.0423086257738
25,2588,-1826.047635511895
25,2589,-1826.052962398016
25,2590,-1826.0582892841371
25,2591,-1826.0636161702582
25,2592,-1826.0689430563793
25,2593,-1826.0742699425005
25,2594,-1826.0795968286216
25,2595,-1826.0849237147427
25,2596,-1826.0902506008638
25,2597,-1826.095577486985
25,2598,-1826.100904373106
25,2599,-1826.1062312592271
25,2600,-1826.1115581453482
25,2601,-1826.1168850314693
25,2602,-1826.1222119175904
25,2603,-1826.1275388037116
25,2604,-1826.1328656898327
25,2605,-1826.1381925759538
25,2606,-1826.143519462075
25,2607,-1826.148846348196
25,2608,-1826.154173234317
25,2609,-1826.1595001204382
25,2610,-1826.1648270065593
25,2611,-1826.1701538926804
25,2612,-1826.1754807788016
25,2613,-1826.1808076649227
25,2614,-1826.1861345510438
25,2615,-1826.191461437165
25,2616,-1826.196788323286
25,2617,-1826.202115209407
25,2618,-1826.2074420955282
25,2619,-1826.2117176931274
25,2620,-1826.2159932907266
25,2621,-1826.2202688883258
25,2622,-1826.224544485925
25,2623,-1826.2288200835242
25,2624,-1826.2330956811234
25,2625,-1826.2373712787225
25,2626,-1826.2416468763217
25,2627,-1826.245922473921
25,2628,-1826.2501980715201
25,2629,-1826.2544736691193
25,2630,-1826.2587492667185
25,2631,-1826.2630248643177
25,2632,-1826.2673004619169
25,2633,-1826.271576059516
25,2634,-1826.2758516571153
25,2635,-1826.2801272547144
25,2636,-1826.2844028523136
25,2637,-1826.2886784499128
25,2638,-1826.292954047512
25,2639,-1826.2972296451112
25,2640,-1826.3015052427104
25,2641,-1826.3057808403096
25,2642,-1826.3100564379088
25,2643,-1826.314332035508
25,2644,-1826.3186076331071
25,2645,-1826.3228832307063
25,2646,-1826.3271588283055
25,2647,-1826.3314344259047
25,2648,-1826.335710023504
25,2649,-1826.339985621103
25,2650,-1826.3442612187023
25,2651,-1826.3485368163015
25,2652,-1826.3528124139007
25,2653,-1826.3570880114999
25,2654,-1826.361363609099
25,2655,-1826.3656392066982
25,2656,-1826.3699148042974
25,2657,-1826.3741904018966
25,2658,-1826.3784659994958
25,2659,-1826.382741597095
25,2660,-1826.3870171946942
25,2661,-1826.3912927922934
25,2662,-1826.3955683898926
25,2663,-1826.3998439874917
25,2664,-1826.404119585091
25,2665,-1826.4083951826901
25,2666,-1826.4126707802893
25,2667,-1826.4169463778885
25,2668,-1826.4212219754877
25,2669,-1826.425497573087
26,2670,-1826.429773170686
26,2671,-1826.4340487682853
26,2672,-1826.4383243658845
26,2673,-1826.4425999634836
26,2674,-1826.4468755610828
26,2675,-1826.451151158682
26,2676,-1826.4554267562812
26,2677,-1826.4597023538804
26,2678,-1826.4639779514796
26,2679,-1826.4682535490788
26,2680,-1826.472529146678
26,2681,-1826.4768047442772
26,2682,-1826.4810803418763
26,2683,-1826.4853559394755
26,2684,-1826.4896315370747
26,2685,-1826.493907134674
26,2686,-1826.498182732273
26,2687,-1826.5024583298723
26,2688,-1826.5067339274715
26,2689,-1826.5110095250707
26,2690,-1826.5152851226699
26,2691,-1826.519560720269
26,2692,-1826.5238363178682
26,2693,-1826.5281119154674
26,2694,-1826.5323875130666
26,2695,-1826.5366631106658
26,2696,-1826.540938708265
26,2697,-1826.5452143058642
26,2698,-1826.5494899034634
26,2699,-1826.5537655010626
26,2700,-1826.5580410986618
26,2701,-1826.562316696261
26,2702,-1826.5665922938601
26,2703,-1826.5708678914593
26,2704,-1826.5751434890585
26,2705,-1826.5794190866577
26,2706,-1826.583694684257
26,2707,-1826.587970281856
26,2708,-1826.5922458794553
26,2709,-1826.5965214770545
26,2710,-1826.6007970746537
26,2711,-1826.6050726722528
26,2712,-1826.609348269852
26,2713,-1826.6136238674512
26,2714,-1826.6178994650504
26,2715,-1826.6221750626496
26,2716,-1826.6264506602488
26,2717,-1826.630726257848
26,2718,-1826.6350018554472
26,2719,-1826.6392774530464
26,2720,-1826.6435530506456
26,2721,-1826.6453046773772
26,2722,-1826.647056304109
26,2723,-1826.6488079308406
26,2724,-1826.6505595575723
26,2725,-1826.652311184304
26,2726,-1826.6540628110356
26,2727,-1826.6558144377673
26,2728,-1826.657566064499
26,2729,-1826.6593176912306
26,2730,-1826.6610693179623
26,2731,-1826.662820944694
26,2732,-1826.6645725714257
26,2733,-1826.6663241981573
26,2734,-1826.668075824889
26,2735,-1826.6698274516207
26,2736,-1826.6715790783524
26,2737,-1826.673330705084
26,2738,-1826.6750823318157
26,2739,-1826.6768339585474
26,2740,-1826.678585585279
26,2741,-1826.6803372120107
26,2742,-1826.6820888387424
26,2743,-1826.683840465474
26,2744,-1826.6855920922058
26,2745,-1826.6873437189374
26,2746,-1826.689095345669
26,2747,-1826.6908469724008
26,2748,-1826.6925985991325
26,2749,-1826.6943502258641
26,2750,-1826.6961018525958
26,2751,-1826.6978534793275
26,2752,-1826.6996051060592
26,2753,-1826.7013567327908
26,2754,-1826.7031083595225
26,2755,-1826.7048599862542
26,2756,-1826.7066116129859
26,2757,-1826.7083632397175
26,2758,-1826.7101148664492
26,2759,-1826.7118664931809
26,2760,-1826.7136181199126
26,2761,-1826.7153697466442
26,2762,-1826.717121373376
26,2763,-1826.7188730001076
26,2764,-1826.7206246268393
26,2765,-1826.722376253571
26,2766,-1826.7241278803026
26,2767,-1826.7258795070343
26,2768,-1826.727631133766
26,2769,-1826.7293827604976
26,2770,-1826.7311343872293
26,2771,-1826.732886013961
27,2772,-1826.7346376406927
27,2773,-1826.7363892674243
27,2774,-1826.738140894156
27,2775,-1826.7398925208877
27,2776,-1826.7416441476194
27,2777,-1826.743395774351
27,2778,-1826.7451474010827
27,2779,-1826.7468990278144
27,2780,-1826.748650654546
27,2781,-1826.7504022812777
27,2782,-1826.7521539080094
27,2783,-1826.753905534741
27,2784,-1826.7556571614728
27,2785,-1826.7574087882044
27,2786,-1826.759160414936
27,2787,-1826.7609120416678
27,2788,-1826.7626636683995
27,2789,-1826.7644152951311
27,2790,-1826.7661669218628
27,2791,-1826.7679185485945
27,2792,-1826.7696701753262
27,2793,-1826.7714218020578
27,2794,-1826.7731734287895
27,2795,-1826.7749250555212
27,2796,-1826.7766766822529
27,2797,-1826.7784283089845
27,2798,-1826.7801799357162
27,2799,-1826.7819315624479
27,2800,-1826.7836831891796
27,2801,-1826.7854348159112
27,2802,-1826.787186442643
27,2803,-1826.7889380693746
27,2804,-1826.7906896961063
27,2805,-1826.792441322838
27,2806,-1826.7941929495696
27,2807,-1826.7959445763013
27,2808,-1826.797696203033
27,2809,-1826.7994478297646
27,2810,-1826.8011994564963
27,2811,-1826.802951083228
27,2812,-1826.8047027099597
27,2813,-1826.8064543366913
27,2814,-1826.808205963423
27,2815,-1826.8099575901547
27,2816,-1826.8117092168864
27,2817,-1826.813460843618
27,2818,-1826.8152124703497
27,2819,-1826.8169640970814
27,2820,-1826.818715723813
27,2821,-1826.8204673505447
27,2822,-1826.8222189772764
27,2823,-1826.823970604008
27,2824,-1826.823970604008
27,2825,-1826.823970604008
27,2826,-1826.823970604008
27,2827,-1826.823970604008
27,2828,-1826.823970604008
27,2829,-1826.823970604008
27,2830,-1826.823970604008
27,2831,-1826.823970604008
27,2832,-1826.823970604008
27,2833,-1826.823970604008
27,2834,-1826.823970604008
27,2835,-1826.823970604008
27,2836,-1826.823970604008
27,2837,-1826.823970604008
27,2838,-1826.823970604008
27,2839,-1826.823970604008
27,2840,-1826.823970604008
27,2841,-1826.823970604008
27,2842,-1826.823970604008
27,2843,-1826.823970604008
27,2844,-1826.823970604008
27,2845,-1826.823970604008
27,2846,-1826.823970604008
27,2847,-1826.823970604008
27,2848,-1826.823970604008
27,2849,-1826.823970604008
27,2850,-1826.823970604008
27,2851,-1826.823970604008
27,2852,-1826.823970604008
27,2853,-1826.823970604008
27,2854,-1826.823970604008
27,2855,-1826.823970604008
27,2856,-1826.823970604008
27,2857,-1826.823970604008
27,2858,-1826.823970604008
27,2859,-1826.823970604008
27,2860,-1826.823970604008
27,2861,-1826.823970604008
27,2862,-1826.823970604008
27,2863,-1826.823970604008
27,2864,-1826.823970604008
27,2865,-1826.823970604008
27,2866,-1826.823970604008
27,2867,-1826.823970604008
27,2868,-1826.823970604008
27,2869,-1826.823970604008
27,2870,-1826.823970604008
27,2871,-1826.823970604008
27,2872,-1826.823970604008
27,2873,-1826.823970604008
