Station,Length,Shear
0,0,-796.3838578973359
0,1,-796.3838578973359
0,2,-796.3838578973359
0,3,-796.3838578973359
0,4,-796.3838578973359
0,5,-796.3838578973359
0,6,-796.3838578973359
0,7,-796.3838578973359
0,8,-796.3838578973359
0,9,-796.3838578973359
0,10,-796.3838578973359
0,11,-796.3838578973359
0,12,-796.3838578973359
0,13,-796.3838578973359
0,14,-796.3838578973359
0,15,-796.3838578973359
0,16,-796.3838578973359
0,17,-796.3838578973359
0,18,-796.3838578973359
0,19,-796.3838578973359
0,20,-796.3838578973359
0,21,-796.3838578973359
0,22,-796.3838578973359
0,23,-796.3838578973359
0,24,-796.3838578973359
0,25,-796.3838578973359
0,26,-796.3838578973359
0,27,-796.3838578973359
0,28,-796.3838578973359
0,29,-796.3838578973359
0,30,-796.3838578973359
0,31,-796.3838578973359
0,32,-796.3838578973359
0,33,-796.3838578973359
0,34,-796.3838578973359
0,35,-796.3838578973359
0,36,-796.3838578973359
0,37,-796.3838578973359
0,38,-796.3838578973359
0,39,-796.3838578973359
0,40,-796.3838578973359
0,41,-796.3838578973359
0,42,-796.3838578973359
0,43,-796.3838578973359
0,44,-796.3838578973359
0,45,-796.3838578973359
0,46,-796.3838578973359
0,47,-796.3838578973359
0,48,-796.3838578973359
0,49,-796.3838578973359
0,50,-796.3838578973359
0,51,-796.3838578973359
0,52,-868.3605504865792
0,53,-868.3605504865792
0,54,-868.3605504865792
0,55,-868.3605504865792
0,56,-868.3605504865792
0,57,-868.3605504865792
0,58,-868.3605504865792
0,59,-868.3605504865792
0,60,-868.3605504865792
0,61,-868.3605504865792
0,62,-868.3605504865792
0,63,-868.3605504865792
0,64,-868.3605504865792
0,65,-868.3605504865792
0,66,-868.3605504865792
0,67,-868.3605504865792
0,68,-868.3605504865792
0,69,-868.3605504865792
0,70,-868.3605504865792
0,71,-868.3605504865792
0,72,-868.3605504865792
0,73,-868.3605504865792
0,74,-868.3605504865792
0,75,-868.3605504865792
0,76,-868.3605504865792
0,77,-868.3605504865792
0,78,-868.3605504865792
0,79,-868.3605504865792
0,80,-868.3605504865792
0,81,-868.3605504865792
0,82,-868.3605504865792
0,83,-868.3605504865792
0,84,-868.3605504865792
0,85,-868.3605504865792
0,86,-868.3605504865792
0,87,-868.3605504865792
0,88,-868.3605504865792
0,89,-868.3605504865792
0,90,-868.3605504865792
0,91,-868.3605504865792
0,92,-868.3605504865792
0,93,-868.3605504865792
0,94,-868.3605504865792
0,95,-868.3605504865792
0,96,-868.3605504865792
0,97,-868.3605504865792
0,98,-868.3605504865792
0,99,-868.3605504865792
0,100,-868.3605504865792
0,101,-868.3605504865792
0,102,-868.3605504865792
1,103,-868.3605504865792
1,104,-868.3605504865792
1,105,-868.3605504865792
1,106,-868.3605504865792
1,107,-868.3605504865792
1,108,-868.3605504865792
1,109,-868.3605504865792
1,110,-868.3605504865792
1,111,-868.3605504865792
1,112,-868.3605504865792
1,113,-868.3605504865792
1,114,-868.3605504865792
1,115,-868.3605504865792
1,116,-868.3605504865792
1,117,-868.3605504865792
1,118,-868.3605504865792
1,119,-868.3605504865792
1,120,-868.3605504865792
1,121,-868.3605504865792
1,122,-868.3605504865792
1,123,-868.3605504865792
1,124,-868.3605504865792
1,125,-868.3605504865792
1,126,-868.3605504865792
1,127,-868.3605504865792
1,128,-868.3605504865792
1,129,-868.3605504865792
1,130,-868.3605504865792
1,131,-868.3605504865792
1,132,-868.3605504865792
1,133,-868.3605504865792
1,134,-868.3605504865792
1,135,-868.3605504865792
1,136,-868.3605504865792
1,137,-868.3605504865792
1,138,-868.3605504865792
1,139,-868.3605504865792
1,140,-868.3605504865792
1,141,-868.3605504865792
1,142,-868.3605504865792
1,143,-868.3605504865792
1,144,-868.3605504865792
1,145,-868.3605504865792
1,146,-868.3605504865792
1,147,-868.3605504865792
1,148,-868.3605504865792
1,149,-868.3605504865792
1,150,-868.3605504865792
1,151,-868.3605504865792
1,152,-868.3605504865792
1,153,-868.3605504865792
1,154,-868.3605504865792
1,155,-1174.1652844451387
1,156,-1174.1652844451387
1,157,-1174.1652844451387
1,158,-1174.1652844451387
1,159,-1174.1652844451387
1,160,-1174.1652844451387
1,161,-1174.1652844451387
1,162,-1174.1652844451387
1,163,-1174.1652844451387
1,164,-1174.1652844451387
1,165,-1174.1652844451387
1,166,-1174.1652844451387
1,167,-1174.1652844451387
1,168,-1174.1652844451387
1,169,-1174.1652844451387
1,170,-1174.1652844451387
1,171,-1174.1652844451387
1,172,-1174.1652844451387
1,173,-1174.1652844451387
1,174,-1174.1652844451387
1,175,-1174.1652844451387
1,176,-1174.1652844451387
1,177,-1174.1652844451387
1,178,-1174.1652844451387
1,179,-1174.1652844451387
1,180,-1174.1652844451387
1,181,-1174.1652844451387
1,182,-1174.1652844451387
1,183,-1174.1652844451387
1,184,-1174.1652844451387
1,185,-1174.1652844451387
1,186,-1174.1652844451387
1,187,-1174.1652844451387
1,188,-1174.1652844451387
1,189,-1174.1652844451387
1,190,-1174.1652844451387
1,191,-1174.1652844451387
1,192,-1174.1652844451387
1,193,-1174.1652844451387
1,194,-1174.1652844451387
1,195,-1174.1652844451387
1,196,-1174.1652844451387
1,197,-1174.1652844451387
1,198,-1174.1652844451387
1,199,-1174.1652844451387
1,200,-1174.1652844451387
1,201,-1174.1652844451387
1,202,-1174.1652844451387
1,203,-1174.1652844451387
1,204,-1174.1652844451387
2,205,-1174.1652844451387
2,206,-1174.1652844451387
2,207,-1174.1652844451387
2,208,-1174.1652844451387
2,209,-1174.1652844451387
2,210,-1174.1652844451387
2,211,-1174.1652844451387
2,212,-1174.1652844451387
2,213,-1174.1652844451387
2,214,-1174.1652844451387
2,215,-1174.1652844451387
2,216,-1174.1652844451387
2,217,-1174.1652844451387
2,218,-1174.1652844451387
2,219,-1174.1652844451387
2,220,-1174.1652844451387
2,221,-1174.1652844451387
2,222,-1174.1652844451387
2,223,-1174.1652844451387
2,224,-1174.1652844451387
2,225,-1174.1652844451387
2,226,-1174.1652844451387
2,227,-1174.1652844451387
2,228,-1174.1652844451387
2,229,-1174.1652844451387
2,230,-1174.1652844451387
2,231,-1174.1652844451387
2,232,-1174.1652844451387
2,233,-1174.1652844451387
2,234,-1174.1652844451387
2,235,-1174.1652844451387
2,236,-1174.1652844451387
2,237,-1174.1652844451387
2,238,-1174.1652844451387
2,239,-1174.1652844451387
2,240,-1174.1652844451387
2,241,-1174.1652844451387
2,242,-1174.1652844451387
2,243,-1174.1652844451387
2,244,-1174.1652844451387
2,245,-1174.1652844451387
2,246,-1174.1652844451387
2,247,-1174.1652844451387
2,248,-1174.1652844451387
2,249,-1174.1652844451387
2,250,-1174.1652844451387
2,251,-1174.1652844451387
2,252,-1174.1652844451387
2,253,-1174.1652844451387
2,254,-1174.1652844451387
2,255,-1174.1652844451387
2,256,-1174.1652844451387
2,257,-1204.0493557270922
2,258,-1204.0493557270922
2,259,-1204.0493557270922
2,260,-1204.0493557270922
2,261,-1204.0493557270922
2,262,-1204.0493557270922
2,263,-1204.0493557270922
2,264,-1204.0493557270922
2,265,-1204.0493557270922
2,266,-1204.0493557270922
2,267,-1204.0493557270922
2,268,-1204.0493557270922
2,269,-1204.0493557270922
2,270,-1204.0493557270922
2,271,-1204.0493557270922
2,272,-1204.0493557270922
2,273,-1204.0493557270922
2,274,-1204.0493557270922
2,275,-1204.0493557270922
2,276,-1204.0493557270922
2,277,-1204.0493557270922
2,278,-1204.0493557270922
2,279,-1204.0493557270922
2,280,-1204.0493557270922
2,281,-1204.0493557270922
2,282,-1204.0493557270922
2,283,-1204.0493557270922
2,284,-1204.0493557270922
2,285,-1204.0493557270922
2,286,-1204.0493557270922
2,287,-1204.0493557270922
2,288,-1204.0493557270922
2,289,-1204.0493557270922
2,290,-1204.0493557270922
2,291,-1204.0493557270922
2,292,-1204.0493557270922
2,293,-1204.0493557270922
2,294,-1204.0493557270922
2,295,-1204.0493557270922
2,296,-1204.0493557270922
2,297,-1204.0493557270922
2,298,-1204.0493557270922
2,299,-1204.0493557270922
2,300,-1204.0493557270922
2,301,-1204.0493557270922
2,302,-1204.0493557270922
2,303,-1204.0493557270922
2,304,-1204.0493557270922
2,305,-1204.0493557270922
2,306,-1204.0493557270922
2,307,-1204.0493557270922
3,308,-1204.0493557270922
3,309,-1204.0493557270922
3,310,-1204.0493557270922
3,311,-1204.0493557270922
3,312,-1204.0493557270922
3,313,-1204.0493557270922
3,314,-1204.0493557270922
3,315,-1204.0493557270922
3,316,-1204.0493557270922
3,317,-1204.0493557270922
3,318,-1204.0493557270922
3,319,-1204.0493557270922
3,320,-1204.0493557270922
3,321,-1204.0493557270922
3,322,-1204.0493557270922
3,323,-1204.0493557270922
3,324,-1204.0493557270922
3,325,-1204.0493557270922
3,326,-1204.0493557270922
3,327,-1204.0493557270922
3,328,-1204.0493557270922
3,329,-1204.0493557270922
3,330,-1204.0493557270922
3,331,-1204.0493557270922
3,332,-1204.0493557270922
3,333,-1204.0493557270922
3,334,-1204.0493557270922
3,335,-1204.0493557270922
3,336,-1204.0493557270922
3,337,-1204.0493557270922
3,338,-1204.0493557270922
3,339,-1204.0493557270922
3,340,-1204.0493557270922
3,341,-1204.0493557270922
3,342,-1204.0493557270922
3,343,-1204.0493557270922
3,344,-1204.0493557270922
3,345,-1204.0493557270922
3,346,-1204.0493557270922
3,347,-1204.0493557270922
3,348,-1204.0493557270922
3,349,-1204.0493557270922
3,350,-1204.0493557270922
3,351,-1204.0493557270922
3,352,-1204.0493557270922
3,353,-1204.0493557270922
3,354,-1204.0493557270922
3,355,-1204.0493557270922
3,356,-1204.0493557270922
3,357,-1204.0493557270922
3,358,-1204.0493557270922
3,359,-1204.0493557270922
3,360,-1233.1914764669918
3,361,-1233.1914764669918
3,362,-1233.1914764669918
3,363,-1233.1914764669918
3,364,-1233.1914764669918
3,365,-1233.1914764669918
3,366,-1233.1914764669918
3,367,-1233.1914764669918
3,368,-1233.1914764669918
3,369,-1233.1914764669918
3,370,-1233.1914764669918
3,371,-1233.1914764669918
3,372,-1233.1914764669918
3,373,-1233.1914764669918
3,374,-1233.1914764669918
3,375,-1233.1914764669918
3,376,-1233.1914764669918
3,377,-1233.1914764669918
3,378,-1233.1914764669918
3,379,-1233.1914764669918
3,380,-1233.1914764669918
3,381,-1233.1914764669918
3,382,-1233.1914764669918
3,383,-1233.1914764669918
3,384,-1233.1914764669918
3,385,-1233.1914764669918
3,386,-1233.1914764669918
3,387,-1233.1914764669918
3,388,-1233.1914764669918
3,389,-1233.1914764669918
3,390,-1233.1914764669918
3,391,-1233.1914764669918
3,392,-1233.1914764669918
3,393,-1233.1914764669918
3,394,-1233.1914764669918
3,395,-1233.1914764669918
3,396,-1233.1914764669918
3,397,-1233.1914764669918
3,398,-1233.1914764669918
3,399,-1233.1914764669918
3,400,-1233.1914764669918
3,401,-1233.1914764669918
3,402,-1233.1914764669918
3,403,-1233.1914764669918
3,404,-1233.1914764669918
3,405,-1233.1914764669918
3,406,-1233.1914764669918
3,407,-1233.1914764669918
3,408,-1233.1914764669918
3,409,-1233.1914764669918
3,410,-1233.1914764669918
4,411,-1233.1914764669918
4,412,-1233.1914764669918
4,413,-1233.1914764669918
4,414,-1233.1914764669918
4,415,-1233.1914764669918
4,416,-1233.1914764669918
4,417,-1233.1914764669918
4,418,-1233.1914764669918
4,419,-1233.1914764669918
4,420,-1233.1914764669918
4,421,-1233.1914764669918
4,422,-1233.1914764669918
4,423,-1233.1914764669918
4,424,-1233.1914764669918
4,425,-1233.1914764669918
4,426,-1233.1914764669918
4,427,-1233.1914764669918
4,428,-1233.1914764669918
4,429,-1233.1914764669918
4,430,-1233.1914764669918
4,431,-1233.1914764669918
4,432,-1233.1914764669918
4,433,-1233.1914764669918
4,434,-1233.1914764669918
4,435,-1233.1914764669918
4,436,-1233.1914764669918
4,437,-1233.1914764669918
4,438,-1233.1914764669918
4,439,-1233.1914764669918
4,440,-1233.1914764669918
4,441,-1233.1914764669918
4,442,-1233.1914764669918
4,443,-1233.1914764669918
4,444,-1233.1914764669918
4,445,-1233.1914764669918
4,446,-1233.1914764669918
4,447,-1233.1914764669918
4,448,-1233.1914764669918
4,449,-1233.1914764669918
4,450,-1233.1914764669918
4,451,-1233.1914764669918
4,452,-1233.1914764669918
4,453,-1233.1914764669918
4,454,-1233.1914764669918
4,455,-1233.1914764669918
4,456,-1233.1914764669918
4,457,-1233.1914764669918
4,458,-1233.1914764669918
4,459,-1233.1914764669918
4,460,-1233.1914764669918
4,461,-1233.1914764669918
4,462,-1233.1914764669918
4,463,-1261.5168177609037
4,464,-1261.5168177609037
4,465,-1261.5168177609037
4,466,-1261.5168177609037
4,467,-1261.5168177609037
4,468,-1261.5168177609037
4,469,-1261.5168177609037
4,470,-1261.5168177609037
4,471,-1261.5168177609037
4,472,-1261.5168177609037
4,473,-1261.5168177609037
4,474,-1261.5168177609037
4,475,-1261.5168177609037
4,476,-1261.5168177609037
4,477,-1261.5168177609037
4,478,-1261.5168177609037
4,479,-1261.5168177609037
4,480,-1261.5168177609037
4,481,-1261.5168177609037
4,482,-1261.5168177609037
4,483,-1261.5168177609037
4,484,-1261.5168177609037
4,485,-1261.5168177609037
4,486,-1261.5168177609037
4,487,-1261.5168177609037
4,488,-1261.5168177609037
4,489,-1261.5168177609037
4,490,-1261.5168177609037
4,491,-1261.5168177609037
4,492,-1261.5168177609037
4,493,-1261.5168177609037
4,494,-1261.5168177609037
4,495,-1261.5168177609037
4,496,-1261.5168177609037
4,497,-1261.5168177609037
4,498,-1261.5168177609037
4,499,-1261.5168177609037
4,500,-1261.5168177609037
4,501,-1261.5168177609037
4,502,-1261.5168177609037
4,503,-1261.5168177609037
4,504,-1261.5168177609037
4,505,-1261.5168177609037
4,506,-1261.5168177609037
4,507,-1261.5168177609037
4,508,-1261.5168177609037
4,509,-1261.5168177609037
4,510,-1261.5168177609037
4,511,-1261.5168177609037
4,512,-1261.5168177609037
5,513,-1261.5168177609037
5,514,-1261.5168177609037
5,515,-1261.5168177609037
5,516,-1261.5168177609037
5,517,-1261.5168177609037
5,518,-1261.5168177609037
5,519,-1261.5168177609037
5,520,-1261.5168177609037
5,521,-1261.5168177609037
5,522,-1261.5168177609037
5,523,-1261.5168177609037
5,524,-1261.5168177609037
5,525,-1261.5168177609037
5,526,-1261.5168177609037
5,527,-1261.5168177609037
5,528,-1261.5168177609037
5,529,-1261.5168177609037
5,530,-1261.5168177609037
5,531,-1261.5168177609037
5,532,-1261.5168177609037
5,533,-1261.5168177609037
5,534,-1261.5168177609037
5,535,-1261.5168177609037
5,536,-1261.5168177609037
5,537,-1261.5168177609037
5,538,-1261.5168177609037
5,539,-1261.5168177609037
5,540,-1261.5168177609037
5,541,-1261.5168177609037
5,542,-1261.5168177609037
5,543,-1261.5168177609037
5,544,-1261.5168177609037
5,545,-1261.5168177609037
5,546,-1261.5168177609037
5,547,-1261.5168177609037
5,548,-1261.5168177609037
5,549,-1261.5168177609037
5,550,-1261.5168177609037
5,551,-1261.5168177609037
5,552,-1261.5168177609037
5,553,-1261.5168177609037
5,554,-1261.5168177609037
5,555,-1261.5168177609037
5,556,-1261.5168177609037
5,557,-1261.5168177609037
5,558,-1261.5168177609037
5,559,-1261.5168177609037
5,560,-1261.5168177609037
5,561,-1261.5168177609037
5,562,-1261.5168177609037
5,563,-1261.5168177609037
5,564,-1261.5168177609037
5,565,-1288.9626355534958
5,566,-1288.9626355534958
5,567,-1288.9626355534958
5,568,-1288.9626355534958
5,569,-1288.9626355534958
5,570,-1288.9626355534958
5,571,-1288.9626355534958
5,572,-1288.9626355534958
5,573,-1288.9626355534958
5,574,-1288.9626355534958
5,575,-1288.9626355534958
5,576,-1288.9626355534958
5,577,-1288.9626355534958
5,578,-1288.9626355534958
5,579,-1288.9626355534958
5,580,-1288.9626355534958
5,581,-1288.9626355534958
5,582,-1288.9626355534958
5,583,-1288.9626355534958
5,584,-1288.9626355534958
5,585,-1288.9626355534958
5,586,-1288.9626355534958
5,587,-1288.9626355534958
5,588,-1288.9626355534958
5,589,-1288.9626355534958
5,590,-1288.9626355534958
5,591,-1288.9626355534958
5,592,-1288.9626355534958
5,593,-1288.9626355534958
5,594,-1288.9626355534958
5,595,-1288.9626355534958
5,596,-1288.9626355534958
5,597,-1288.9626355534958
5,598,-1288.9626355534958
5,599,-1288.9626355534958
5,600,-1288.9626355534958
5,601,-1288.9626355534958
5,602,-1288.9626355534958
5,603,-1288.9626355534958
5,604,-1288.9626355534958
5,605,-1288.9626355534958
5,606,-1288.9626355534958
5,607,-1288.9626355534958
5,608,-1288.9626355534958
5,609,-1288.9626355534958
5,610,-1288.9626355534958
5,611,-1288.9626355534958
5,612,-1288.9626355534958
5,613,-1288.9626355534958
5,614,-1288.9626355534958
5,615,-1288.9626355534958
6,616,-1288.9626355534958
6,617,-1288.9626355534958
6,618,-1288.9626355534958
6,619,-1288.9626355534958
6,620,-1288.9626355534958
6,621,-1288.9626355534958
6,622,-1288.9626355534958
6,623,-1288.9626355534958
6,624,-1288.9626355534958
6,625,-1288.9626355534958
6,626,-1288.9626355534958
6,627,-1288.9626355534958
6,628,-1288.9626355534958
6,629,-1288.9626355534958
6,630,-1288.9626355534958
6,631,-1288.9626355534958
6,632,-1288.9626355534958
6,633,-1288.9626355534958
6,634,-1288.9626355534958
6,635,-1288.9626355534958
6,636,-1288.9626355534958
6,637,-1288.9626355534958
6,638,-1288.9626355534958
6,639,-1288.9626355534958
6,640,-1288.9626355534958
6,641,-1288.9626355534958
6,642,-1288.9626355534958
6,643,-1288.9626355534958
6,644,-1288.9626355534958
6,645,-1288.9626355534958
6,646,-1288.9626355534958
6,647,-1288.9626355534958
6,648,-1288.9626355534958
6,649,-1288.9626355534958
6,650,-1288.9626355534958
6,651,-1288.9626355534958
6,652,-1288.9626355534958
6,653,-1288.9626355534958
6,654,-1288.9626355534958
6,655,-1288.9626355534958
6,656,-1288.9626355534958
6,657,-1288.9626355534958
6,658,-1288.9626355534958
6,659,-1288.9626355534958
6,660,-1288.9626355534958
6,661,-1288.9626355534958
6,662,-1288.9626355534958
6,663,-1288.9626355534958
6,664,-1288.9626355534958
6,665,-1288.9626355534958
6,666,-1288.9626355534958
6,667,-1288.9626355534958
6,668,-1315.4726425340402
6,669,-1315.4726425340402
6,670,-1315.4726425340402
6,671,-1315.4726425340402
6,672,-1315.4726425340402
6,673,-1315.4726425340402
6,674,-1315.4726425340402
6,675,-1315.4726425340402
6,676,-1315.4726425340402
6,677,-1315.4726425340402
6,678,-1315.4726425340402
6,679,-1315.4726425340402
6,680,-1315.4726425340402
6,681,-1315.4726425340402
6,682,-1315.4726425340402
6,683,-1315.4726425340402
6,684,-1315.4726425340402
6,685,-1315.4726425340402
6,686,-1315.4726425340402
6,687,-1315.4726425340402
6,688,-1315.4726425340402
6,689,-1315.4726425340402
6,690,-1315.4726425340402
6,691,-1315.4726425340402
6,692,-1315.4726425340402
6,693,-1315.4726425340402
6,694,-1315.4726425340402
6,695,-1315.4726425340402
6,696,-1315.4726425340402
6,697,-1315.4726425340402
6,698,-1315.4726425340402
6,699,-1315.4726425340402
6,700,-1315.4726425340402
6,701,-1315.4726425340402
6,702,-1315.4726425340402
6,703,-1315.4726425340402
6,704,-1315.4726425340402
6,705,-1315.4726425340402
6,706,-1315.4726425340402
6,707,-1315.4726425340402
6,708,-1315.4726425340402
6,709,-1315.4726425340402
6,710,-1315.4726425340402
6,711,-1315.4726425340402
6,712,-1315.4726425340402
6,713,-1315.4726425340402
6,714,-1315.4726425340402
6,715,-1315.4726425340402
6,716,-1315.4726425340402
6,717,-1315.4726425340402
6,718,-1315.4726425340402
7,719,-1315.4726425340402
7,720,-1315.4726425340402
7,721,-1315.4726425340402
7,722,-1315.4726425340402
7,723,-1315.4726425340402
7,724,-1315.4726425340402
7,725,-1315.4726425340402
7,726,-1315.4726425340402
7,727,-1315.4726425340402
7,728,-1315.4726425340402
7,729,-1315.4726425340402
7,730,-1315.4726425340402
7,731,-1315.4726425340402
7,732,-1315.4726425340402
7,733,-1315.4726425340402
7,734,-1315.4726425340402
7,735,-1315.4726425340402
7,736,-1315.4726425340402
7,737,-1315.4726425340402
7,738,-1315.4726425340402
7,739,-1315.4726425340402
7,740,-1315.4726425340402
7,741,-1315.4726425340402
7,742,-1315.4726425340402
7,743,-1315.4726425340402
7,744,-1315.4726425340402
7,745,-1315.4726425340402
7,746,-1315.4726425340402
7,747,-1315.4726425340402
7,748,-1315.4726425340402
7,749,-1315.4726425340402
7,750,-1315.4726425340402
7,751,-1315.4726425340402
7,752,-1315.4726425340402
7,753,-1315.4726425340402
7,754,-1315.4726425340402
7,755,-1315.4726425340402
7,756,-1315.4726425340402
7,757,-1315.4726425340402
7,758,-1315.4726425340402
7,759,-1315.4726425340402
7,760,-1315.4726425340402
7,761,-1315.4726425340402
7,762,-1315.4726425340402
7,763,-1315.4726425340402
7,764,-1315.4726425340402
7,765,-1315.4726425340402
7,766,-1315.4726425340402
7,767,-1315.4726425340402
7,768,-1315.4726425340402
7,769,-1315.4726425340402
7,770,-1315.4726425340402
7,771,-1340.9946343771508
7,772,-1340.9946343771508
7,773,-1340.9946343771508
7,774,-1340.9946343771508
7,775,-1340.9946343771508
7,776,-1340.9946343771508
7,777,-1340.9946343771508
7,778,-1340.9946343771508
7,779,-1340.9946343771508
7,780,-1340.9946343771508
7,781,-1340.9946343771508
7,782,-1340.9946343771508
7,783,-1340.9946343771508
7,784,-1340.9946343771508
7,785,-1340.9946343771508
7,786,-1340.9946343771508
7,787,-1340.9946343771508
7,788,-1340.9946343771508
7,789,-1340.9946343771508
7,790,-1340.9946343771508
7,791,-1340.9946343771508
7,792,-1340.9946343771508
7,793,-1340.9946343771508
7,794,-1340.9946343771508
7,795,-1340.9946343771508
7,796,-1340.9946343771508
7,797,-1340.9946343771508
7,798,-1340.9946343771508
7,799,-1340.9946343771508
7,800,-1340.9946343771508
7,801,-1340.9946343771508
7,802,-1340.9946343771508
7,803,-1340.9946343771508
7,804,-1340.9946343771508
7,805,-1340.9946343771508
7,806,-1340.9946343771508
7,807,-1340.9946343771508
7,808,-1340.9946343771508
7,809,-1340.9946343771508
7,810,-1340.9946343771508
7,811,-1340.9946343771508
7,812,-1340.9946343771508
7,813,-1340.9946343771508
7,814,-1340.9946343771508
7,815,-1340.9946343771508
7,816,-1340.9946343771508
7,817,-1340.9946343771508
7,818,-1340.9946343771508
7,819,-1340.9946343771508
7,820,-1340.9946343771508
8,821,-1340.9946343771508
8,822,-1340.9946343771508
8,823,-1340.9946343771508
8,824,-1340.9946343771508
8,825,-1340.9946343771508
8,826,-1340.9946343771508
8,827,-1340.9946343771508
8,828,-1340.9946343771508
8,829,-1340.9946343771508
8,830,-1340.9946343771508
8,831,-1340.9946343771508
8,832,-1340.9946343771508
8,833,-1340.9946343771508
8,834,-1340.9946343771508
8,835,-1340.9946343771508
8,836,-1340.9946343771508
8,837,-1340.9946343771508
8,838,-1340.9946343771508
8,839,-1340.9946343771508
8,840,-1340.9946343771508
8,841,-1340.9946343771508
8,842,-1340.9946343771508
8,843,-1340.9946343771508
8,844,-1340.9946343771508
8,845,-1340.9946343771508
8,846,-1340.9946343771508
8,847,-1340.9946343771508
8,848,-1340.9946343771508
8,849,-1340.9946343771508
8,850,-1340.9946343771508
8,851,-1340.9946343771508
8,852,-1340.9946343771508
8,853,-1340.9946343771508
8,854,-1340.9946343771508
8,855,-1340.9946343771508
8,856,-1340.9946343771508
8,857,-1340.9946343771508
8,858,-1340.9946343771508
8,859,-1340.9946343771508
8,860,-1340.9946343771508
8,861,-1340.9946343771508
8,862,-1340.9946343771508
8,863,-1340.9946343771508
8,864,-1340.9946343771508
8,865,-1340.9946343771508
8,866,-1340.9946343771508
8,867,-1340.9946343771508
8,868,-1340.9946343771508
8,869,-1340.9946343771508
8,870,-1340.9946343771508
8,871,-1340.9946343771508
8,872,-1340.9946343771508
8,873,-1365.4779700654012
8,874,-1365.4779700654012
8,875,-1365.4779700654012
8,876,-1365.4779700654012
8,877,-1365.4779700654012
8,878,-1365.4779700654012
8,879,-1365.4779700654012
8,880,-1365.4779700654012
8,881,-1365.4779700654012
8,882,-1365.4779700654012
8,883,-1365.4779700654012
8,884,-1365.4779700654012
8,885,-1365.4779700654012
8,886,-1365.4779700654012
8,887,-1365.4779700654012
8,888,-1365.4779700654012
8,889,-1365.4779700654012
8,890,-1365.4779700654012
8,891,-1365.4779700654012
8,892,-1365.4779700654012
8,893,-1365.4779700654012
8,894,-1365.4779700654012
8,895,-1365.4779700654012
8,896,-1365.4779700654012
8,897,-1365.4779700654012
8,898,-1365.4779700654012
8,899,-1365.4779700654012
8,900,-1365.4779700654012
8,901,-1365.4779700654012
8,902,-1365.4779700654012
8,903,-1365.4779700654012
8,904,-1365.4779700654012
8,905,-1365.4779700654012
8,906,-1365.4779700654012
8,907,-1365.4779700654012
8,908,-1365.4779700654012
8,909,-1365.4779700654012
8,910,-1365.4779700654012
8,911,-1365.4779700654012
8,912,-1365.4779700654012
8,913,-1365.4779700654012
8,914,-1365.4779700654012
8,915,-1365.4779700654012
8,916,-1365.4779700654012
8,917,-1365.4779700654012
8,918,-1365.4779700654012
8,919,-1365.4779700654012
8,920,-1365.4779700654012
8,921,-1365.4779700654012
8,922,-1365.4779700654012
8,923,-1365.4779700654012
9,924,-1365.4779700654012
9,925,-1365.4779700654012
9,926,-1365.4779700654012
9,927,-1365.4779700654012
9,928,-1365.4779700654012
9,929,-1365.4779700654012
9,930,-1365.4779700654012
9,931,-1365.4779700654012
9,932,-1365.4779700654012
9,933,-1365.4779700654012
9,934,-1365.4779700654012
9,935,-1365.4779700654012
9,936,-1365.4779700654012
9,937,-1365.4779700654012
9,938,-1365.4779700654012
9,939,-1365.4779700654012
9,940,-1365.4779700654012
9,941,-1365.4779700654012
9,942,-1365.4779700654012
9,943,-1365.4779700654012
9,944,-1365.4779700654012
9,945,-1365.4779700654012
9,946,-1365.4779700654012
9,947,-1365.4779700654012
9,948,-1365.4779700654012
9,949,-1365.4779700654012
9,950,-1365.4779700654012
9,951,-1365.4779700654012
9,952,-1365.4779700654012
9,953,-1365.4779700654012
9,954,-1365.4779700654012
9,955,-1365.4779700654012
9,956,-1365.4779700654012
9,957,-1365.4779700654012
9,958,-261.5974119124394
9,959,-261.5974119124394
9,960,-261.5974119124394
9,961,-261.5974119124394
9,962,-261.5974119124394
9,963,-261.5974119124394
9,964,-261.5974119124394
9,965,-261.5974119124394
9,966,-261.5974119124394
9,967,-261.5974119124394
9,968,-261.5974119124394
9,969,-261.5974119124394
9,970,-261.5974119124394
9,971,-261.5974119124394
9,972,-261.5974119124394
9,973,-261.5974119124394
9,974,-261.5974119124394
9,975,-261.5974119124394
9,976,-284.9840208443902
9,977,-284.9840208443902
9,978,-284.9840208443902
9,979,-284.9840208443902
9,980,-284.9840208443902
9,981,-284.9840208443902
9,982,-284.9840208443902
9,983,-284.9840208443902
9,984,-284.9840208443902
9,985,-284.9840208443902
9,986,-284.9840208443902
9,987,-284.9840208443902
9,988,-284.9840208443902
9,989,-284.9840208443902
9,990,-284.9840208443902
9,991,-284.9840208443902
9,992,-284.9840208443902
9,993,-284.9840208443902
9,994,-284.9840208443902
9,995,-284.9840208443902
9,996,-284.9840208443902
9,997,-284.9840208443902
9,998,-284.9840208443902
9,999,-284.9840208443902
9,1000,-284.9840208443902
9,1001,-284.9840208443902
9,1002,-284.9840208443902
9,1003,-284.9840208443902
9,1004,-284.9840208443902
9,1005,-284.9840208443902
9,1006,-284.9840208443902
9,1007,-284.9840208443902
9,1008,-284.9840208443902
9,1009,-284.9840208443902
9,1010,-284.9840208443902
9,1011,-284.9840208443902
9,1012,-284.9840208443902
9,1013,-284.9840208443902
9,1014,-284.9840208443902
9,1015,-284.9840208443902
9,1016,-284.9840208443902
9,1017,-284.9840208443902
9,1018,-284.9840208443902
9,1019,-284.9840208443902
9,1020,-284.9840208443902
9,1021,-284.9840208443902
9,1022,-284.9840208443902
9,1023,-284.9840208443902
9,1024,-284.9840208443902
9,1025,-284.9840208443902
9,1026,-284.9840208443902
10,1027,-284.9840208443902
10,1028,-284.9840208443902
10,1029,-284.9840208443902
10,1030,-284.9840208443902
10,1031,-284.9840208443902
10,1032,-284.9840208443902
10,1033,-284.9840208443902
10,1034,-284.9840208443902
10,1035,-284.9840208443902
10,1036,-284.9840208443902
10,1037,-284.9840208443902
10,1038,-284.9840208443902
10,1039,-284.9840208443902
10,1040,-284.9840208443902
10,1041,-284.9840208443902
10,1042,-284.9840208443902
10,1043,-284.9840208443902
10,1044,-284.9840208443902
10,1045,-284.9840208443902
10,1046,-284.9840208443902
10,1047,-284.9840208443902
10,1048,-284.9840208443902
10,1049,-284.9840208443902
10,1050,-284.9840208443902
10,1051,-284.9840208443902
10,1052,-284.9840208443902
10,1053,-284.9840208443902
10,1054,-284.9840208443902
10,1055,-284.9840208443902
10,1056,-284.9840208443902
10,1057,-284.9840208443902
10,1058,-284.9840208443902
10,1059,-284.9840208443902
10,1060,-284.9840208443902
10,1061,-284.9840208443902
10,1062,-284.9840208443902
10,1063,-284.9840208443902
10,1064,-284.9840208443902
10,1065,-284.9840208443902
10,1066,-284.9840208443902
10,1067,-284.9840208443902
10,1068,-284.9840208443902
10,1069,-284.9840208443902
10,1070,-284.9840208443902
10,1071,-284.9840208443902
10,1072,-284.9840208443902
10,1073,-284.9840208443902
10,1074,-284.9840208443902
10,1075,-284.9840208443902
10,1076,-284.9840208443902
10,1077,-284.9840208443902
10,1078,-284.9840208443902
10,1079,-307.21140165881775
10,1080,-307.21140165881775
10,1081,-307.21140165881775
10,1082,-307.21140165881775
10,1083,-307.21140165881775
10,1084,-307.21140165881775
10,1085,-307.21140165881775
10,1086,-307.21140165881775
10,1087,-307.21140165881775
10,1088,-307.21140165881775
10,1089,-307.21140165881775
10,1090,-307.21140165881775
10,1091,-307.21140165881775
10,1092,-307.21140165881775
10,1093,-307.21140165881775
10,1094,-307.21140165881775
10,1095,-307.21140165881775
10,1096,-307.21140165881775
10,1097,-307.21140165881775
10,1098,-307.21140165881775
10,1099,-307.21140165881775
10,1100,-307.21140165881775
10,1101,-307.21140165881775
10,1102,-307.21140165881775
10,1103,-307.21140165881775
10,1104,-307.21140165881775
10,1105,-307.21140165881775
10,1106,-307.21140165881775
10,1107,-307.21140165881775
10,1108,-307.21140165881775
10,1109,-307.21140165881775
10,1110,-307.21140165881775
10,1111,-307.21140165881775
10,1112,-307.21140165881775
10,1113,-307.21140165881775
10,1114,-307.21140165881775
10,1115,-307.21140165881775
10,1116,-307.21140165881775
10,1117,-307.21140165881775
10,1118,-307.21140165881775
10,1119,-307.21140165881775
10,1120,-307.21140165881775
10,1121,-307.21140165881775
10,1122,-307.21140165881775
10,1123,-307.21140165881775
10,1124,-307.21140165881775
10,1125,-307.21140165881775
10,1126,-307.21140165881775
10,1127,-307.21140165881775
10,1128,-307.21140165881775
11,1129,-307.21140165881775
11,1130,-307.21140165881775
11,1131,-307.21140165881775
11,1132,-307.21140165881775
11,1133,-307.21140165881775
11,1134,-307.21140165881775
11,1135,-307.21140165881775
11,1136,-307.21140165881775
11,1137,-307.21140165881775
11,1138,-307.21140165881775
11,1139,-307.21140165881775
11,1140,-307.21140165881775
11,1141,-307.21140165881775
11,1142,-307.21140165881775
11,1143,-307.21140165881775
11,1144,-307.21140165881775
11,1145,-307.21140165881775
11,1146,-307.21140165881775
11,1147,-307.21140165881775
11,1148,-307.21140165881775
11,1149,-307.21140165881775
11,1150,-307.21140165881775
11,1151,-307.21140165881775
11,1152,-307.21140165881775
11,1153,-307.21140165881775
11,1154,-307.21140165881775
11,1155,-307.21140165881775
11,1156,-307.21140165881775
11,1157,-307.21140165881775
11,1158,-307.21140165881775
11,1159,-307.21140165881775
11,1160,-307.21140165881775
11,1161,-307.21140165881775
11,1162,-307.21140165881775
11,1163,-307.21140165881775
11,1164,-307.21140165881775
11,1165,-307.21140165881775
11,1166,-307.21140165881775
11,1167,-307.21140165881775
11,1168,-307.21140165881775
11,1169,-307.21140165881775
11,1170,-307.21140165881775
11,1171,-307.21140165881775
11,1172,-307.21140165881775
11,1173,-307.21140165881775
11,1174,-307.21140165881775
11,1175,-307.21140165881775
11,1176,-307.21140165881775
11,1177,-307.21140165881775
11,1178,-307.21140165881775
11,1179,-307.21140165881775
11,1180,-307.21140165881775
11,1181,-328.2183361724424
11,1182,-328.2183361724424
11,1183,-328.2183361724424
11,1184,-328.2183361724424
11,1185,-328.2183361724424
11,1186,-328.2183361724424
11,1187,-328.2183361724424
11,1188,-328.2183361724424
11,1189,-328.2183361724424
11,1190,-328.2183361724424
11,1191,-328.2183361724424
11,1192,-328.2183361724424
11,1193,-328.2183361724424
11,1194,-328.2183361724424
11,1195,-328.2183361724424
11,1196,-328.2183361724424
11,1197,-328.2183361724424
11,1198,-328.2183361724424
11,1199,-328.2183361724424
11,1200,-328.2183361724424
11,1201,-328.2183361724424
11,1202,-328.2183361724424
11,1203,-328.2183361724424
11,1204,-328.2183361724424
11,1205,-328.2183361724424
11,1206,-328.2183361724424
11,1207,-328.2183361724424
11,1208,-328.2183361724424
11,1209,-328.2183361724424
11,1210,-328.2183361724424
11,1211,-328.2183361724424
11,1212,-328.2183361724424
11,1213,-328.2183361724424
11,1214,-328.2183361724424
11,1215,-328.2183361724424
11,1216,-328.2183361724424
11,1217,-328.2183361724424
11,1218,-328.2183361724424
11,1219,-328.2183361724424
11,1220,-328.2183361724424
11,1221,-328.2183361724424
11,1222,-328.2183361724424
11,1223,-328.2183361724424
11,1224,-328.2183361724424
11,1225,-328.2183361724424
11,1226,-328.2183361724424
11,1227,-328.2183361724424
11,1228,-328.2183361724424
11,1229,-328.2183361724424
11,1230,-328.2183361724424
11,1231,-328.2183361724424
12,1232,-328.2183361724424
12,1233,-328.2183361724424
12,1234,-328.2183361724424
12,1235,-328.2183361724424
12,1236,-328.2183361724424
12,1237,-328.2183361724424
12,1238,-328.2183361724424
12,1239,-328.2183361724424
12,1240,-328.2183361724424
12,1241,-328.2183361724424
12,1242,-328.2183361724424
12,1243,-328.2183361724424
12,1244,-328.2183361724424
12,1245,-328.2183361724424
12,1246,-328.2183361724424
12,1247,-328.2183361724424
12,1248,-328.2183361724424
12,1249,-328.2183361724424
12,1250,-328.2183361724424
12,1251,-328.2183361724424
12,1252,-328.2183361724424
12,1253,-328.2183361724424
12,1254,-328.2183361724424
12,1255,-328.2183361724424
12,1256,-328.2183361724424
12,1257,-328.2183361724424
12,1258,-328.2183361724424
12,1259,-328.2183361724424
12,1260,-328.2183361724424
12,1261,-328.2183361724424
12,1262,-328.2183361724424
12,1263,-328.2183361724424
12,1264,-328.2183361724424
12,1265,-328.2183361724424
12,1266,-328.2183361724424
12,1267,-328.2183361724424
12,1268,-328.2183361724424
12,1269,-328.2183361724424
12,1270,-328.2183361724424
12,1271,-328.2183361724424
12,1272,-328.2183361724424
12,1273,-328.2183361724424
12,1274,-328.2183361724424
12,1275,-328.2183361724424
12,1276,-328.2183361724424
12,1277,-328.2183361724424
12,1278,-328.2183361724424
12,1279,-328.2183361724424
12,1280,-328.2183361724424
12,1281,-328.2183361724424
12,1282,-328.2183361724424
12,1283,-328.2183361724424
12,1284,-347.936145662379
12,1285,-347.936145662379
12,1286,-347.936145662379
12,1287,-347.936145662379
12,1288,-347.936145662379
12,1289,-347.936145662379
12,1290,-347.936145662379
12,1291,-347.936145662379
12,1292,-347.936145662379
12,1293,-347.936145662379
12,1294,-347.936145662379
12,1295,-347.936145662379
12,1296,-347.936145662379
12,1297,-347.936145662379
12,1298,-347.936145662379
12,1299,-347.936145662379
12,1300,-347.936145662379
12,1301,-347.936145662379
12,1302,-347.936145662379
12,1303,-347.936145662379
12,1304,-347.936145662379
12,1305,-347.936145662379
12,1306,-347.936145662379
12,1307,-347.936145662379
12,1308,-347.936145662379
12,1309,-347.936145662379
12,1310,-347.936145662379
12,1311,-347.936145662379
12,1312,-347.936145662379
12,1313,-347.936145662379
12,1314,-347.936145662379
12,1315,-347.936145662379
12,1316,-347.936145662379
12,1317,-347.936145662379
12,1318,-347.936145662379
12,1319,-347.936145662379
12,1320,-347.936145662379
12,1321,-347.936145662379
12,1322,-347.936145662379
12,1323,-347.936145662379
12,1324,-347.936145662379
12,1325,-347.936145662379
12,1326,-347.936145662379
12,1327,-347.936145662379
12,1328,-347.936145662379
12,1329,-347.936145662379
12,1330,-347.936145662379
12,1331,-347.936145662379
12,1332,-347.936145662379
12,1333,-347.936145662379
12,1334,-347.936145662379
13,1335,-347.936145662379
13,1336,-347.936145662379
13,1337,-347.936145662379
13,1338,-347.936145662379
13,1339,-347.936145662379
13,1340,-347.936145662379
13,1341,-347.936145662379
13,1342,-347.936145662379
13,1343,-347.936145662379
13,1344,-347.936145662379
13,1345,-347.936145662379
13,1346,-347.936145662379
13,1347,-347.936145662379
13,1348,-347.936145662379
13,1349,-347.936145662379
13,1350,-347.936145662379
13,1351,-347.936145662379
13,1352,-347.936145662379
13,1353,-347.936145662379
13,1354,-347.936145662379
13,1355,-347.936145662379
13,1356,-347.936145662379
13,1357,-347.936145662379
13,1358,-347.936145662379
13,1359,-347.936145662379
13,1360,-347.936145662379
13,1361,-347.936145662379
13,1362,-347.936145662379
13,1363,-347.936145662379
13,1364,-347.936145662379
13,1365,-347.936145662379
13,1366,-347.936145662379
13,1367,-347.936145662379
13,1368,-347.936145662379
13,1369,-347.936145662379
13,1370,-347.936145662379
13,1371,-347.936145662379
13,1372,-347.936145662379
13,1373,-347.936145662379
13,1374,-347.936145662379
13,1375,-347.936145662379
13,1376,-347.936145662379
13,1377,-347.936145662379
13,1378,-347.936145662379
13,1379,-347.936145662379
13,1380,-347.936145662379
13,1381,-347.936145662379
13,1382,-347.936145662379
13,1383,-347.936145662379
13,1384,-347.936145662379
13,1385,-347.936145662379
13,1386,-980.6742234596
13,1387,-999.0225169641094
13,1388,-999.0225169641094
13,1389,-999.0225169641094
13,1390,-999.0225169641094
13,1391,-999.0225169641094
13,1392,-999.0225169641094
13,1393,-999.0225169641094
13,1394,-999.0225169641094
13,1395,-999.0225169641094
13,1396,-999.0225169641094
13,1397,-999.0225169641094
13,1398,-999.0225169641094
13,1399,-999.0225169641094
13,1400,-999.0225169641094
13,1401,-999.0225169641094
13,1402,-999.0225169641094
13,1403,-999.0225169641094
13,1404,-999.0225169641094
13,1405,-999.0225169641094
13,1406,-999.0225169641094
13,1407,-999.0225169641094
13,1408,-999.0225169641094
13,1409,-999.0225169641094
13,1410,-999.0225169641094
13,1411,-999.0225169641094
13,1412,-999.0225169641094
13,1413,-999.0225169641094
13,1414,-999.0225169641094
13,1415,-999.0225169641094
13,1416,-999.0225169641094
13,1417,-999.0225169641094
13,1418,-999.0225169641094
13,1419,-999.0225169641094
13,1420,-999.0225169641094
13,1421,-999.0225169641094
13,1422,-999.0225169641094
13,1423,-999.0225169641094
13,1424,-999.0225169641094
13,1425,-999.0225169641094
13,1426,-999.0225169641094
13,1427,-999.0225169641094
13,1428,-999.0225169641094
13,1429,-999.0225169641094
13,1430,-999.0225169641094
13,1431,-999.0225169641094
13,1432,-999.0225169641094
13,1433,-999.0225169641094
13,1434,-999.0225169641094
13,1435,-999.0225169641094
13,1436,-999.0225169641094
14,1437,-999.0225169641094
14,1438,-999.0225169641094
14,1439,-999.0225169641094
14,1440,-999.0225169641094
14,1441,-999.0225169641094
14,1442,-999.0225169641094
14,1443,-999.0225169641094
14,1444,-999.0225169641094
14,1445,-999.0225169641094
14,1446,-999.0225169641094
14,1447,-999.0225169641094
14,1448,-999.0225169641094
14,1449,-999.0225169641094
14,1450,-999.0225169641094
14,1451,-999.0225169641094
14,1452,-999.0225169641094
14,1453,-999.0225169641094
14,1454,-999.0225169641094
14,1455,-999.0225169641094
14,1456,-999.0225169641094
14,1457,-999.0225169641094
14,1458,-999.0225169641094
14,1459,-999.0225169641094
14,1460,-999.0225169641094
14,1461,-999.0225169641094
14,1462,-999.0225169641094
14,1463,-999.0225169641094
14,1464,-999.0225169641094
14,1465,-999.0225169641094
14,1466,-999.0225169641094
14,1467,-999.0225169641094
14,1468,-999.0225169641094
14,1469,-999.0225169641094
14,1470,-999.0225169641094
14,1471,-999.0225169641094
14,1472,-999.0225169641094
14,1473,-999.0225169641094
14,1474,-999.0225169641094
14,1475,-999.0225169641094
14,1476,-999.0225169641094
14,1477,-999.0225169641094
14,1478,-999.0225169641094
14,1479,-999.0225169641094
14,1480,-999.0225169641094
14,1481,-999.0225169641094
14,1482,-999.0225169641094
14,1483,-999.0225169641094
14,1484,-999.0225169641094
14,1485,-999.0225169641094
14,1486,-999.0225169641094
14,1487,-999.0225169641094
14,1488,-999.0225169641094
14,1489,-1015.998420371815
14,1490,-1015.998420371815
14,1491,-1015.998420371815
14,1492,-1015.998420371815
14,1493,-1015.998420371815
14,1494,-1015.998420371815
14,1495,-1015.998420371815
14,1496,-1015.998420371815
14,1497,-1015.998420371815
14,1498,-1015.998420371815
14,1499,-1015.998420371815
14,1500,-1015.998420371815
14,1501,-1015.998420371815
14,1502,-1015.998420371815
14,1503,-1015.998420371815
14,1504,-1015.998420371815
14,1505,-1015.998420371815
14,1506,-1015.998420371815
14,1507,-1015.998420371815
14,1508,-1015.998420371815
14,1509,-1015.998420371815
14,1510,-1015.998420371815
14,1511,-1015.998420371815
14,1512,-1015.998420371815
14,1513,-1015.998420371815
14,1514,-1015.998420371815
14,1515,-1015.998420371815
14,1516,-1015.998420371815
14,1517,-1015.998420371815
14,1518,-1015.998420371815
14,1519,-1015.998420371815
14,1520,-1015.998420371815
14,1521,-1015.998420371815
14,1522,-1015.998420371815
14,1523,-1015.998420371815
14,1524,-1015.998420371815
14,1525,-1015.998420371815
14,1526,-1015.998420371815
14,1527,-1015.998420371815
14,1528,-1015.998420371815
14,1529,-1015.998420371815
14,1530,-1015.998420371815
14,1531,-1015.998420371815
14,1532,-1015.998420371815
14,1533,-1015.998420371815
14,1534,-1015.998420371815
14,1535,-1015.998420371815
14,1536,-1015.998420371815
14,1537,-1015.998420371815
14,1538,-1015.998420371815
14,1539,-1015.998420371815
15,1540,-1015.998420371815
15,1541,-1015.998420371815
15,1542,-1015.998420371815
15,1543,-1015.998420371815
15,1544,-1015.998420371815
15,1545,-1015.998420371815
15,1546,-1015.998420371815
15,1547,-1015.998420371815
15,1548,-1015.998420371815
15,1549,-1015.998420371815
15,1550,-1015.998420371815
15,1551,-1015.998420371815
15,1552,-1015.998420371815
15,1553,-1015.998420371815
15,1554,-1015.998420371815
15,1555,-1015.998420371815
15,1556,-1015.998420371815
15,1557,-1015.998420371815
15,1558,-1015.998420371815
15,1559,-1015.998420371815
15,1560,-1015.998420371815
15,1561,-1015.998420371815
15,1562,-1015.998420371815
15,1563,-1015.998420371815
15,1564,-1015.998420371815
15,1565,-1015.998420371815
15,1566,-1015.998420371815
15,1567,-1015.998420371815
15,1568,-1015.998420371815
15,1569,-1015.998420371815
15,1570,-1015.998420371815
15,1571,-1015.998420371815
15,1572,-1015.998420371815
15,1573,-1015.998420371815
15,1574,-1015.998420371815
15,1575,-1015.998420371815
15,1576,-1015.998420371815
15,1577,-1015.998420371815
15,1578,-1015.998420371815
15,1579,-1015.998420371815
15,1580,-1015.998420371815
15,1581,-1015.998420371815
15,1582,-1015.998420371815
15,1583,-1015.998420371815
15,1584,-1015.998420371815
15,1585,-1015.998420371815
15,1586,-1015.998420371815
15,1587,-1015.998420371815
15,1588,-1015.998420371815
15,1589,-1015.998420371815
15,1590,-1015.998420371815
15,1591,-1015.998420371815
15,1592,-1031.726805110763
15,1593,-1031.726805110763
15,1594,-1031.726805110763
15,1595,-1031.726805110763
15,1596,-1031.726805110763
15,1597,-1031.726805110763
15,1598,-1031.726805110763
15,1599,-1031.726805110763
15,1600,-1031.726805110763
15,1601,-1031.726805110763
15,1602,-1031.726805110763
15,1603,-1031.726805110763
15,1604,-1031.726805110763
15,1605,-1031.726805110763
15,1606,-1031.726805110763
15,1607,-1031.726805110763
15,1608,-1031.726805110763
15,1609,-1031.726805110763
15,1610,-1031.726805110763
15,1611,-1031.726805110763
15,1612,-1031.726805110763
15,1613,-1031.726805110763
15,1614,-1031.726805110763
15,1615,-1031.726805110763
15,1616,-1031.726805110763
15,1617,-1031.726805110763
15,1618,-1031.726805110763
15,1619,-1031.726805110763
15,1620,-1031.726805110763
15,1621,-1031.726805110763
15,1622,-1031.726805110763
15,1623,-1031.726805110763
15,1624,-1031.726805110763
15,1625,-1031.726805110763
15,1626,-1031.726805110763
15,1627,-1031.726805110763
15,1628,-1031.726805110763
15,1629,-1031.726805110763
15,1630,-1031.726805110763
15,1631,-1031.726805110763
15,1632,-1031.726805110763
15,1633,-1031.726805110763
15,1634,-1031.726805110763
15,1635,-1031.726805110763
15,1636,-1031.726805110763
15,1637,-1031.726805110763
15,1638,-1031.726805110763
15,1639,-1031.726805110763
15,1640,-1031.726805110763
15,1641,-1031.726805110763
15,1642,-1031.726805110763
16,1643,-1031.726805110763
16,1644,-1031.726805110763
16,1645,-1031.726805110763
16,1646,-1031.726805110763
16,1647,-1031.726805110763
16,1648,-1031.726805110763
16,1649,-1031.726805110763
16,1650,-1031.726805110763
16,1651,-1031.726805110763
16,1652,-1031.726805110763
16,1653,-1031.726805110763
16,1654,-1031.726805110763
16,1655,-1031.726805110763
16,1656,-1031.726805110763
16,1657,-1031.726805110763
16,1658,-1031.726805110763
16,1659,-1031.726805110763
16,1660,-1031.726805110763
16,1661,-1031.726805110763
16,1662,-1031.726805110763
16,1663,-1031.726805110763
16,1664,-1031.726805110763
16,1665,-1031.726805110763
16,1666,-1031.726805110763
16,1667,-1031.726805110763
16,1668,-1031.726805110763
16,1669,-1031.726805110763
16,1670,-1031.726805110763
16,1671,-1031.726805110763
16,1672,-1031.726805110763
16,1673,-1031.726805110763
16,1674,-1031.726805110763
16,1675,-1031.726805110763
16,1676,-1031.726805110763
16,1677,-1031.726805110763
16,1678,-1031.726805110763
16,1679,-1031.726805110763
16,1680,-1031.726805110763
16,1681,-1031.726805110763
16,1682,-1031.726805110763
16,1683,-1031.726805110763
16,1684,-1031.726805110763
16,1685,-1031.726805110763
16,1686,-1031.726805110763
16,1687,-1031.726805110763
16,1688,-1031.726805110763
16,1689,-1031.726805110763
16,1690,-1031.726805110763
16,1691,-1031.726805110763
16,1692,-1031.726805110763
16,1693,-1031.726805110763
16,1694,-1031.726805110763
16,1695,-1046.269942546036
16,1696,-1046.269942546036
16,1697,-1046.269942546036
16,1698,-1046.269942546036
16,1699,-1046.269942546036
16,1700,-1046.269942546036
16,1701,-1046.269942546036
16,1702,-1046.269942546036
16,1703,-1046.269942546036
16,1704,-1046.269942546036
16,1705,-1046.269942546036
16,1706,-1046.269942546036
16,1707,-1046.269942546036
16,1708,-1046.269942546036
16,1709,-1046.269942546036
16,1710,-1046.269942546036
16,1711,-1046.269942546036
16,1712,-1046.269942546036
16,1713,-1046.269942546036
16,1714,-1046.269942546036
16,1715,-1046.269942546036
16,1716,-1046.269942546036
16,1717,-1046.269942546036
16,1718,-1046.269942546036
16,1719,-1046.269942546036
16,1720,-1046.269942546036
16,1721,-1046.269942546036
16,1722,-1046.269942546036
16,1723,-1046.269942546036
16,1724,-1046.269942546036
16,1725,-1046.269942546036
16,1726,-1046.269942546036
16,1727,-1046.269942546036
16,1728,-1046.269942546036
16,1729,-1046.269942546036
16,1730,-1046.269942546036
16,1731,-1046.269942546036
16,1732,-1046.269942546036
16,1733,-1046.269942546036
16,1734,-1046.269942546036
16,1735,-1046.269942546036
16,1736,-1046.269942546036
16,1737,-1046.269942546036
16,1738,-1046.269942546036
16,1739,-1046.269942546036
16,1740,-1046.269942546036
16,1741,-1046.269942546036
16,1742,-1046.269942546036
16,1743,-1046.269942546036
16,1744,-1046.269942546036
16,1745,-1046.269942546036
17,1746,-1046.269942546036
17,1747,-1046.269942546036
17,1748,-1046.269942546036
17,1749,-1046.269942546036
17,1750,-1046.269942546036
17,1751,-1046.269942546036
17,1752,-1046.269942546036
17,1753,-1046.269942546036
17,1754,-1046.269942546036
17,1755,-1046.269942546036
17,1756,-1046.269942546036
17,1757,-1046.269942546036
17,1758,-1046.269942546036
17,1759,-1046.269942546036
17,1760,-1046.269942546036
17,1761,-1046.269942546036
17,1762,-1046.269942546036
17,1763,-1046.269942546036
17,1764,-1046.269942546036
17,1765,-1046.269942546036
17,1766,-1046.269942546036
17,1767,-1046.269942546036
17,1768,-1046.269942546036
17,1769,-1046.269942546036
17,1770,-1046.269942546036
17,1771,-1046.269942546036
17,1772,-1046.269942546036
17,1773,-1046.269942546036
17,1774,-1046.269942546036
17,1775,-1046.269942546036
17,1776,-1046.269942546036
17,1777,-1046.269942546036
17,1778,-1046.269942546036
17,1779,-1046.269942546036
17,1780,-1046.269942546036
17,1781,-1046.269942546036
17,1782,-1046.269942546036
17,1783,-1046.269942546036
17,1784,-1046.269942546036
17,1785,-1046.269942546036
17,1786,-1046.269942546036
17,1787,-1046.269942546036
17,1788,-1046.269942546036
17,1789,-1046.269942546036
17,1790,-1046.269942546036
17,1791,-1046.269942546036
17,1792,-1046.269942546036
17,1793,-1046.269942546036
17,1794,-1046.269942546036
17,1795,-1046.269942546036
17,1796,-1046.269942546036
17,1797,-1059.5830904981694
17,1798,-1059.5830904981694
17,1799,-1059.5830904981694
17,1800,-1059.5830904981694
17,1801,-1059.5830904981694
17,1802,-1059.5830904981694
17,1803,-1059.5830904981694
17,1804,-1059.5830904981694
17,1805,-1059.5830904981694
17,1806,-1059.5830904981694
17,1807,-1059.5830904981694
17,1808,-1059.5830904981694
17,1809,-1059.5830904981694
17,1810,-1059.5830904981694
17,1811,-1059.5830904981694
17,1812,-1059.5830904981694
17,1813,-1059.5830904981694
17,1814,-1059.5830904981694
17,1815,-1059.5830904981694
17,1816,-1059.5830904981694
17,1817,-1059.5830904981694
17,1818,-1059.5830904981694
17,1819,-1059.5830904981694
17,1820,-1059.5830904981694
17,1821,-1059.5830904981694
17,1822,-1059.5830904981694
17,1823,-1059.5830904981694
17,1824,-1059.5830904981694
17,1825,-1059.5830904981694
17,1826,-1059.5830904981694
17,1827,-1059.5830904981694
17,1828,-1059.5830904981694
17,1829,-1059.5830904981694
17,1830,-1059.5830904981694
17,1831,-1059.5830904981694
17,1832,-1059.5830904981694
17,1833,-1059.5830904981694
17,1834,-1059.5830904981694
17,1835,-1059.5830904981694
17,1836,-1059.5830904981694
17,1837,-1059.5830904981694
17,1838,-1059.5830904981694
17,1839,-1059.5830904981694
17,1840,-1059.5830904981694
17,1841,-1059.5830904981694
17,1842,-1059.5830904981694
17,1843,-1059.5830904981694
17,1844,-1059.5830904981694
17,1845,-1059.5830904981694
17,1846,-1059.5830904981694
17,1847,-1059.5830904981694
18,1848,-1059.5830904981694
18,1849,-1059.5830904981694
18,1850,-1059.5830904981694
18,1851,-1059.5830904981694
18,1852,-1059.5830904981694
18,1853,-1059.5830904981694
18,1854,-1059.5830904981694
18,1855,-1059.5830904981694
18,1856,-1059.5830904981694
18,1857,-1059.5830904981694
18,1858,-1059.5830904981694
18,1859,-1059.5830904981694
18,1860,-1059.5830904981694
18,1861,-1059.5830904981694
18,1862,-1059.5830904981694
18,1863,-1059.5830904981694
18,1864,-1059.5830904981694
18,1865,-1059.5830904981694
18,1866,-1059.5830904981694
18,1867,-1059.5830904981694
18,1868,-1059.5830904981694
18,1869,-1059.5830904981694
18,1870,-1059.5830904981694
18,1871,-1059.5830904981694
18,1872,-1059.5830904981694
18,1873,-1059.5830904981694
18,1874,-1059.5830904981694
18,1875,-1059.5830904981694
18,1876,-1059.5830904981694
18,1877,-1059.5830904981694
18,1878,-1059.5830904981694
18,1879,-1059.5830904981694
18,1880,-1059.5830904981694
18,1881,-1059.5830904981694
18,1882,-1059.5830904981694
18,1883,-1059.5830904981694
18,1884,-1059.5830904981694
18,1885,-1059.5830904981694
18,1886,-1059.5830904981694
18,1887,-1059.5830904981694
18,1888,-1059.5830904981694
18,1889,-1059.5830904981694
18,1890,-1059.5830904981694
18,1891,-1059.5830904981694
18,1892,-1059.5830904981694
18,1893,-1059.5830904981694
18,1894,-1059.5830904981694
18,1895,-1059.5830904981694
18,1896,-1059.5830904981694
18,1897,-1059.5830904981694
18,1898,-1059.5830904981694
18,1899,-1059.5830904981694
18,1900,-1071.5968640709666
18,1901,-1071.5968640709666
18,1902,-1071.5968640709666
18,1903,-1071.5968640709666
18,1904,-1071.5968640709666
18,1905,-1071.5968640709666
18,1906,-1071.5968640709666
18,1907,-1071.5968640709666
18,1908,-1071.5968640709666
18,1909,-1071.5968640709666
18,1910,-1071.5968640709666
18,1911,-1071.5968640709666
18,1912,-1071.5968640709666
18,1913,-1071.5968640709666
18,1914,-1071.5968640709666
18,1915,-1071.5968640709666
18,1916,32.283694081995236
18,1917,32.283694081995236
18,1918,32.283694081995236
18,1919,32.283694081995236
18,1920,32.283694081995236
18,1921,32.283694081995236
18,1922,32.283694081995236
18,1923,32.283694081995236
18,1924,32.283694081995236
18,1925,32.283694081995236
18,1926,32.283694081995236
18,1927,32.283694081995236
18,1928,32.283694081995236
18,1929,32.283694081995236
18,1930,32.283694081995236
18,1931,32.283694081995236
18,1932,32.283694081995236
18,1933,32.283694081995236
18,1934,32.283694081995236
18,1935,32.283694081995236
18,1936,32.283694081995236
18,1937,32.283694081995236
18,1938,32.283694081995236
18,1939,32.283694081995236
18,1940,32.283694081995236
18,1941,32.283694081995236
18,1942,32.283694081995236
18,1943,32.283694081995236
18,1944,32.283694081995236
18,1945,32.283694081995236
18,1946,32.283694081995236
18,1947,32.283694081995236
18,1948,32.283694081995236
18,1949,32.283694081995236
18,1950,32.283694081995236
19,1951,32.283694081995236
19,1952,32.283694081995236
19,1953,32.283694081995236
19,1954,32.283694081995236
19,1955,32.283694081995236
19,1956,32.283694081995236
19,1957,32.283694081995236
19,1958,32.283694081995236
19,1959,32.283694081995236
19,1960,32.283694081995236
19,1961,32.283694081995236
19,1962,32.283694081995236
19,1963,32.283694081995236
19,1964,32.283694081995236
19,1965,32.283694081995236
19,1966,32.283694081995236
19,1967,32.283694081995236
19,1968,32.283694081995236
19,1969,32.283694081995236
19,1970,32.283694081995236
19,1971,32.283694081995236
19,1972,32.283694081995236
19,1973,32.283694081995236
19,1974,32.283694081995236
19,1975,32.283694081995236
19,1976,32.283694081995236
19,1977,32.283694081995236
19,1978,32.283694081995236
19,1979,32.283694081995236
19,1980,32.283694081995236
19,1981,32.283694081995236
19,1982,32.283694081995236
19,1983,32.283694081995236
19,1984,32.283694081995236
19,1985,32.283694081995236
19,1986,32.283694081995236
19,1987,32.283694081995236
19,1988,32.283694081995236
19,1989,32.283694081995236
19,1990,32.283694081995236
19,1991,32.283694081995236
19,1992,32.283694081995236
19,1993,32.283694081995236
19,1994,32.283694081995236
19,1995,32.283694081995236
19,1996,32.283694081995236
19,1997,32.283694081995236
19,1998,32.283694081995236
19,1999,32.283694081995236
19,2000,32.283694081995236
19,2001,32.283694081995236
19,2002,32.283694081995236
19,2003,21.679747618015426
19,2004,21.679747618015426
19,2005,21.679747618015426
19,2006,21.679747618015426
19,2007,21.679747618015426
19,2008,21.679747618015426
19,2009,21.679747618015426
19,2010,21.679747618015426
19,2011,21.679747618015426
19,2012,21.679747618015426
19,2013,21.679747618015426
19,2014,21.679747618015426
19,2015,21.679747618015426
19,2016,21.679747618015426
19,2017,21.679747618015426
19,2018,21.679747618015426
19,2019,21.679747618015426
19,2020,21.679747618015426
19,2021,21.679747618015426
19,2022,21.679747618015426
19,2023,21.679747618015426
19,2024,21.679747618015426
19,2025,21.679747618015426
19,2026,21.679747618015426
19,2027,21.679747618015426
19,2028,21.679747618015426
19,2029,21.679747618015426
19,2030,21.679747618015426
19,2031,21.679747618015426
19,2032,21.679747618015426
19,2033,21.679747618015426
19,2034,21.679747618015426
19,2035,21.679747618015426
19,2036,21.679747618015426
19,2037,21.679747618015426
19,2038,21.679747618015426
19,2039,21.679747618015426
19,2040,21.679747618015426
19,2041,21.679747618015426
19,2042,21.679747618015426
19,2043,21.679747618015426
19,2044,21.679747618015426
19,2045,21.679747618015426
19,2046,21.679747618015426
19,2047,21.679747618015426
19,2048,21.679747618015426
19,2049,21.679747618015426
19,2050,21.679747618015426
19,2051,21.679747618015426
19,2052,21.679747618015426
19,2053,21.679747618015426
20,2054,21.679747618015426
20,2055,21.679747618015426
20,2056,21.679747618015426
20,2057,21.679747618015426
20,2058,21.679747618015426
20,2059,21.679747618015426
20,2060,21.679747618015426
20,2061,21.679747618015426
20,2062,21.679747618015426
20,2063,21.679747618015426
20,2064,21.679747618015426
20,2065,21.679747618015426
20,2066,21.679747618015426
20,2067,21.679747618015426
20,2068,21.679747618015426
20,2069,21.679747618015426
20,2070,21.679747618015426
20,2071,21.679747618015426
20,2072,21.679747618015426
20,2073,21.679747618015426
20,2074,21.679747618015426
20,2075,21.679747618015426
20,2076,21.679747618015426
20,2077,21.679747618015426
20,2078,21.679747618015426
20,2079,21.679747618015426
20,2080,21.679747618015426
20,2081,21.679747618015426
20,2082,21.679747618015426
20,2083,21.679747618015426
20,2084,21.679747618015426
20,2085,21.679747618015426
20,2086,21.679747618015426
20,2087,21.679747618015426
20,2088,21.679747618015426
20,2089,21.679747618015426
20,2090,21.679747618015426
20,2091,21.679747618015426
20,2092,21.679747618015426
20,2093,21.679747618015426
20,2094,21.679747618015426
20,2095,21.679747618015426
20,2096,21.679747618015426
20,2097,21.679747618015426
20,2098,21.679747618015426
20,2099,21.679747618015426
20,2100,21.679747618015426
20,2101,21.679747618015426
20,2102,21.679747618015426
20,2103,21.679747618015426
20,2104,21.679747618015426
20,2105,12.66439604324978
20,2106,12.66439604324978
20,2107,12.66439604324978
20,2108,12.66439604324978
20,2109,12.66439604324978
20,2110,12.66439604324978
20,2111,12.66439604324978
20,2112,12.66439604324978
20,2113,12.66439604324978
20,2114,12.66439604324978
20,2115,12.66439604324978
20,2116,12.66439604324978
20,2117,12.66439604324978
20,2118,12.66439604324978
20,2119,12.66439604324978
20,2120,12.66439604324978
20,2121,12.66439604324978
20,2122,12.66439604324978
20,2123,12.66439604324978
20,2124,12.66439604324978
20,2125,12.66439604324978
20,2126,12.66439604324978
20,2127,12.66439604324978
20,2128,12.66439604324978
20,2129,12.66439604324978
20,2130,12.66439604324978
20,2131,12.66439604324978
20,2132,12.66439604324978
20,2133,12.66439604324978
20,2134,12.66439604324978
20,2135,12.66439604324978
20,2136,12.66439604324978
20,2137,12.66439604324978
20,2138,12.66439604324978
20,2139,12.66439604324978
20,2140,12.66439604324978
20,2141,12.66439604324978
20,2142,12.66439604324978
20,2143,12.66439604324978
20,2144,12.66439604324978
20,2145,12.66439604324978
20,2146,12.66439604324978
20,2147,12.66439604324978
20,2148,12.66439604324978
20,2149,12.66439604324978
20,2150,12.66439604324978
20,2151,12.66439604324978
20,2152,12.66439604324978
20,2153,12.66439604324978
20,2154,12.66439604324978
20,2155,12.66439604324978
21,2156,12.66439604324978
21,2157,12.66439604324978
21,2158,12.66439604324978
21,2159,12.66439604324978
21,2160,12.66439604324978
21,2161,12.66439604324978
21,2162,12.66439604324978
21,2163,12.66439604324978
21,2164,12.66439604324978
21,2165,12.66439604324978
21,2166,12.66439604324978
21,2167,12.66439604324978
21,2168,12.66439604324978
21,2169,12.66439604324978
21,2170,12.66439604324978
21,2171,12.66439604324978
21,2172,12.66439604324978
21,2173,12.66439604324978
21,2174,12.66439604324978
21,2175,12.66439604324978
21,2176,12.66439604324978
21,2177,12.66439604324978
21,2178,12.66439604324978
21,2179,12.66439604324978
21,2180,12.66439604324978
21,2181,12.66439604324978
21,2182,12.66439604324978
21,2183,12.66439604324978
21,2184,12.66439604324978
21,2185,12.66439604324978
21,2186,12.66439604324978
21,2187,12.66439604324978
21,2188,12.66439604324978
21,2189,12.66439604324978
21,2190,12.66439604324978
21,2191,12.66439604324978
21,2192,12.66439604324978
21,2193,12.66439604324978
21,2194,12.66439604324978
21,2195,12.66439604324978
21,2196,12.66439604324978
21,2197,12.66439604324978
21,2198,12.66439604324978
21,2199,12.66439604324978
21,2200,12.66439604324978
21,2201,12.66439604324978
21,2202,12.66439604324978
21,2203,12.66439604324978
21,2204,12.66439604324978
21,2205,12.66439604324978
21,2206,12.66439604324978
21,2207,12.66439604324978
21,2208,5.451297008567963
21,2209,5.451297008567963
21,2210,5.451297008567963
21,2211,5.451297008567963
21,2212,5.451297008567963
21,2213,5.451297008567963
21,2214,5.451297008567963
21,2215,5.451297008567963
21,2216,5.451297008567963
21,2217,5.451297008567963
21,2218,5.451297008567963
21,2219,5.451297008567963
21,2220,5.451297008567963
21,2221,5.451297008567963
21,2222,5.451297008567963
21,2223,5.451297008567963
21,2224,5.451297008567963
21,2225,5.451297008567963
21,2226,5.451297008567963
21,2227,5.451297008567963
21,2228,5.451297008567963
21,2229,5.451297008567963
21,2230,5.451297008567963
21,2231,5.451297008567963
21,2232,5.451297008567963
21,2233,5.451297008567963
21,2234,5.451297008567963
21,2235,5.451297008567963
21,2236,5.451297008567963
21,2237,5.451297008567963
21,2238,5.451297008567963
21,2239,5.451297008567963
21,2240,5.451297008567963
21,2241,5.451297008567963
21,2242,5.451297008567963
21,2243,5.451297008567963
21,2244,5.451297008567963
21,2245,5.451297008567963
21,2246,5.451297008567963
21,2247,5.451297008567963
21,2248,5.451297008567963
21,2249,5.451297008567963
21,2250,5.451297008567963
21,2251,5.451297008567963
21,2252,5.451297008567963
21,2253,5.451297008567963
21,2254,5.451297008567963
21,2255,5.451297008567963
21,2256,5.451297008567963
21,2257,5.451297008567963
21,2258,5.451297008567963
22,2259,5.451297008567963
22,2260,5.451297008567963
22,2261,5.451297008567963
22,2262,5.451297008567963
22,2263,5.451297008567963
22,2264,5.451297008567963
22,2265,5.451297008567963
22,2266,5.451297008567963
22,2267,5.451297008567963
22,2268,5.451297008567963
22,2269,5.451297008567963
22,2270,5.451297008567963
22,2271,5.451297008567963
22,2272,5.451297008567963
22,2273,5.451297008567963
22,2274,5.451297008567963
22,2275,5.451297008567963
22,2276,5.451297008567963
22,2277,5.451297008567963
22,2278,5.451297008567963
22,2279,5.451297008567963
22,2280,5.451297008567963
22,2281,5.451297008567963
22,2282,5.451297008567963
22,2283,5.451297008567963
22,2284,5.451297008567963
22,2285,5.451297008567963
22,2286,5.451297008567963
22,2287,5.451297008567963
22,2288,5.451297008567963
22,2289,5.451297008567963
22,2290,5.451297008567963
22,2291,5.451297008567963
22,2292,5.451297008567963
22,2293,5.451297008567963
22,2294,5.451297008567963
22,2295,5.451297008567963
22,2296,5.451297008567963
22,2297,5.451297008567963
22,2298,5.451297008567963
22,2299,5.451297008567963
22,2300,5.451297008567963
22,2301,5.451297008567963
22,2302,5.451297008567963
22,2303,5.451297008567963
22,2304,5.451297008567963
22,2305,5.451297008567963
22,2306,5.451297008567963
22,2307,5.451297008567963
22,2308,5.451297008567963
22,2309,5.451297008567963
22,2310,5.451297008567963
22,2311,-0.09080125373930059
22,2312,-0.09080125373930059
22,2313,-0.09080125373930059
22,2314,-0.09080125373930059
22,2315,-0.09080125373930059
22,2316,-0.09080125373930059
22,2317,-0.09080125373930059
22,2318,-0.09080125373930059
22,2319,-0.09080125373930059
22,2320,-0.09080125373930059
22,2321,-0.09080125373930059
22,2322,-0.09080125373930059
22,2323,-0.09080125373930059
22,2324,-0.09080125373930059
22,2325,-0.09080125373930059
22,2326,-0.09080125373930059
22,2327,-0.09080125373930059
22,2328,-0.09080125373930059
22,2329,-0.09080125373930059
22,2330,-0.09080125373930059
22,2331,-0.09080125373930059
22,2332,-0.09080125373930059
22,2333,-0.09080125373930059
22,2334,-0.09080125373930059
22,2335,-0.09080125373930059
22,2336,-0.09080125373930059
22,2337,-0.09080125373930059
22,2338,-0.09080125373930059
22,2339,-0.09080125373930059
22,2340,-0.09080125373930059
22,2341,-0.09080125373930059
22,2342,-0.09080125373930059
22,2343,-0.09080125373930059
22,2344,-0.09080125373930059
22,2345,-0.09080125373930059
22,2346,-0.09080125373930059
22,2347,-0.09080125373930059
22,2348,-0.09080125373930059
22,2349,-0.09080125373930059
22,2350,-0.09080125373930059
22,2351,-0.09080125373930059
22,2352,-0.09080125373930059
22,2353,-0.09080125373930059
22,2354,-0.09080125373930059
22,2355,-0.09080125373930059
22,2356,-0.09080125373930059
22,2357,-0.09080125373930059
22,2358,-0.09080125373930059
22,2359,-0.09080125373930059
22,2360,-0.09080125373930059
22,2361,-0.09080125373930059
23,2362,-0.09080125373930059
23,2363,-0.09080125373930059
23,2364,-0.09080125373930059
23,2365,-0.09080125373930059
23,2366,-0.09080125373930059
23,2367,-0.09080125373930059
23,2368,-0.09080125373930059
23,2369,-0.09080125373930059
23,2370,-0.09080125373930059
23,2371,-0.09080125373930059
23,2372,-0.09080125373930059
23,2373,-0.09080125373930059
23,2374,-0.09080125373930059
23,2375,-0.09080125373930059
23,2376,-0.09080125373930059
23,2377,-0.09080125373930059
23,2378,-0.09080125373930059
23,2379,-0.09080125373930059
23,2380,-0.09080125373930059
23,2381,-0.09080125373930059
23,2382,-0.09080125373930059
23,2383,-0.09080125373930059
23,2384,-0.09080125373930059
23,2385,-0.09080125373930059
23,2386,-0.09080125373930059
23,2387,-0.09080125373930059
23,2388,-0.09080125373930059
23,2389,-0.09080125373930059
23,2390,-0.09080125373930059
23,2391,-0.09080125373930059
23,2392,-0.09080125373930059
23,2393,-0.09080125373930059
23,2394,-0.09080125373930059
23,2395,-0.09080125373930059
23,2396,-0.09080125373930059
23,2397,-0.09080125373930059
23,2398,-0.09080125373930059
23,2399,-0.09080125373930059
23,2400,-0.09080125373930059
23,2401,-0.09080125373930059
23,2402,-0.09080125373930059
23,2403,-0.09080125373930059
23,2404,-0.09080125373930059
23,2405,-0.09080125373930059
23,2406,-0.09080125373930059
23,2407,-0.09080125373930059
23,2408,-0.09080125373930059
23,2409,-0.09080125373930059
23,2410,-0.09080125373930059
23,2411,-0.09080125373930059
23,2412,-0.09080125373930059
23,2413,-3.9512451087075533
23,2414,-3.9512451087075533
23,2415,-3.9512451087075533
23,2416,-3.9512451087075533
23,2417,-3.9512451087075533
23,2418,-3.9512451087075533
23,2419,-3.9512451087075533
23,2420,-3.9512451087075533
23,2421,-3.9512451087075533
23,2422,-3.9512451087075533
23,2423,-3.9512451087075533
23,2424,-3.9512451087075533
23,2425,-3.9512451087075533
23,2426,-3.9512451087075533
23,2427,-3.9512451087075533
23,2428,-3.9512451087075533
23,2429,-3.9512451087075533
23,2430,-3.9512451087075533
23,2431,-3.9512451087075533
23,2432,-3.9512451087075533
23,2433,-3.9512451087075533
23,2434,-3.9512451087075533
23,2435,-3.9512451087075533
23,2436,-3.9512451087075533
23,2437,-3.9512451087075533
23,2438,-3.9512451087075533
23,2439,-3.9512451087075533
23,2440,-3.9512451087075533
23,2441,-3.9512451087075533
23,2442,-3.9512451087075533
23,2443,-3.9512451087075533
23,2444,-3.9512451087075533
23,2445,-3.9512451087075533
23,2446,-3.9512451087075533
23,2447,-3.9512451087075533
23,2448,-3.9512451087075533
23,2449,-3.9512451087075533
23,2450,-3.9512451087075533
23,2451,-3.9512451087075533
23,2452,-3.9512451087075533
23,2453,-3.9512451087075533
23,2454,-3.9512451087075533
23,2455,-3.9512451087075533
23,2456,-3.9512451087075533
23,2457,-3.9512451087075533
23,2458,-3.9512451087075533
23,2459,-3.9512451087075533
23,2460,-3.9512451087075533
23,2461,-3.9512451087075533
23,2462,-3.9512451087075533
23,2463,-3.9512451087075533
24,2464,-3.9512451087075533
24,2465,-3.9512451087075533
24,2466,-3.9512451087075533
24,2467,-3.9512451087075533
24,2468,-3.9512451087075533
24,2469,-3.9512451087075533
24,2470,-3.9512451087075533
24,2471,-3.9512451087075533
24,2472,-3.9512451087075533
24,2473,-3.9512451087075533
24,2474,-3.9512451087075533
24,2475,-3.9512451087075533
24,2476,-3.9512451087075533
24,2477,-3.9512451087075533
24,2478,-3.9512451087075533
24,2479,-3.9512451087075533
24,2480,-3.9512451087075533
24,2481,-3.9512451087075533
24,2482,-3.9512451087075533
24,2483,-3.9512451087075533
24,2484,-3.9512451087075533
24,2485,-3.9512451087075533
24,2486,-3.9512451087075533
24,2487,-3.9512451087075533
24,2488,-3.9512451087075533
24,2489,-3.9512451087075533
24,2490,-3.9512451087075533
24,2491,-3.9512451087075533
24,2492,-3.9512451087075533
24,2493,-3.9512451087075533
24,2494,-3.9512451087075533
24,2495,-3.9512451087075533
24,2496,-3.9512451087075533
24,2497,-3.9512451087075533
24,2498,-3.9512451087075533
24,2499,-3.9512451087075533
24,2500,-3.9512451087075533
24,2501,-3.9512451087075533
24,2502,-3.9512451087075533
24,2503,-3.9512451087075533
24,2504,-3.9512451087075533
24,2505,-3.9512451087075533
24,2506,-3.9512451087075533
24,2507,-3.9512451087075533
24,2508,-3.9512451087075533
24,2509,-3.9512451087075533
24,2510,-3.9512451087075533
24,2511,-3.9512451087075533
24,2512,-3.9512451087075533
24,2513,-3.9512451087075533
24,2514,-3.9512451087075533
24,2515,-3.9512451087075533
24,2516,-5.3268861211968215
24,2517,-5.3268861211968215
24,2518,-5.3268861211968215
24,2519,-5.3268861211968215
24,2520,-5.3268861211968215
24,2521,-5.3268861211968215
24,2522,-5.3268861211968215
24,2523,-5.3268861211968215
24,2524,-5.3268861211968215
24,2525,-5.3268861211968215
24,2526,-5.3268861211968215
24,2527,-5.3268861211968215
24,2528,-5.3268861211968215
24,2529,-5.3268861211968215
24,2530,-5.3268861211968215
24,2531,-5.3268861211968215
24,2532,-5.3268861211968215
24,2533,-5.3268861211968215
24,2534,-5.3268861211968215
24,2535,-5.3268861211968215
24,2536,-5.3268861211968215
24,2537,-5.3268861211968215
24,2538,-5.3268861211968215
24,2539,-5.3268861211968215
24,2540,-5.3268861211968215
24,2541,-5.3268861211968215
24,2542,-5.3268861211968215
24,2543,-5.3268861211968215
24,2544,-5.3268861211968215
24,2545,-5.3268861211968215
24,2546,-5.3268861211968215
24,2547,-5.3268861211968215
24,2548,-5.3268861211968215
24,2549,-5.3268861211968215
24,2550,-5.3268861211968215
24,2551,-5.3268861211968215
24,2552,-5.3268861211968215
24,2553,-5.3268861211968215
24,2554,-5.3268861211968215
24,2555,-5.3268861211968215
24,2556,-5.3268861211968215
24,2557,-5.3268861211968215
24,2558,-5.3268861211968215
24,2559,-5.3268861211968215
24,2560,-5.3268861211968215
24,2561,-5.3268861211968215
24,2562,-5.3268861211968215
24,2563,-5.3268861211968215
24,2564,-5.3268861211968215
24,2565,-5.3268861211968215
24,2566,-5.3268861211968215
25,2567,-5.3268861211968215
25,2568,-5.3268861211968215
25,2569,-5.3268861211968215
25,2570,-5.3268861211968215
25,2571,-5.3268861211968215
25,2572,-5.3268861211968215
25,2573,-5.3268861211968215
25,2574,-5.3268861211968215
25,2575,-5.3268861211968215
25,2576,-5.3268861211968215
25,2577,-5.3268861211968215
25,2578,-5.3268861211968215
25,2579,-5.3268861211968215
25,2580,-5.3268861211968215
25,2581,-5.3268861211968215
25,2582,-5.3268861211968215
25,2583,-5.3268861211968215
25,2584,-5.3268861211968215
25,2585,-5.3268861211968215
25,2586,-5.3268861211968215
25,2587,-5.3268861211968215
25,2588,-5.3268861211968215
25,2589,-5.3268861211968215
25,2590,-5.3268861211968215
25,2591,-5.3268861211968215
25,2592,-5.3268861211968215
25,2593,-5.3268861211968215
25,2594,-5.3268861211968215
25,2595,-5.3268861211968215
25,2596,-5.3268861211968215
25,2597,-5.3268861211968215
25,2598,-5.3268861211968215
25,2599,-5.3268861211968215
25,2600,-5.3268861211968215
25,2601,-5.3268861211968215
25,2602,-5.3268861211968215
25,2603,-5.3268861211968215
25,2604,-5.3268861211968215
25,2605,-5.3268861211968215
25,2606,-5.3268861211968215
25,2607,-5.3268861211968215
25,2608,-5.3268861211968215
25,2609,-5.3268861211968215
25,2610,-5.3268861211968215
25,2611,-5.3268861211968215
25,2612,-5.3268861211968215
25,2613,-5.3268861211968215
25,2614,-5.3268861211968215
25,2615,-5.3268861211968215
25,2616,-5.3268861211968215
25,2617,-5.3268861211968215
25,2618,-5.3268861211968215
25,2619,-4.2755975991735795
25,2620,-4.2755975991735795
25,2621,-4.2755975991735795
25,2622,-4.2755975991735795
25,2623,-4.2755975991735795
25,2624,-4.2755975991735795
25,2625,-4.2755975991735795
25,2626,-4.2755975991735795
25,2627,-4.2755975991735795
25,2628,-4.2755975991735795
25,2629,-4.2755975991735795
25,2630,-4.2755975991735795
25,2631,-4.2755975991735795
25,2632,-4.2755975991735795
25,2633,-4.2755975991735795
25,2634,-4.2755975991735795
25,2635,-4.2755975991735795
25,2636,-4.2755975991735795
25,2637,-4.2755975991735795
25,2638,-4.2755975991735795
25,2639,-4.2755975991735795
25,2640,-4.2755975991735795
25,2641,-4.2755975991735795
25,2642,-4.2755975991735795
25,2643,-4.2755975991735795
25,2644,-4.2755975991735795
25,2645,-4.2755975991735795
25,2646,-4.2755975991735795
25,2647,-4.2755975991735795
25,2648,-4.2755975991735795
25,2649,-4.2755975991735795
25,2650,-4.2755975991735795
25,2651,-4.2755975991735795
25,2652,-4.2755975991735795
25,2653,-4.2755975991735795
25,2654,-4.2755975991735795
25,2655,-4.2755975991735795
25,2656,-4.2755975991735795
25,2657,-4.2755975991735795
25,2658,-4.2755975991735795
25,2659,-4.2755975991735795
25,2660,-4.2755975991735795
25,2661,-4.2755975991735795
25,2662,-4.2755975991735795
25,2663,-4.2755975991735795
25,2664,-4.2755975991735795
25,2665,-4.2755975991735795
25,2666,-4.2755975991735795
25,2667,-4.2755975991735795
25,2668,-4.2755975991735795
25,2669,-4.2755975991735795
26,2670,-4.2755975991735795
26,2671,-4.2755975991735795
26,2672,-4.2755975991735795
26,2673,-4.2755975991735795
26,2674,-4.2755975991735795
26,2675,-4.2755975991735795
26,2676,-4.2755975991735795
26,2677,-4.2755975991735795
26,2678,-4.2755975991735795
26,2679,-4.2755975991735795
26,2680,-4.2755975991735795
26,2681,-4.2755975991735795
26,2682,-4.2755975991735795
26,2683,-4.2755975991735795
26,2684,-4.2755975991735795
26,2685,-4.2755975991735795
26,2686,-4.2755975991735795
26,2687,-4.2755975991735795
26,2688,-4.2755975991735795
26,2689,-4.2755975991735795
26,2690,-4.2755975991735795
26,2691,-4.2755975991735795
26,2692,-4.2755975991735795
26,2693,-4.2755975991735795
26,2694,-4.2755975991735795
26,2695,-4.2755975991735795
26,2696,-4.2755975991735795
26,2697,-4.2755975991735795
26,2698,-4.2755975991735795
26,2699,-4.2755975991735795
26,2700,-4.2755975991735795
26,2701,-4.2755975991735795
26,2702,-4.2755975991735795
26,2703,-4.2755975991735795
26,2704,-4.2755975991735795
26,2705,-4.2755975991735795
26,2706,-4.2755975991735795
26,2707,-4.2755975991735795
26,2708,-4.2755975991735795
26,2709,-4.2755975991735795
26,2710,-4.2755975991735795
26,2711,-4.2755975991735795
26,2712,-4.2755975991735795
26,2713,-4.2755975991735795
26,2714,-4.2755975991735795
26,2715,-4.2755975991735795
26,2716,-4.2755975991735795
26,2717,-4.2755975991735795
26,2718,-4.2755975991735795
26,2719,-4.2755975991735795
26,2720,-4.2755975991735795
26,2721,-1.751626731605029
26,2722,-1.751626731605029
26,2723,-1.751626731605029
26,2724,-1.751626731605029
26,2725,-1.751626731605029
26,2726,-1.751626731605029
26,2727,-1.751626731605029
26,2728,-1.751626731605029
26,2729,-1.751626731605029
26,2730,-1.751626731605029
26,2731,-1.751626731605029
26,2732,-1.751626731605029
26,2733,-1.751626731605029
26,2734,-1.751626731605029
26,2735,-1.751626731605029
26,2736,-1.751626731605029
26,2737,-1.751626731605029
26,2738,-1.751626731605029
26,2739,-1.751626731605029
26,2740,-1.751626731605029
26,2741,-1.751626731605029
26,2742,-1.751626731605029
26,2743,-1.751626731605029
26,2744,-1.751626731605029
26,2745,-1.751626731605029
26,2746,-1.751626731605029
26,2747,-1.751626731605029
26,2748,-1.751626731605029
26,2749,-1.751626731605029
26,2750,-1.751626731605029
26,2751,-1.751626731605029
26,2752,-1.751626731605029
26,2753,-1.751626731605029
26,2754,-1.751626731605029
26,2755,-1.751626731605029
26,2756,-1.751626731605029
26,2757,-1.751626731605029
26,2758,-1.751626731605029
26,2759,-1.751626731605029
26,2760,-1.751626731605029
26,2761,-1.751626731605029
26,2762,-1.751626731605029
26,2763,-1.751626731605029
26,2764,-1.751626731605029
26,2765,-1.751626731605029
26,2766,-1.751626731605029
26,2767,-1.751626731605029
26,2768,-1.751626731605029
26,2769,-1.751626731605029
26,2770,-1.751626731605029
26,2771,-1.751626731605029
27,2772,-1.751626731605029
27,2773,-1.751626731605029
27,2774,-1.751626731605029
27,2775,-1.751626731605029
27,2776,-1.751626731605029
27,2777,-1.751626731605029
27,2778,-1.751626731605029
27,2779,-1.751626731605029
27,2780,-1.751626731605029
27,2781,-1.751626731605029
27,2782,-1.751626731605029
27,2783,-1.751626731605029
27,2784,-1.751626731605029
27,2785,-1.751626731605029
27,2786,-1.751626731605029
27,2787,-1.751626731605029
27,2788,-1.751626731605029
27,2789,-1.751626731605029
27,2790,-1.751626731605029
27,2791,-1.751626731605029
27,2792,-1.751626731605029
27,2793,-1.751626731605029
27,2794,-1.751626731605029
27,2795,-1.751626731605029
27,2796,-1.751626731605029
27,2797,-1.751626731605029
27,2798,-1.751626731605029
27,2799,-1.751626731605029
27,2800,-1.751626731605029
27,2801,-1.751626731605029
27,2802,-1.751626731605029
27,2803,-1.751626731605029
27,2804,-1.751626731605029
27,2805,-1.751626731605029
27,2806,-1.751626731605029
27,2807,-1.751626731605029
27,2808,-1.751626731605029
27,2809,-1.751626731605029
27,2810,-1.751626731605029
27,2811,-1.751626731605029
27,2812,-1.751626731605029
27,2813,-1.751626731605029
27,2814,-1.751626731605029
27,2815,-1.751626731605029
27,2816,-1.751626731605029
27,2817,-1.751626731605029
27,2818,-1.751626731605029
27,2819,-1.751626731605029
27,2820,-1.751626731605029
27,2821,-1.751626731605029
27,2822,-1.751626731605029
27,2823,-1.751626731605029
27,2824,0.0
27,2825,0.0
27,2826,0.0
27,2827,0.0
27,2828,0.0
27,2829,0.0
27,2830,0.0
27,2831,0.0
27,2832,0.0
27,2833,0.0
27,2834,0.0
27,2835,0.0
27,2836,0.0
27,2837,0.0
27,2838,0.0
27,2839,0.0
27,2840,0.0
27,2841,0.0
27,2842,0.0
27,2843,0.0
27,2844,0.0
27,2845,0.0
27,2846,0.0
27,2847,0.0
27,2848,0.0
27,2849,0.0
27,2850,0.0
27,2851,0.0
27,2852,0.0
27,2853,0.0
27,2854,0.0
27,2855,0.0
27,2856,0.0
27,2857,0.0
27,2858,0.0
27,2859,0.0
27,2860,0.0
27,2861,0.0
27,2862,0.0
27,2863,0.0
27,2864,0.0
27,2865,0.0
27,2866,0.0
27,2867,0.0
27,2868,0.0
27,2869,0.0
27,2870,0.0
27,2871,0.0
27,2872,0.0
27,2873,0.0
