0,0,0
102.678571,-34.109421,0
102.678571,-32.40395,-65.271457
102.678571,-30.698478,-110.447094
102.678571,-28.993007,-141.082847
102.678571,-27.287536,-161.390438
102.678571,-25.582065,-174.51131
102.678571,-23.876594,-182.74635
102.678571,-22.171123,-187.746441
102.678571,-20.465652,-190.668578
102.678571,-18.760181,-192.301969
102.678571,-17.05471,-193.168263
102.678571,-15.349239,-193.599697
102.678571,-13.643768,-193.798695
102.678571,-11.938297,-193.882116
102.678571,-10.232826,-193.913063
102.678571,-8.527355,-193.922827
102.678571,-6.821884,-193.92529
102.678571,-5.116413,-193.925736
102.678571,-3.410942,-193.925784
102.678571,-1.705471,-193.925786
102.678571,0,-193.925786
102.678571,1.705471,-193.925786
102.678571,3.410942,-193.925784
102.678571,5.116413,-193.925736
102.678571,6.821884,-193.92529
102.678571,8.527355,-193.922827
102.678571,10.232826,-193.913063
102.678571,11.938297,-193.882116
102.678571,13.643768,-193.798695
102.678571,15.349239,-193.599697
102.678571,17.05471,-193.168263
102.678571,18.760181,-192.301969
102.678571,20.465652,-190.668578
102.678571,22.171123,-187.746441
102.678571,23.876594,-182.74635
102.678571,25.582065,-174.51131
102.678571,27.287536,-161.390438
102.678571,28.993007,-141.082847
102.678571,30.698478,-110.447094
102.678571,32.40395,-65.271457
102.678571,34.109421,0
205.357143,-65.783528,0
205.357143,-62.494351,-105.344651
205.357143,-59.205175,-178.255719
205.357143,-55.915999,-227.70019
205.357143,-52.626822,-260.475559
205.357143,-49.337646,-281.651947
205.357143,-46.048469,-294.942863
205.357143,-42.759293,-303.012743
205.357143,-39.470117,-307.728915
205.357143,-36.18094,-310.365122
205.357143,-32.891764,-311.763274
205.357143,-29.602587,-312.459586
205.357143,-26.313411,-312.780757
205.357143,-23.024235,-312.915395
205.357143,-19.735058,-312.965341
205.357143,-16.445882,-312.9811
205.357143,-13.156706,-312.985074
205.357143,-9.867529,-312.985795
205.357143,-6.578353,-312.985872
205.357143,-3.289176,-312.985876
205.357143,0,-312.985876
205.357143,3.289176,-312.985876
205.357143,6.578353,-312.985872
205.357143,9.867529,-312.985795
205.357143,13.156706,-312.985074
205.357143,16.445882,-312.9811
205.357143,19.735058,-312.965341
205.357143,23.024235,-312.915395
205.357143,26.313411,-312.780757
205.357143,29.602587,-312.459586
205.357143,32.891764,-311.763274
205.357143,36.18094,-310.365122
205.357143,39.470117,-307.728915
205.357143,42.759293,-303.012743
205.357143,46.048469,-294.942863
205.357143,49.337646,-281.651947
205.357143,52.626822,-260.475559
205.357143,55.915999,-227.70019
205.357143,59.205175,-178.255719
205.357143,62.494351,-105.344651
205.357143,65.783528,0
308.035714,-95.112518,0
308.035714,-90.356892,-114.543769
308.035714,-85.601266,-193.821723
308.035714,-80.84564,-247.583884
308.035714,-76.090015,-283.22133
308.035714,-71.334389,-306.246925
308.035714,-66.578763,-320.698457
308.035714,-61.823137,-329.473031
308.035714,-57.067511,-334.601038
308.035714,-52.311885,-337.467449
308.035714,-47.556259,-338.987694
308.035714,-42.800633,-339.74481
308.035714,-38.045007,-340.094028
308.035714,-33.289381,-340.240423
308.035714,-28.533755,-340.29473
308.035714,-23.77813,-340.311865
308.035714,-19.022504,-340.316187
308.035714,-14.266878,-340.316971
308.035714,-9.511252,-340.317054
308.035714,-4.755626,-340.317058
308.035714,0,-340.317058
308.035714,4.755626,-340.317058
308.035714,9.511252,-340.317054
308.035714,14.266878,-340.316971
308.035714,19.022504,-340.316187
308.035714,23.77813,-340.311865
308.035714,28.533755,-340.29473
308.035714,33.289381,-340.240423
308.035714,38.045007,-340.094028
308.035714,42.800633,-339.74481
308.035714,47.556259,-338.987694
308.035714,52.311885,-337.467449
308.035714,57.067511,-334.601038
308.035714,61.823137,-329.473031
308.035714,66.578763,-320.698457
308.035714,71.334389,-306.246925
308.035714,76.090015,-283.22133
308.035714,80.84564,-247.583884
308.035714,85.601266,-193.821723
308.035714,90.356892,-114.543769
308.035714,95.112518,0
410.714286,-122.186589,0
410.714286,-116.077259,-117.439326
410.714286,-109.96793,-198.721352
410.714286,-103.858601,-253.842569
410.714286,-97.749271,-290.380896
410.714286,-91.639942,-313.988556
410.714286,-85.530612,-328.805409
410.714286,-79.421283,-337.801796
410.714286,-73.311953,-343.059434
410.714286,-67.202624,-345.998305
410.714286,-61.093294,-347.556981
410.714286,-54.983965,-348.333236
410.714286,-48.874636,-348.691281
410.714286,-42.765306,-348.841377
410.714286,-36.655977,-348.897057
410.714286,-30.546647,-348.914625
410.714286,-24.437318,-348.919056
410.714286,-18.327988,-348.91986
410.714286,-12.218659,-348.919946
410.714286,-6.109329,-348.919949
410.714286,0,-348.919949
410.714286,6.109329,-348.919949
410.714286,12.218659,-348.919946
410.714286,18.327988,-348.91986
410.714286,24.437318,-348.919056
410.714286,30.546647,-348.914625
410.714286,36.655977,-348.897057
410.714286,42.765306,-348.841377
410.714286,48.874636,-348.691281
410.714286,54.983965,-348.333236
410.714286,61.093294,-347.556981
410.714286,67.202624,-345.998305
410.714286,73.311953,-343.059434
410.714286,79.421283,-337.801796
410.714286,85.530612,-328.805409
410.714286,91.639942,-313.988556
410.714286,97.749271,-290.380896
410.714286,103.858601,-253.842569
410.714286,109.96793,-198.721352
410.714286,116.077259,-117.439326
410.714286,122.186589,0
513.392857,-147.095937,0
513.392857,-139.74114,-118.308193
513.392857,-132.386343,-200.191579
513.392857,-125.031546,-255.720607
513.392857,-117.676749,-292.52926
513.392857,-110.321952,-316.31158
513.392857,-102.967156,-331.238054
513.392857,-95.612359,-340.301
513.392857,-88.257562,-345.597537
513.392857,-80.902765,-348.558151
513.392857,-73.547968,-350.128358
513.392857,-66.193171,-350.910356
513.392857,-58.838375,-351.271051
513.392857,-51.483578,-351.422257
513.392857,-44.128781,-351.478348
513.392857,-36.773984,-351.496047
513.392857,-29.419187,-351.500511
513.392857,-22.06439,-351.50132
513.392857,-14.709594,-351.501407
513.392857,-7.354797,-351.50141
513.392857,0,-351.50141
513.392857,7.354797,-351.50141
513.392857,14.709594,-351.501407
513.392857,22.06439,-351.50132
513.392857,29.419187,-351.500511
513.392857,36.773984,-351.496047
513.392857,44.128781,-351.478348
513.392857,51.483578,-351.422257
513.392857,58.838375,-351.271051
513.392857,66.193171,-350.910356
513.392857,73.547968,-350.128358
513.392857,80.902765,-348.558151
513.392857,88.257562,-345.597537
513.392857,95.612359,-340.301
513.392857,102.967156,-331.238054
513.392857,110.321952,-316.31158
513.392857,117.676749,-292.52926
513.392857,125.031546,-255.720607
513.392857,132.386343,-200.191579
513.392857,139.74114,-118.308193
513.392857,147.095937,0
616.071429,-169.930758,0
616.071429,-161.43422,-118.555721
616.071429,-152.937682,-200.610426
616.071429,-144.441144,-256.255633
616.071429,-135.944606,-293.141298
616.071429,-127.448069,-316.973376
616.071429,-118.951531,-331.93108
616.071429,-110.454993,-341.012988
616.071429,-101.958455,-346.320606
616.071429,-93.461917,-349.287415
616.071429,-84.965379,-350.860907
616.071429,-76.468841,-351.644542
616.071429,-67.972303,-352.005991
616.071429,-59.475765,-352.157513
616.071429,-50.979227,-352.213722
616.071429,-42.48269,-352.231458
616.071429,-33.986152,-352.235931
616.071429,-25.489614,-352.236742
616.071429,-16.993076,-352.236829
616.071429,-8.496538,-352.236832
616.071429,0,-352.236832
616.071429,8.496538,-352.236832
616.071429,16.993076,-352.236829
616.071429,25.489614,-352.236742
616.071429,33.986152,-352.235931
616.071429,42.48269,-352.231458
616.071429,50.979227,-352.213722
616.071429,59.475765,-352.157513
616.071429,67.972303,-352.005991
616.071429,76.468841,-351.644542
616.071429,84.965379,-350.860907
616.071429,93.461917,-349.287415
616.071429,101.958455,-346.320606
616.071429,110.454993,-341.012988
616.071429,118.951531,-331.93108
616.071429,127.448069,-316.973376
616.071429,135.944606,-293.141298
616.071429,144.441144,-256.255633
616.071429,152.937682,-200.610426
616.071429,161.43422,-118.555721
616.071429,169.930758,0
718.75,-190.78125,0
718.75,-181.242188,-118.622359
718.75,-171.703125,-200.723185
718.75,-162.164063,-256.399669
718.75,-152.625,-293.306067
718.75,-143.085938,-317.151541
718.75,-133.546875,-332.117652
718.75,-124.007813,-341.204665
718.75,-114.46875,-346.515266
718.75,-104.929688,-349.483742
718.75,-95.390625,-351.058119
718.75,-85.851563,-351.842194
718.75,-76.3125,-352.203846
718.75,-66.773438,-352.355454
718.75,-57.234375,-352.411694
718.75,-47.695312,-352.42944
718.75,-38.15625,-352.433915
718.75,-28.617187,-352.434727
718.75,-19.078125,-352.434814
718.75,-9.539062,-352.434818
718.75,0,-352.434818
718.75,9.539062,-352.434818
718.75,19.078125,-352.434814
718.75,28.617187,-352.434727
718.75,38.15625,-352.433915
718.75,47.695312,-352.42944
718.75,57.234375,-352.411694
718.75,66.773438,-352.355454
718.75,76.3125,-352.203846
718.75,85.851563,-351.842194
718.75,95.390625,-351.058119
718.75,104.929688,-349.483742
718.75,114.46875,-346.515266
718.75,124.007813,-341.204665
718.75,133.546875,-332.117652
718.75,143.085938,-317.151541
718.75,152.625,-293.306067
718.75,162.164063,-256.399669
718.75,171.703125,-200.723185
718.75,181.242188,-118.622359
718.75,190.78125,0
821.428571,-209.737609,0
821.428571,-199.250729,-118.639222
821.428571,-188.763848,-200.751719
821.428571,-178.276968,-256.436118
821.428571,-167.790087,-293.347762
821.428571,-157.303207,-317.196626
821.428571,-146.816327,-332.164864
821.428571,-136.329446,-341.253169
821.428571,-125.842566,-346.564525
821.428571,-115.355685,-349.533423
821.428571,-104.868805,-351.108024
821.428571,-94.381924,-351.89221
821.428571,-83.895044,-352.253914
821.428571,-73.408163,-352.405543
821.428571,-62.921283,-352.461792
821.428571,-52.434402,-352.47954
821.428571,-41.947522,-352.484016
821.428571,-31.460641,-352.484828
821.428571,-20.973761,-352.484915
821.428571,-10.48688,-352.484918
821.428571,0,-352.484918
821.428571,10.48688,-352.484918
821.428571,20.973761,-352.484915
821.428571,31.460641,-352.484828
821.428571,41.947522,-352.484016
821.428571,52.434402,-352.47954
821.428571,62.921283,-352.461792
821.428571,73.408163,-352.405543
821.428571,83.895044,-352.253914
821.428571,94.381924,-351.89221
821.428571,104.868805,-351.108024
821.428571,115.355685,-349.533423
821.428571,125.842566,-346.564525
821.428571,136.329446,-341.253169
821.428571,146.816327,-332.164864
821.428571,157.303207,-317.196626
821.428571,167.790087,-293.347762
821.428571,178.276968,-256.436118
821.428571,188.763848,-200.751719
821.428571,199.250729,-118.639222
821.428571,209.737609,0
924.107143,-226.890033,0
924.107143,-215.545531,-118.643208
924.107143,-204.20103,-200.758465
924.107143,-192.856528,-256.444735
924.107143,-181.512026,-293.35762
924.107143,-170.167525,-317.207284
924.107143,-158.823023,-332.176026
924.107143,-147.478521,-341.264636
924.107143,-136.13402,-346.576171
924.107143,-124.789518,-349.545169
924.107143,-113.445016,-351.119822
924.107143,-102.100515,-351.904035
924.107143,-90.756013,-352.265751
924.107143,-79.411511,-352.417385
924.107143,-68.06701,-352.473636
924.107143,-56.722508,-352.491384
924.107143,-45.378007,-352.49586
924.107143,-34.033505,-352.496673
924.107143,-22.689003,-352.496759
924.107143,-11.344502,-352.496763
924.107143,0,-352.496763
924.107143,11.344502,-352.496763
924.107143,22.689003,-352.496759
924.107143,34.033505,-352.496673
924.107143,45.378007,-352.49586
924.107143,56.722508,-352.491384
924.107143,68.06701,-352.473636
924.107143,79.411511,-352.417385
924.107143,90.756013,-352.265751
924.107143,102.100515,-351.904035
924.107143,113.445016,-351.119822
924.107143,124.789518,-349.545169
924.107143,136.13402,-346.576171
924.107143,147.478521,-341.264636
924.107143,158.823023,-332.176026
924.107143,170.167525,-317.207284
924.107143,181.512026,-293.35762
924.107143,192.856528,-256.444735
924.107143,204.20103,-200.758465
924.107143,215.545531,-118.643208
924.107143,226.890033,0
1026.785714,-242.328717,0
1026.785714,-230.212281,-118.644083
1026.785714,-218.095845,-200.759944
1026.785714,-205.97941,-256.446625
1026.785714,-193.862974,-293.359782
1026.785714,-181.746538,-317.209622
1026.785714,-169.630102,-332.178474
1026.785714,-157.513666,-341.267151
1026.785714,-145.39723,-346.578725
1026.785714,-133.280794,-349.547745
1026.785714,-121.164359,-351.12241
1026.785714,-109.047923,-351.906629
1026.785714,-96.931487,-352.268347
1026.785714,-84.815051,-352.419982
1026.785714,-72.698615,-352.476233
1026.785714,-60.582179,-352.493982
1026.785714,-48.465743,-352.498458
1026.785714,-36.349308,-352.49927
1026.785714,-24.232872,-352.499357
1026.785714,-12.116436,-352.499361
1026.785714,0,-352.499361
1026.785714,12.116436,-352.499361
1026.785714,24.232872,-352.499357
1026.785714,36.349308,-352.49927
1026.785714,48.465743,-352.498458
1026.785714,60.582179,-352.493982
1026.785714,72.698615,-352.476233
1026.785714,84.815051,-352.419982
1026.785714,96.931487,-352.268347
1026.785714,109.047923,-351.906629
1026.785714,121.164359,-351.12241
1026.785714,133.280794,-349.547745
1026.785714,145.39723,-346.578725
1026.785714,157.513666,-341.267151
1026.785714,169.630102,-332.178474
1026.785714,181.746538,-317.209622
1026.785714,193.862974,-293.359782
1026.785714,205.97941,-256.446625
1026.785714,218.095845,-200.759944
1026.785714,230.212281,-118.644083
1026.785714,242.328717,0
1129.464286,-256.143859,0
1129.464286,-243.336666,-118.644259
1129.464286,-230.529473,-200.760243
1129.464286,-217.72228,-256.447006
1129.464286,-204.915087,-293.360218
1129.464286,-192.107894,-317.210094
1129.464286,-179.300702,-332.178968
1129.464286,-166.493509,-341.267659
1129.464286,-153.686316,-346.57924
1129.464286,-140.879123,-349.548265
1129.464286,-128.07193,-351.122932
1129.464286,-115.264737,-351.907152
1129.464286,-102.457544,-352.268871
1129.464286,-89.650351,-352.420506
1129.464286,-76.843158,-352.476757
1129.464286,-64.035965,-352.494506
1129.464286,-51.228772,-352.498983
1129.464286,-38.421579,-352.499795
1129.464286,-25.614386,-352.499881
1129.464286,-12.807193,-352.499885
1129.464286,0,-352.499885
1129.464286,12.807193,-352.499885
1129.464286,25.614386,-352.499881
1129.464286,38.421579,-352.499795
1129.464286,51.228772,-352.498983
1129.464286,64.035965,-352.494506
1129.464286,76.843158,-352.476757
1129.464286,89.650351,-352.420506
1129.464286,102.457544,-352.268871
1129.464286,115.264737,-351.907152
1129.464286,128.07193,-351.122932
1129.464286,140.879123,-349.548265
1129.464286,153.686316,-346.57924
1129.464286,166.493509,-341.267659
1129.464286,179.300702,-332.178968
1129.464286,192.107894,-317.210094
1129.464286,204.915087,-293.360218
1129.464286,217.72228,-256.447006
1129.464286,230.529473,-200.760243
1129.464286,243.336666,-118.644259
1129.464286,256.143859,0
1232.142857,-268.425656,0
1232.142857,-255.004373,-118.644292
1232.142857,-241.58309,-200.760298
1232.142857,-228.161808,-256.447076
1232.142857,-214.740525,-293.360298
1232.142857,-201.319242,-317.210181
1232.142857,-187.897959,-332.179059
1232.142857,-174.476676,-341.267752
1232.142857,-161.055394,-346.579335
1232.142857,-147.634111,-349.54836
1232.142857,-134.212828,-351.123028
1232.142857,-120.791545,-351.907248
1232.142857,-107.370262,-352.268967
1232.142857,-93.94898,-352.420603
1232.142857,-80.527697,-352.476854
1232.142857,-67.106414,-352.494603
1232.142857,-53.685131,-352.499079
1232.142857,-40.263848,-352.499891
1232.142857,-26.842566,-352.499978
1232.142857,-13.421283,-352.499981
1232.142857,0,-352.499981
1232.142857,13.421283,-352.499981
1232.142857,26.842566,-352.499978
1232.142857,40.263848,-352.499891
1232.142857,53.685131,-352.499079
1232.142857,67.106414,-352.494603
1232.142857,80.527697,-352.476854
1232.142857,93.94898,-352.420603
1232.142857,107.370262,-352.268967
1232.142857,120.791545,-351.907248
1232.142857,134.212828,-351.123028
1232.142857,147.634111,-349.54836
1232.142857,161.055394,-346.579335
1232.142857,174.476676,-341.267752
1232.142857,187.897959,-332.179059
1232.142857,201.319242,-317.210181
1232.142857,214.740525,-293.360298
1232.142857,228.161808,-256.447076
1232.142857,241.58309,-200.760298
1232.142857,255.004373,-118.644292
1232.142857,268.425656,0
1334.821429,-279.264304,0
1334.821429,-265.301089,-118.644297
1334.821429,-251.337874,-200.760307
1334.821429,-237.374658,-256.447088
1334.821429,-223.411443,-293.360311
1334.821429,-209.448228,-317.210195
1334.821429,-195.485013,-332.179074
1334.821429,-181.521798,-341.267768
1334.821429,-167.558582,-346.579351
1334.821429,-153.595367,-349.548376
1334.821429,-139.632152,-351.123044
1334.821429,-125.668937,-351.907264
1334.821429,-111.705722,-352.268983
1334.821429,-97.742506,-352.420619
1334.821429,-83.779291,-352.47687
1334.821429,-69.816076,-352.494619
1334.821429,-55.852861,-352.499095
1334.821429,-41.889646,-352.499907
1334.821429,-27.92643,-352.499994
1334.821429,-13.963215,-352.499997
1334.821429,0,-352.499997
1334.821429,13.963215,-352.499997
1334.821429,27.92643,-352.499994
1334.821429,41.889646,-352.499907
1334.821429,55.852861,-352.499095
1334.821429,69.816076,-352.494619
1334.821429,83.779291,-352.47687
1334.821429,97.742506,-352.420619
1334.821429,111.705722,-352.268983
1334.821429,125.668937,-351.907264
1334.821429,139.632152,-351.123044
1334.821429,153.595367,-349.548376
1334.821429,167.558582,-346.579351
1334.821429,181.521798,-341.267768
1334.821429,195.485013,-332.179074
1334.821429,209.448228,-317.210195
1334.821429,223.411443,-293.360311
1334.821429,237.374658,-256.447088
1334.821429,251.337874,-200.760307
1334.821429,265.301089,-118.644297
1334.821429,279.264304,0
1437.5,-288.75,0
1437.5,-274.3125,-118.644298
1437.5,-259.875,-200.760308
1437.5,-245.4375,-256.44709
1437.5,-231,-293.360313
1437.5,-216.5625,-317.210197
1437.5,-202.125,-332.179076
1437.5,-187.6875,-341.26777
1437.5,-173.25,-346.579353
1437.5,-158.8125,-349.548378
1437.5,-144.375,-351.123047
1437.5,-129.9375,-351.907266
1437.5,-115.5,-352.268985
1437.5,-101.0625,-352.420621
1437.5,-86.625,-352.476872
1437.5,-72.1875,-352.494621
1437.5,-57.75,-352.499097
1437.5,-43.3125,-352.499909
1437.5,-28.875,-352.499996
1437.5,-14.4375,-352.5
1437.5,0,-352.5
1437.5,14.4375,-352.5
1437.5,28.875,-352.499996
1437.5,43.3125,-352.499909
1437.5,57.75,-352.499097
1437.5,72.1875,-352.494621
1437.5,86.625,-352.476872
1437.5,101.0625,-352.420621
1437.5,115.5,-352.268985
1437.5,129.9375,-351.907266
1437.5,144.375,-351.123047
1437.5,158.8125,-349.548378
1437.5,173.25,-346.579353
1437.5,187.6875,-341.26777
1437.5,202.125,-332.179076
1437.5,216.5625,-317.210197
1437.5,231,-293.360313
1437.5,245.4375,-256.44709
1437.5,259.875,-200.760308
1437.5,274.3125,-118.644298
1437.5,288.75,0
1540.178571,-296.972941,0
1540.178571,-282.124294,-118.644298
1540.178571,-267.275647,-200.760308
1540.178571,-252.427,-256.44709
1540.178571,-237.578353,-293.360314
1540.178571,-222.729706,-317.210197
1540.178571,-207.881059,-332.179076
1540.178571,-193.032412,-341.26777
1540.178571,-178.183765,-346.579354
1540.178571,-163.335118,-349.548379
1540.178571,-148.48647,-351.123047
1540.178571,-133.637823,-351.907267
1540.178571,-118.789176,-352.268986
1540.178571,-103.940529,-352.420621
1540.178571,-89.091882,-352.476872
1540.178571,-74.243235,-352.494621
1540.178571,-59.394588,-352.499098
1540.178571,-44.545941,-352.49991
1540.178571,-29.697294,-352.499996
1540.178571,-14.848647,-352.5
1540.178571,0,-352.5
1540.178571,14.848647,-352.5
1540.178571,29.697294,-352.499996
1540.178571,44.545941,-352.49991
1540.178571,59.394588,-352.499098
1540.178571,74.243235,-352.494621
1540.178571,89.091882,-352.476872
1540.178571,103.940529,-352.420621
1540.178571,118.789176,-352.268986
1540.178571,133.637823,-351.907267
1540.178571,148.48647,-351.123047
1540.178571,163.335118,-349.548379
1540.178571,178.183765,-346.579354
1540.178571,193.032412,-341.26777
1540.178571,207.881059,-332.179076
1540.178571,222.729706,-317.210197
1540.178571,237.578353,-293.360314
1540.178571,252.427,-256.44709
1540.178571,267.275647,-200.760308
1540.178571,282.124294,-118.644298
1540.178571,296.972941,0
1642.857143,-304.023324,0
1642.857143,-288.822157,-118.644298
1642.857143,-273.620991,-200.760308
1642.857143,-258.419825,-256.44709
1642.857143,-243.218659,-293.360314
1642.857143,-228.017493,-317.210197
1642.857143,-212.816327,-332.179076
1642.857143,-197.61516,-341.26777
1642.857143,-182.413994,-346.579354
1642.857143,-167.212828,-349.548379
1642.857143,-152.011662,-351.123047
1642.857143,-136.810496,-351.907267
1642.857143,-121.609329,-352.268986
1642.857143,-106.408163,-352.420621
1642.857143,-91.206997,-352.476872
1642.857143,-76.005831,-352.494621
1642.857143,-60.804665,-352.499098
1642.857143,-45.603499,-352.49991
1642.857143,-30.402332,-352.499996
1642.857143,-15.201166,-352.5
1642.857143,0,-352.5
1642.857143,15.201166,-352.5
1642.857143,30.402332,-352.499996
1642.857143,45.603499,-352.49991
1642.857143,60.804665,-352.499098
1642.857143,76.005831,-352.494621
1642.857143,91.206997,-352.476872
1642.857143,106.408163,-352.420621
1642.857143,121.609329,-352.268986
1642.857143,136.810496,-351.907267
1642.857143,152.011662,-351.123047
1642.857143,167.212828,-349.548379
1642.857143,182.413994,-346.579354
1642.857143,197.61516,-341.26777
1642.857143,212.816327,-332.179076
1642.857143,228.017493,-317.210197
1642.857143,243.218659,-293.360314
1642.857143,258.419825,-256.44709
1642.857143,273.620991,-200.760308
1642.857143,288.822157,-118.644298
1642.857143,304.023324,0
1745.535714,-309.991345,0
1745.535714,-294.491778,-118.644298
1745.535714,-278.99221,-200.760308
1745.535714,-263.492643,-256.44709
1745.535714,-247.993076,-293.360314
1745.535714,-232.493509,-317.210197
1745.535714,-216.993941,-332.179076
1745.535714,-201.494374,-341.26777
1745.535714,-185.994807,-346.579354
1745.535714,-170.49524,-349.548379
1745.535714,-154.995672,-351.123047
1745.535714,-139.496105,-351.907267
1745.535714,-123.996538,-352.268986
1745.535714,-108.496971,-352.420621
1745.535714,-92.997403,-352.476872
1745.535714,-77.497836,-352.494621
1745.535714,-61.998269,-352.499098
1745.535714,-46.498702,-352.49991
1745.535714,-30.999134,-352.499996
1745.535714,-15.499567,-352.5
1745.535714,0,-352.5
1745.535714,15.499567,-352.5
1745.535714,30.999134,-352.499996
1745.535714,46.498702,-352.49991
1745.535714,61.998269,-352.499098
1745.535714,77.497836,-352.494621
1745.535714,92.997403,-352.476872
1745.535714,108.496971,-352.420621
1745.535714,123.996538,-352.268986
1745.535714,139.496105,-351.907267
1745.535714,154.995672,-351.123047
1745.535714,170.49524,-349.548379
1745.535714,185.994807,-346.579354
1745.535714,201.494374,-341.26777
1745.535714,216.993941,-332.179076
1745.535714,232.493509,-317.210197
1745.535714,247.993076,-293.360314
1745.535714,263.492643,-256.44709
1745.535714,278.99221,-200.760308
1745.535714,294.491778,-118.644298
1745.535714,309.991345,0
1848.214286,-314.967201,0
1848.214286,-299.218841,-118.644298
1848.214286,-283.470481,-200.760308
1848.214286,-267.722121,-256.44709
1848.214286,-251.973761,-293.360314
1848.214286,-236.225401,-317.210197
1848.214286,-220.477041,-332.179076
1848.214286,-204.728681,-341.26777
1848.214286,-188.980321,-346.579354
1848.214286,-173.231961,-349.548379
1848.214286,-157.483601,-351.123047
1848.214286,-141.735241,-351.907267
1848.214286,-125.98688,-352.268986
1848.214286,-110.23852,-352.420621
1848.214286,-94.49016,-352.476872
1848.214286,-78.7418,-352.494621
1848.214286,-62.99344,-352.499098
1848.214286,-47.24508,-352.49991
1848.214286,-31.49672,-352.499996
1848.214286,-15.74836,-352.5
1848.214286,0,-352.5
1848.214286,15.74836,-352.5
1848.214286,31.49672,-352.499996
1848.214286,47.24508,-352.49991
1848.214286,62.99344,-352.499098
1848.214286,78.7418,-352.494621
1848.214286,94.49016,-352.476872
1848.214286,110.23852,-352.420621
1848.214286,125.98688,-352.268986
1848.214286,141.735241,-351.907267
1848.214286,157.483601,-351.123047
1848.214286,173.231961,-349.548379
1848.214286,188.980321,-346.579354
1848.214286,204.728681,-341.26777
1848.214286,220.477041,-332.179076
1848.214286,236.225401,-317.210197
1848.214286,251.973761,-293.360314
1848.214286,267.722121,-256.44709
1848.214286,283.470481,-200.760308
1848.214286,299.218841,-118.644298
1848.214286,314.967201,0
1950.892857,-319.04109,0
1950.892857,-303.089035,-118.644298
1950.892857,-287.136981,-200.760308
1950.892857,-271.184926,-256.44709
1950.892857,-255.232872,-293.360314
1950.892857,-239.280817,-317.210197
1950.892857,-223.328763,-332.179076
1950.892857,-207.376708,-341.26777
1950.892857,-191.424654,-346.579354
1950.892857,-175.472599,-349.548379
1950.892857,-159.520545,-351.123047
1950.892857,-143.56849,-351.907267
1950.892857,-127.616436,-352.268986
1950.892857,-111.664381,-352.420621
1950.892857,-95.712327,-352.476872
1950.892857,-79.760272,-352.494621
1950.892857,-63.808218,-352.499098
1950.892857,-47.856163,-352.49991
1950.892857,-31.904109,-352.499996
1950.892857,-15.952054,-352.5
1950.892857,0,-352.5
1950.892857,15.952054,-352.5
1950.892857,31.904109,-352.499996
1950.892857,47.856163,-352.49991
1950.892857,63.808218,-352.499098
1950.892857,79.760272,-352.494621
1950.892857,95.712327,-352.476872
1950.892857,111.664381,-352.420621
1950.892857,127.616436,-352.268986
1950.892857,143.56849,-351.907267
1950.892857,159.520545,-351.123047
1950.892857,175.472599,-349.548379
1950.892857,191.424654,-346.579354
1950.892857,207.376708,-341.26777
1950.892857,223.328763,-332.179076
1950.892857,239.280817,-317.210197
1950.892857,255.232872,-293.360314
1950.892857,271.184926,-256.44709
1950.892857,287.136981,-200.760308
1950.892857,303.089035,-118.644298
1950.892857,319.04109,0
2053.571429,-322.303207,0
2053.571429,-306.188047,-118.644298
2053.571429,-290.072886,-200.760308
2053.571429,-273.957726,-256.44709
2053.571429,-257.842566,-293.360314
2053.571429,-241.727405,-317.210197
2053.571429,-225.612245,-332.179076
2053.571429,-209.497085,-341.26777
2053.571429,-193.381924,-346.579354
2053.571429,-177.266764,-349.548379
2053.571429,-161.151603,-351.123047
2053.571429,-145.036443,-351.907267
2053.571429,-128.921283,-352.268986
2053.571429,-112.806122,-352.420621
2053.571429,-96.690962,-352.476872
2053.571429,-80.575802,-352.494621
2053.571429,-64.460641,-352.499098
2053.571429,-48.345481,-352.49991
2053.571429,-32.230321,-352.499996
2053.571429,-16.11516,-352.5
2053.571429,0,-352.5
2053.571429,16.11516,-352.5
2053.571429,32.230321,-352.499996
2053.571429,48.345481,-352.49991
2053.571429,64.460641,-352.499098
2053.571429,80.575802,-352.494621
2053.571429,96.690962,-352.476872
2053.571429,112.806122,-352.420621
2053.571429,128.921283,-352.268986
2053.571429,145.036443,-351.907267
2053.571429,161.151603,-351.123047
2053.571429,177.266764,-349.548379
2053.571429,193.381924,-346.579354
2053.571429,209.497085,-341.26777
2053.571429,225.612245,-332.179076
2053.571429,241.727405,-317.210197
2053.571429,257.842566,-293.360314
2053.571429,273.957726,-256.44709
2053.571429,290.072886,-200.760308
2053.571429,306.188047,-118.644298
2053.571429,322.303207,0
2156.25,-324.84375,0
2156.25,-308.601563,-118.644298
2156.25,-292.359375,-200.760308
2156.25,-276.117188,-256.44709
2156.25,-259.875,-293.360314
2156.25,-243.632813,-317.210197
2156.25,-227.390625,-332.179076
2156.25,-211.148438,-341.26777
2156.25,-194.90625,-346.579354
2156.25,-178.664063,-349.548379
2156.25,-162.421875,-351.123047
2156.25,-146.179688,-351.907267
2156.25,-129.9375,-352.268986
2156.25,-113.695312,-352.420621
2156.25,-97.453125,-352.476872
2156.25,-81.210937,-352.494621
2156.25,-64.96875,-352.499098
2156.25,-48.726562,-352.49991
2156.25,-32.484375,-352.499996
2156.25,-16.242187,-352.5
2156.25,0,-352.5
2156.25,16.242187,-352.5
2156.25,32.484375,-352.499996
2156.25,48.726562,-352.49991
2156.25,64.96875,-352.499098
2156.25,81.210937,-352.494621
2156.25,97.453125,-352.476872
2156.25,113.695312,-352.420621
2156.25,129.9375,-352.268986
2156.25,146.179688,-351.907267
2156.25,162.421875,-351.123047
2156.25,178.664063,-349.548379
2156.25,194.90625,-346.579354
2156.25,211.148438,-341.26777
2156.25,227.390625,-332.179076
2156.25,243.632813,-317.210197
2156.25,259.875,-293.360314
2156.25,276.117188,-256.44709
2156.25,292.359375,-200.760308
2156.25,308.601563,-118.644298
2156.25,324.84375,0
2258.928571,-326.752915,0
2258.928571,-310.41527,-118.644298
2258.928571,-294.077624,-200.760308
2258.928571,-277.739978,-256.44709
2258.928571,-261.402332,-293.360314
2258.928571,-245.064687,-317.210197
2258.928571,-228.727041,-332.179076
2258.928571,-212.389395,-341.26777
2258.928571,-196.051749,-346.579354
2258.928571,-179.714103,-349.548379
2258.928571,-163.376458,-351.123047
2258.928571,-147.038812,-351.907267
2258.928571,-130.701166,-352.268986
2258.928571,-114.36352,-352.420621
2258.928571,-98.025875,-352.476872
2258.928571,-81.688229,-352.494621
2258.928571,-65.350583,-352.499098
2258.928571,-49.012937,-352.49991
2258.928571,-32.675292,-352.499996
2258.928571,-16.337646,-352.5
2258.928571,0,-352.5
2258.928571,16.337646,-352.5
2258.928571,32.675292,-352.499996
2258.928571,49.012937,-352.49991
2258.928571,65.350583,-352.499098
2258.928571,81.688229,-352.494621
2258.928571,98.025875,-352.476872
2258.928571,114.36352,-352.420621
2258.928571,130.701166,-352.268986
2258.928571,147.038812,-351.907267
2258.928571,163.376458,-351.123047
2258.928571,179.714103,-349.548379
2258.928571,196.051749,-346.579354
2258.928571,212.389395,-341.26777
2258.928571,228.727041,-332.179076
2258.928571,245.064687,-317.210197
2258.928571,261.402332,-293.360314
2258.928571,277.739978,-256.44709
2258.928571,294.077624,-200.760308
2258.928571,310.41527,-118.644298
2258.928571,326.752915,0
2361.607143,-328.1209,0
2361.607143,-311.714855,-118.644298
2361.607143,-295.30881,-200.760308
2361.607143,-278.902765,-256.44709
2361.607143,-262.49672,-293.360314
2361.607143,-246.090675,-317.210197
2361.607143,-229.68463,-332.179076
2361.607143,-213.278585,-341.26777
2361.607143,-196.87254,-346.579354
2361.607143,-180.466495,-349.548379
2361.607143,-164.06045,-351.123047
2361.607143,-147.654405,-351.907267
2361.607143,-131.24836,-352.268986
2361.607143,-114.842315,-352.420621
2361.607143,-98.43627,-352.476872
2361.607143,-82.030225,-352.494621
2361.607143,-65.62418,-352.499098
2361.607143,-49.218135,-352.49991
2361.607143,-32.81209,-352.499996
2361.607143,-16.406045,-352.5
2361.607143,0,-352.5
2361.607143,16.406045,-352.5
2361.607143,32.81209,-352.499996
2361.607143,49.218135,-352.49991
2361.607143,65.62418,-352.499098
2361.607143,82.030225,-352.494621
2361.607143,98.43627,-352.476872
2361.607143,114.842315,-352.420621
2361.607143,131.24836,-352.268986
2361.607143,147.654405,-351.907267
2361.607143,164.06045,-351.123047
2361.607143,180.466495,-349.548379
2361.607143,196.87254,-346.579354
2361.607143,213.278585,-341.26777
2361.607143,229.68463,-332.179076
2361.607143,246.090675,-317.210197
2361.607143,262.49672,-293.360314
2361.607143,278.902765,-256.44709
2361.607143,295.30881,-200.760308
2361.607143,311.714855,-118.644298
2361.607143,328.1209,0
2464.285714,-329.037901,0
2464.285714,-312.586006,-118.644298
2464.285714,-296.134111,-200.760308
2464.285714,-279.682216,-256.44709
2464.285714,-263.230321,-293.360314
2464.285714,-246.778426,-317.210197
2464.285714,-230.326531,-332.179076
2464.285714,-213.874636,-341.26777
2464.285714,-197.422741,-346.579354
2464.285714,-180.970845,-349.548379
2464.285714,-164.51895,-351.123047
2464.285714,-148.067055,-351.907267
2464.285714,-131.61516,-352.268986
2464.285714,-115.163265,-352.420621
2464.285714,-98.71137,-352.476872
2464.285714,-82.259475,-352.494621
2464.285714,-65.80758,-352.499098
2464.285714,-49.355685,-352.49991
2464.285714,-32.90379,-352.499996
2464.285714,-16.451895,-352.5
2464.285714,0,-352.5
2464.285714,16.451895,-352.5
2464.285714,32.90379,-352.499996
2464.285714,49.355685,-352.49991
2464.285714,65.80758,-352.499098
2464.285714,82.259475,-352.494621
2464.285714,98.71137,-352.476872
2464.285714,115.163265,-352.420621
2464.285714,131.61516,-352.268986
2464.285714,148.067055,-351.907267
2464.285714,164.51895,-351.123047
2464.285714,180.970845,-349.548379
2464.285714,197.422741,-346.579354
2464.285714,213.874636,-341.26777
2464.285714,230.326531,-332.179076
2464.285714,246.778426,-317.210197
2464.285714,263.230321,-293.360314
2464.285714,279.682216,-256.44709
2464.285714,296.134111,-200.760308
2464.285714,312.586006,-118.644298
2464.285714,329.037901,0
2566.964286,-329.594114,0
2566.964286,-313.114409,-118.644298
2566.964286,-296.634703,-200.760308
2566.964286,-280.154997,-256.44709
2566.964286,-263.675292,-293.360314
2566.964286,-247.195586,-317.210197
2566.964286,-230.71588,-332.179076
2566.964286,-214.236174,-341.26777
2566.964286,-197.756469,-346.579354
2566.964286,-181.276763,-349.548379
2566.964286,-164.797057,-351.123047
2566.964286,-148.317351,-351.907267
2566.964286,-131.837646,-352.268986
2566.964286,-115.35794,-352.420621
2566.964286,-98.878234,-352.476872
2566.964286,-82.398529,-352.494621
2566.964286,-65.918823,-352.499098
2566.964286,-49.439117,-352.49991
2566.964286,-32.959411,-352.499996
2566.964286,-16.479706,-352.5
2566.964286,0,-352.5
2566.964286,16.479706,-352.5
2566.964286,32.959411,-352.499996
2566.964286,49.439117,-352.49991
2566.964286,65.918823,-352.499098
2566.964286,82.398529,-352.494621
2566.964286,98.878234,-352.476872
2566.964286,115.35794,-352.420621
2566.964286,131.837646,-352.268986
2566.964286,148.317351,-351.907267
2566.964286,164.797057,-351.123047
2566.964286,181.276763,-349.548379
2566.964286,197.756469,-346.579354
2566.964286,214.236174,-341.26777
2566.964286,230.71588,-332.179076
2566.964286,247.195586,-317.210197
2566.964286,263.675292,-293.360314
2566.964286,280.154997,-256.44709
2566.964286,296.634703,-200.760308
2566.964286,313.114409,-118.644298
2566.964286,329.594114,0
2669.642857,-329.879738,0
2669.642857,-313.385751,-118.644298
2669.642857,-296.891764,-200.760308
2669.642857,-280.397777,-256.44709
2669.642857,-263.90379,-293.360314
2669.642857,-247.409803,-317.210197
2669.642857,-230.915816,-332.179076
2669.642857,-214.421829,-341.26777
2669.642857,-197.927843,-346.579354
2669.642857,-181.433856,-349.548379
2669.642857,-164.939869,-351.123047
2669.642857,-148.445882,-351.907267
2669.642857,-131.951895,-352.268986
2669.642857,-115.457908,-352.420621
2669.642857,-98.963921,-352.476872
2669.642857,-82.469934,-352.494621
2669.642857,-65.975948,-352.499098
2669.642857,-49.481961,-352.49991
2669.642857,-32.987974,-352.499996
2669.642857,-16.493987,-352.5
2669.642857,0,-352.5
2669.642857,16.493987,-352.5
2669.642857,32.987974,-352.499996
2669.642857,49.481961,-352.49991
2669.642857,65.975948,-352.499098
2669.642857,82.469934,-352.494621
2669.642857,98.963921,-352.476872
2669.642857,115.457908,-352.420621
2669.642857,131.951895,-352.268986
2669.642857,148.445882,-351.907267
2669.642857,164.939869,-351.123047
2669.642857,181.433856,-349.548379
2669.642857,197.927843,-346.579354
2669.642857,214.421829,-341.26777
2669.642857,230.915816,-332.179076
2669.642857,247.409803,-317.210197
2669.642857,263.90379,-293.360314
2669.642857,280.397777,-256.44709
2669.642857,296.891764,-200.760308
2669.642857,313.385751,-118.644298
2669.642857,329.879738,0
2772.321429,-329.984967,0
2772.321429,-313.485719,-118.644298
2772.321429,-296.98647,-200.760308
2772.321429,-280.487222,-256.44709
2772.321429,-263.987974,-293.360314
2772.321429,-247.488725,-317.210197
2772.321429,-230.989477,-332.179076
2772.321429,-214.490229,-341.26777
2772.321429,-197.99098,-346.579354
2772.321429,-181.491732,-349.548379
2772.321429,-164.992484,-351.123047
2772.321429,-148.493235,-351.907267
2772.321429,-131.993987,-352.268986
2772.321429,-115.494739,-352.420621
2772.321429,-98.99549,-352.476872
2772.321429,-82.496242,-352.494621
2772.321429,-65.996993,-352.499098
2772.321429,-49.497745,-352.49991
2772.321429,-32.998497,-352.499996
2772.321429,-16.499248,-352.5
2772.321429,0,-352.5
2772.321429,16.499248,-352.5
2772.321429,32.998497,-352.499996
2772.321429,49.497745,-352.49991
2772.321429,65.996993,-352.499098
2772.321429,82.496242,-352.494621
2772.321429,98.99549,-352.476872
2772.321429,115.494739,-352.420621
2772.321429,131.993987,-352.268986
2772.321429,148.493235,-351.907267
2772.321429,164.992484,-351.123047
2772.321429,181.491732,-349.548379
2772.321429,197.99098,-346.579354
2772.321429,214.490229,-341.26777
2772.321429,230.989477,-332.179076
2772.321429,247.488725,-317.210197
2772.321429,263.987974,-293.360314
2772.321429,280.487222,-256.44709
2772.321429,296.98647,-200.760308
2772.321429,313.485719,-118.644298
2772.321429,329.984967,0
2875,-330,0
2875,-313.5,-118.644298
2875,-297,-200.760308
2875,-280.5,-256.44709
2875,-264,-293.360314
2875,-247.5,-317.210197
2875,-231,-332.179076
2875,-214.5,-341.26777
2875,-198,-346.579354
2875,-181.5,-349.548379
2875,-165,-351.123047
2875,-148.5,-351.907267
2875,-132,-352.268986
2875,-115.5,-352.420621
2875,-99,-352.476872
2875,-82.5,-352.494621
2875,-66,-352.499098
2875,-49.5,-352.49991
2875,-33,-352.499996
2875,-16.5,-352.5
2875,0,-352.5
2875,16.5,-352.5
2875,33,-352.499996
2875,49.5,-352.49991
2875,66,-352.499098
2875,82.5,-352.494621
2875,99,-352.476872
2875,115.5,-352.420621
2875,132,-352.268986
2875,148.5,-351.907267
2875,165,-351.123047
2875,181.5,-349.548379
2875,198,-346.579354
2875,214.5,-341.26777
2875,231,-332.179076
2875,247.5,-317.210197
2875,264,-293.360314
2875,280.5,-256.44709
2875,297,-200.760308
2875,313.5,-118.644298
2875,330,0
2977.678571,-329.984967,0
2977.678571,-313.485719,-118.644298
2977.678571,-296.98647,-200.760308
2977.678571,-280.487222,-256.44709
2977.678571,-263.987974,-293.360314
2977.678571,-247.488725,-317.210197
2977.678571,-230.989477,-332.179076
2977.678571,-214.490229,-341.26777
2977.678571,-197.99098,-346.579354
2977.678571,-181.491732,-349.548379
2977.678571,-164.992484,-351.123047
2977.678571,-148.493235,-351.907267
2977.678571,-131.993987,-352.268986
2977.678571,-115.494739,-352.420621
2977.678571,-98.99549,-352.476872
2977.678571,-82.496242,-352.494621
2977.678571,-65.996993,-352.499098
2977.678571,-49.497745,-352.49991
2977.678571,-32.998497,-352.499996
2977.678571,-16.499248,-352.5
2977.678571,0,-352.5
2977.678571,16.499248,-352.5
2977.678571,32.998497,-352.499996
2977.678571,49.497745,-352.49991
2977.678571,65.996993,-352.499098
2977.678571,82.496242,-352.494621
2977.678571,98.99549,-352.476872
2977.678571,115.494739,-352.420621
2977.678571,131.993987,-352.268986
2977.678571,148.493235,-351.907267
2977.678571,164.992484,-351.123047
2977.678571,181.491732,-349.548379
2977.678571,197.99098,-346.579354
2977.678571,214.490229,-341.26777
2977.678571,230.989477,-332.179076
2977.678571,247.488725,-317.210197
2977.678571,263.987974,-293.360314
2977.678571,280.487222,-256.44709
2977.678571,296.98647,-200.760308
2977.678571,313.485719,-118.644298
2977.678571,329.984967,0
3080.357143,-329.879738,0
3080.357143,-313.385751,-118.644298
3080.357143,-296.891764,-200.760308
3080.357143,-280.397777,-256.44709
3080.357143,-263.90379,-293.360314
3080.357143,-247.409803,-317.210197
3080.357143,-230.915816,-332.179076
3080.357143,-214.421829,-341.26777
3080.357143,-197.927843,-346.579354
3080.357143,-181.433856,-349.548379
3080.357143,-164.939869,-351.123047
3080.357143,-148.445882,-351.907267
3080.357143,-131.951895,-352.268986
3080.357143,-115.457908,-352.420621
3080.357143,-98.963921,-352.476872
3080.357143,-82.469934,-352.494621
3080.357143,-65.975948,-352.499098
3080.357143,-49.481961,-352.49991
3080.357143,-32.987974,-352.499996
3080.357143,-16.493987,-352.5
3080.357143,0,-352.5
3080.357143,16.493987,-352.5
3080.357143,32.987974,-352.499996
3080.357143,49.481961,-352.49991
3080.357143,65.975948,-352.499098
3080.357143,82.469934,-352.494621
3080.357143,98.963921,-352.476872
3080.357143,115.457908,-352.420621
3080.357143,131.951895,-352.268986
3080.357143,148.445882,-351.907267
3080.357143,164.939869,-351.123047
3080.357143,181.433856,-349.548379
3080.357143,197.927843,-346.579354
3080.357143,214.421829,-341.26777
3080.357143,230.915816,-332.179076
3080.357143,247.409803,-317.210197
3080.357143,263.90379,-293.360314
3080.357143,280.397777,-256.44709
3080.357143,296.891764,-200.760308
3080.357143,313.385751,-118.644298
3080.357143,329.879738,0
3183.035714,-329.594114,0
3183.035714,-313.114409,-118.644298
3183.035714,-296.634703,-200.760308
3183.035714,-280.154997,-256.44709
3183.035714,-263.675292,-293.360314
3183.035714,-247.195586,-317.210197
3183.035714,-230.71588,-332.179076
3183.035714,-214.236174,-341.26777
3183.035714,-197.756469,-346.579354
3183.035714,-181.276763,-349.548379
3183.035714,-164.797057,-351.123047
3183.035714,-148.317351,-351.907267
3183.035714,-131.837646,-352.268986
3183.035714,-115.35794,-352.420621
3183.035714,-98.878234,-352.476872
3183.035714,-82.398529,-352.494621
3183.035714,-65.918823,-352.499098
3183.035714,-49.439117,-352.49991
3183.035714,-32.959411,-352.499996
3183.035714,-16.479706,-352.5
3183.035714,0,-352.5
3183.035714,16.479706,-352.5
3183.035714,32.959411,-352.499996
3183.035714,49.439117,-352.49991
3183.035714,65.918823,-352.499098
3183.035714,82.398529,-352.494621
3183.035714,98.878234,-352.476872
3183.035714,115.35794,-352.420621
3183.035714,131.837646,-352.268986
3183.035714,148.317351,-351.907267
3183.035714,164.797057,-351.123047
3183.035714,181.276763,-349.548379
3183.035714,197.756469,-346.579354
3183.035714,214.236174,-341.26777
3183.035714,230.71588,-332.179076
3183.035714,247.195586,-317.210197
3183.035714,263.675292,-293.360314
3183.035714,280.154997,-256.44709
3183.035714,296.634703,-200.760308
3183.035714,313.114409,-118.644298
3183.035714,329.594114,0
3285.714286,-329.037901,0
3285.714286,-312.586006,-118.644298
3285.714286,-296.134111,-200.760308
3285.714286,-279.682216,-256.44709
3285.714286,-263.230321,-293.360314
3285.714286,-246.778426,-317.210197
3285.714286,-230.326531,-332.179076
3285.714286,-213.874636,-341.26777
3285.714286,-197.422741,-346.579354
3285.714286,-180.970845,-349.548379
3285.714286,-164.51895,-351.123047
3285.714286,-148.067055,-351.907267
3285.714286,-131.61516,-352.268986
3285.714286,-115.163265,-352.420621
3285.714286,-98.71137,-352.476872
3285.714286,-82.259475,-352.494621
3285.714286,-65.80758,-352.499098
3285.714286,-49.355685,-352.49991
3285.714286,-32.90379,-352.499996
3285.714286,-16.451895,-352.5
3285.714286,0,-352.5
3285.714286,16.451895,-352.5
3285.714286,32.90379,-352.499996
3285.714286,49.355685,-352.49991
3285.714286,65.80758,-352.499098
3285.714286,82.259475,-352.494621
3285.714286,98.71137,-352.476872
3285.714286,115.163265,-352.420621
3285.714286,131.61516,-352.268986
3285.714286,148.067055,-351.907267
3285.714286,164.51895,-351.123047
3285.714286,180.970845,-349.548379
3285.714286,197.422741,-346.579354
3285.714286,213.874636,-341.26777
3285.714286,230.326531,-332.179076
3285.714286,246.778426,-317.210197
3285.714286,263.230321,-293.360314
3285.714286,279.682216,-256.44709
3285.714286,296.134111,-200.760308
3285.714286,312.586006,-118.644298
3285.714286,329.037901,0
3388.392857,-328.1209,0
3388.392857,-311.714855,-118.644298
3388.392857,-295.30881,-200.760308
3388.392857,-278.902765,-256.44709
3388.392857,-262.49672,-293.360314
3388.392857,-246.090675,-317.210197
3388.392857,-229.68463,-332.179076
3388.392857,-213.278585,-341.26777
3388.392857,-196.87254,-346.579354
3388.392857,-180.466495,-349.548379
3388.392857,-164.06045,-351.123047
3388.392857,-147.654405,-351.907267
3388.392857,-131.24836,-352.268986
3388.392857,-114.842315,-352.420621
3388.392857,-98.43627,-352.476872
3388.392857,-82.030225,-352.494621
3388.392857,-65.62418,-352.499098
3388.392857,-49.218135,-352.49991
3388.392857,-32.81209,-352.499996
3388.392857,-16.406045,-352.5
3388.392857,0,-352.5
3388.392857,16.406045,-352.5
3388.392857,32.81209,-352.499996
3388.392857,49.218135,-352.49991
3388.392857,65.62418,-352.499098
3388.392857,82.030225,-352.494621
3388.392857,98.43627,-352.476872
3388.392857,114.842315,-352.420621
3388.392857,131.24836,-352.268986
3388.392857,147.654405,-351.907267
3388.392857,164.06045,-351.123047
3388.392857,180.466495,-349.548379
3388.392857,196.87254,-346.579354
3388.392857,213.278585,-341.26777
3388.392857,229.68463,-332.179076
3388.392857,246.090675,-317.210197
3388.392857,262.49672,-293.360314
3388.392857,278.902765,-256.44709
3388.392857,295.30881,-200.760308
3388.392857,311.714855,-118.644298
3388.392857,328.1209,0
3491.071429,-326.752915,0
3491.071429,-310.41527,-118.644298
3491.071429,-294.077624,-200.760308
3491.071429,-277.739978,-256.44709
3491.071429,-261.402332,-293.360314
3491.071429,-245.064687,-317.210197
3491.071429,-228.727041,-332.179076
3491.071429,-212.389395,-341.26777
3491.071429,-196.051749,-346.579354
3491.071429,-179.714103,-349.548379
3491.071429,-163.376458,-351.123047
3491.071429,-147.038812,-351.907267
3491.071429,-130.701166,-352.268986
3491.071429,-114.36352,-352.420621
3491.071429,-98.025875,-352.476872
3491.071429,-81.688229,-352.494621
3491.071429,-65.350583,-352.499098
3491.071429,-49.012937,-352.49991
3491.071429,-32.675292,-352.499996
3491.071429,-16.337646,-352.5
3491.071429,0,-352.5
3491.071429,16.337646,-352.5
3491.071429,32.675292,-352.499996
3491.071429,49.012937,-352.49991
3491.071429,65.350583,-352.499098
3491.071429,81.688229,-352.494621
3491.071429,98.025875,-352.476872
3491.071429,114.36352,-352.420621
3491.071429,130.701166,-352.268986
3491.071429,147.038812,-351.907267
3491.071429,163.376458,-351.123047
3491.071429,179.714103,-349.548379
3491.071429,196.051749,-346.579354
3491.071429,212.389395,-341.26777
3491.071429,228.727041,-332.179076
3491.071429,245.064687,-317.210197
3491.071429,261.402332,-293.360314
3491.071429,277.739978,-256.44709
3491.071429,294.077624,-200.760308
3491.071429,310.41527,-118.644298
3491.071429,326.752915,0
3593.75,-324.84375,0
3593.75,-308.601563,-118.644298
3593.75,-292.359375,-200.760308
3593.75,-276.117188,-256.44709
3593.75,-259.875,-293.360314
3593.75,-243.632813,-317.210197
3593.75,-227.390625,-332.179076
3593.75,-211.148438,-341.26777
3593.75,-194.90625,-346.579354
3593.75,-178.664063,-349.548379
3593.75,-162.421875,-351.123047
3593.75,-146.179688,-351.907267
3593.75,-129.9375,-352.268986
3593.75,-113.695312,-352.420621
3593.75,-97.453125,-352.476872
3593.75,-81.210937,-352.494621
3593.75,-64.96875,-352.499098
3593.75,-48.726562,-352.49991
3593.75,-32.484375,-352.499996
3593.75,-16.242187,-352.5
3593.75,0,-352.5
3593.75,16.242187,-352.5
3593.75,32.484375,-352.499996
3593.75,48.726562,-352.49991
3593.75,64.96875,-352.499098
3593.75,81.210937,-352.494621
3593.75,97.453125,-352.476872
3593.75,113.695312,-352.420621
3593.75,129.9375,-352.268986
3593.75,146.179688,-351.907267
3593.75,162.421875,-351.123047
3593.75,178.664063,-349.548379
3593.75,194.90625,-346.579354
3593.75,211.148438,-341.26777
3593.75,227.390625,-332.179076
3593.75,243.632813,-317.210197
3593.75,259.875,-293.360314
3593.75,276.117188,-256.44709
3593.75,292.359375,-200.760308
3593.75,308.601563,-118.644298
3593.75,324.84375,0
3696.428571,-322.303207,0
3696.428571,-306.188047,-118.644298
3696.428571,-290.072886,-200.760308
3696.428571,-273.957726,-256.44709
3696.428571,-257.842566,-293.360314
3696.428571,-241.727405,-317.210197
3696.428571,-225.612245,-332.179076
3696.428571,-209.497085,-341.26777
3696.428571,-193.381924,-346.579354
3696.428571,-177.266764,-349.548379
3696.428571,-161.151603,-351.123047
3696.428571,-145.036443,-351.907267
3696.428571,-128.921283,-352.268986
3696.428571,-112.806122,-352.420621
3696.428571,-96.690962,-352.476872
3696.428571,-80.575802,-352.494621
3696.428571,-64.460641,-352.499098
3696.428571,-48.345481,-352.49991
3696.428571,-32.230321,-352.499996
3696.428571,-16.11516,-352.5
3696.428571,0,-352.5
3696.428571,16.11516,-352.5
3696.428571,32.230321,-352.499996
3696.428571,48.345481,-352.49991
3696.428571,64.460641,-352.499098
3696.428571,80.575802,-352.494621
3696.428571,96.690962,-352.476872
3696.428571,112.806122,-352.420621
3696.428571,128.921283,-352.268986
3696.428571,145.036443,-351.907267
3696.428571,161.151603,-351.123047
3696.428571,177.266764,-349.548379
3696.428571,193.381924,-346.579354
3696.428571,209.497085,-341.26777
3696.428571,225.612245,-332.179076
3696.428571,241.727405,-317.210197
3696.428571,257.842566,-293.360314
3696.428571,273.957726,-256.44709
3696.428571,290.072886,-200.760308
3696.428571,306.188047,-118.644298
3696.428571,322.303207,0
3799.107143,-319.04109,0
3799.107143,-303.089035,-118.644298
3799.107143,-287.136981,-200.760308
3799.107143,-271.184926,-256.44709
3799.107143,-255.232872,-293.360314
3799.107143,-239.280817,-317.210197
3799.107143,-223.328763,-332.179076
3799.107143,-207.376708,-341.26777
3799.107143,-191.424654,-346.579354
3799.107143,-175.472599,-349.548379
3799.107143,-159.520545,-351.123047
3799.107143,-143.56849,-351.907267
3799.107143,-127.616436,-352.268986
3799.107143,-111.664381,-352.420621
3799.107143,-95.712327,-352.476872
3799.107143,-79.760272,-352.494621
3799.107143,-63.808218,-352.499098
3799.107143,-47.856163,-352.49991
3799.107143,-31.904109,-352.499996
3799.107143,-15.952054,-352.5
3799.107143,0,-352.5
3799.107143,15.952054,-352.5
3799.107143,31.904109,-352.499996
3799.107143,47.856163,-352.49991
3799.107143,63.808218,-352.499098
3799.107143,79.760272,-352.494621
3799.107143,95.712327,-352.476872
3799.107143,111.664381,-352.420621
3799.107143,127.616436,-352.268986
3799.107143,143.56849,-351.907267
3799.107143,159.520545,-351.123047
3799.107143,175.472599,-349.548379
3799.107143,191.424654,-346.579354
3799.107143,207.376708,-341.26777
3799.107143,223.328763,-332.179076
3799.107143,239.280817,-317.210197
3799.107143,255.232872,-293.360314
3799.107143,271.184926,-256.44709
3799.107143,287.136981,-200.760308
3799.107143,303.089035,-118.644298
3799.107143,319.04109,0
3901.785714,-314.967201,0
3901.785714,-299.218841,-118.644298
3901.785714,-283.470481,-200.760308
3901.785714,-267.722121,-256.44709
3901.785714,-251.973761,-293.360314
3901.785714,-236.225401,-317.210197
3901.785714,-220.477041,-332.179076
3901.785714,-204.728681,-341.26777
3901.785714,-188.980321,-346.579354
3901.785714,-173.231961,-349.548379
3901.785714,-157.483601,-351.123047
3901.785714,-141.735241,-351.907267
3901.785714,-125.98688,-352.268986
3901.785714,-110.23852,-352.420621
3901.785714,-94.49016,-352.476872
3901.785714,-78.7418,-352.494621
3901.785714,-62.99344,-352.499098
3901.785714,-47.24508,-352.49991
3901.785714,-31.49672,-352.499996
3901.785714,-15.74836,-352.5
3901.785714,0,-352.5
3901.785714,15.74836,-352.5
3901.785714,31.49672,-352.499996
3901.785714,47.24508,-352.49991
3901.785714,62.99344,-352.499098
3901.785714,78.7418,-352.494621
3901.785714,94.49016,-352.476872
3901.785714,110.23852,-352.420621
3901.785714,125.98688,-352.268986
3901.785714,141.735241,-351.907267
3901.785714,157.483601,-351.123047
3901.785714,173.231961,-349.548379
3901.785714,188.980321,-346.579354
3901.785714,204.728681,-341.26777
3901.785714,220.477041,-332.179076
3901.785714,236.225401,-317.210197
3901.785714,251.973761,-293.360314
3901.785714,267.722121,-256.44709
3901.785714,283.470481,-200.760308
3901.785714,299.218841,-118.644298
3901.785714,314.967201,0
4004.464286,-309.991345,0
4004.464286,-294.491778,-118.644298
4004.464286,-278.99221,-200.760308
4004.464286,-263.492643,-256.44709
4004.464286,-247.993076,-293.360314
4004.464286,-232.493509,-317.210197
4004.464286,-216.993941,-332.179076
4004.464286,-201.494374,-341.26777
4004.464286,-185.994807,-346.579354
4004.464286,-170.49524,-349.548379
4004.464286,-154.995672,-351.123047
4004.464286,-139.496105,-351.907267
4004.464286,-123.996538,-352.268986
4004.464286,-108.496971,-352.420621
4004.464286,-92.997403,-352.476872
4004.464286,-77.497836,-352.494621
4004.464286,-61.998269,-352.499098
4004.464286,-46.498702,-352.49991
4004.464286,-30.999134,-352.499996
4004.464286,-15.499567,-352.5
4004.464286,0,-352.5
4004.464286,15.499567,-352.5
4004.464286,30.999134,-352.499996
4004.464286,46.498702,-352.49991
4004.464286,61.998269,-352.499098
4004.464286,77.497836,-352.494621
4004.464286,92.997403,-352.476872
4004.464286,108.496971,-352.420621
4004.464286,123.996538,-352.268986
4004.464286,139.496105,-351.907267
4004.464286,154.995672,-351.123047
4004.464286,170.49524,-349.548379
4004.464286,185.994807,-346.579354
4004.464286,201.494374,-341.26777
4004.464286,216.993941,-332.179076
4004.464286,232.493509,-317.210197
4004.464286,247.993076,-293.360314
4004.464286,263.492643,-256.44709
4004.464286,278.99221,-200.760308
4004.464286,294.491778,-118.644298
4004.464286,309.991345,0
4107.142857,-304.023324,0
4107.142857,-288.822157,-118.644298
4107.142857,-273.620991,-200.760308
4107.142857,-258.419825,-256.44709
4107.142857,-243.218659,-293.360314
4107.142857,-228.017493,-317.210197
4107.142857,-212.816327,-332.179076
4107.142857,-197.61516,-341.26777
4107.142857,-182.413994,-346.579354
4107.142857,-167.212828,-349.548379
4107.142857,-152.011662,-351.123047
4107.142857,-136.810496,-351.907267
4107.142857,-121.609329,-352.268986
4107.142857,-106.408163,-352.420621
4107.142857,-91.206997,-352.476872
4107.142857,-76.005831,-352.494621
4107.142857,-60.804665,-352.499098
4107.142857,-45.603499,-352.49991
4107.142857,-30.402332,-352.499996
4107.142857,-15.201166,-352.5
4107.142857,0,-352.5
4107.142857,15.201166,-352.5
4107.142857,30.402332,-352.499996
4107.142857,45.603499,-352.49991
4107.142857,60.804665,-352.499098
4107.142857,76.005831,-352.494621
4107.142857,91.206997,-352.476872
4107.142857,106.408163,-352.420621
4107.142857,121.609329,-352.268986
4107.142857,136.810496,-351.907267
4107.142857,152.011662,-351.123047
4107.142857,167.212828,-349.548379
4107.142857,182.413994,-346.579354
4107.142857,197.61516,-341.26777
4107.142857,212.816327,-332.179076
4107.142857,228.017493,-317.210197
4107.142857,243.218659,-293.360314
4107.142857,258.419825,-256.44709
4107.142857,273.620991,-200.760308
4107.142857,288.822157,-118.644298
4107.142857,304.023324,0
4209.821429,-296.972941,0
4209.821429,-282.124294,-118.644298
4209.821429,-267.275647,-200.760308
4209.821429,-252.427,-256.44709
4209.821429,-237.578353,-293.360314
4209.821429,-222.729706,-317.210197
4209.821429,-207.881059,-332.179076
4209.821429,-193.032412,-341.26777
4209.821429,-178.183765,-346.579354
4209.821429,-163.335118,-349.548379
4209.821429,-148.48647,-351.123047
4209.821429,-133.637823,-351.907267
4209.821429,-118.789176,-352.268986
4209.821429,-103.940529,-352.420621
4209.821429,-89.091882,-352.476872
4209.821429,-74.243235,-352.494621
4209.821429,-59.394588,-352.499098
4209.821429,-44.545941,-352.49991
4209.821429,-29.697294,-352.499996
4209.821429,-14.848647,-352.5
4209.821429,0,-352.5
4209.821429,14.848647,-352.5
4209.821429,29.697294,-352.499996
4209.821429,44.545941,-352.49991
4209.821429,59.394588,-352.499098
4209.821429,74.243235,-352.494621
4209.821429,89.091882,-352.476872
4209.821429,103.940529,-352.420621
4209.821429,118.789176,-352.268986
4209.821429,133.637823,-351.907267
4209.821429,148.48647,-351.123047
4209.821429,163.335118,-349.548379
4209.821429,178.183765,-346.579354
4209.821429,193.032412,-341.26777
4209.821429,207.881059,-332.179076
4209.821429,222.729706,-317.210197
4209.821429,237.578353,-293.360314
4209.821429,252.427,-256.44709
4209.821429,267.275647,-200.760308
4209.821429,282.124294,-118.644298
4209.821429,296.972941,0
4312.5,-288.75,0
4312.5,-274.3125,-118.644298
4312.5,-259.875,-200.760308
4312.5,-245.4375,-256.44709
4312.5,-231,-293.360313
4312.5,-216.5625,-317.210197
4312.5,-202.125,-332.179076
4312.5,-187.6875,-341.26777
4312.5,-173.25,-346.579353
4312.5,-158.8125,-349.548378
4312.5,-144.375,-351.123047
4312.5,-129.9375,-351.907266
4312.5,-115.5,-352.268985
4312.5,-101.0625,-352.420621
4312.5,-86.625,-352.476872
4312.5,-72.1875,-352.494621
4312.5,-57.75,-352.499097
4312.5,-43.3125,-352.499909
4312.5,-28.875,-352.499996
4312.5,-14.4375,-352.5
4312.5,0,-352.5
4312.5,14.4375,-352.5
4312.5,28.875,-352.499996
4312.5,43.3125,-352.499909
4312.5,57.75,-352.499097
4312.5,72.1875,-352.494621
4312.5,86.625,-352.476872
4312.5,101.0625,-352.420621
4312.5,115.5,-352.268985
4312.5,129.9375,-351.907266
4312.5,144.375,-351.123047
4312.5,158.8125,-349.548378
4312.5,173.25,-346.579353
4312.5,187.6875,-341.26777
4312.5,202.125,-332.179076
4312.5,216.5625,-317.210197
4312.5,231,-293.360313
4312.5,245.4375,-256.44709
4312.5,259.875,-200.760308
4312.5,274.3125,-118.644298
4312.5,288.75,0
4415.178571,-279.264304,0
4415.178571,-265.301089,-118.644297
4415.178571,-251.337874,-200.760307
4415.178571,-237.374658,-256.447088
4415.178571,-223.411443,-293.360311
4415.178571,-209.448228,-317.210195
4415.178571,-195.485013,-332.179074
4415.178571,-181.521798,-341.267768
4415.178571,-167.558582,-346.579351
4415.178571,-153.595367,-349.548376
4415.178571,-139.632152,-351.123044
4415.178571,-125.668937,-351.907264
4415.178571,-111.705722,-352.268983
4415.178571,-97.742506,-352.420619
4415.178571,-83.779291,-352.47687
4415.178571,-69.816076,-352.494619
4415.178571,-55.852861,-352.499095
4415.178571,-41.889646,-352.499907
4415.178571,-27.92643,-352.499994
4415.178571,-13.963215,-352.499997
4415.178571,0,-352.499997
4415.178571,13.963215,-352.499997
4415.178571,27.92643,-352.499994
4415.178571,41.889646,-352.499907
4415.178571,55.852861,-352.499095
4415.178571,69.816076,-352.494619
4415.178571,83.779291,-352.47687
4415.178571,97.742506,-352.420619
4415.178571,111.705722,-352.268983
4415.178571,125.668937,-351.907264
4415.178571,139.632152,-351.123044
4415.178571,153.595367,-349.548376
4415.178571,167.558582,-346.579351
4415.178571,181.521798,-341.267768
4415.178571,195.485013,-332.179074
4415.178571,209.448228,-317.210195
4415.178571,223.411443,-293.360311
4415.178571,237.374658,-256.447088
4415.178571,251.337874,-200.760307
4415.178571,265.301089,-118.644297
4415.178571,279.264304,0
4517.857143,-268.425656,0
4517.857143,-255.004373,-118.644292
4517.857143,-241.58309,-200.760298
4517.857143,-228.161808,-256.447076
4517.857143,-214.740525,-293.360298
4517.857143,-201.319242,-317.210181
4517.857143,-187.897959,-332.179059
4517.857143,-174.476676,-341.267752
4517.857143,-161.055394,-346.579335
4517.857143,-147.634111,-349.54836
4517.857143,-134.212828,-351.123028
4517.857143,-120.791545,-351.907248
4517.857143,-107.370262,-352.268967
4517.857143,-93.94898,-352.420603
4517.857143,-80.527697,-352.476854
4517.857143,-67.106414,-352.494603
4517.857143,-53.685131,-352.499079
4517.857143,-40.263848,-352.499891
4517.857143,-26.842566,-352.499978
4517.857143,-13.421283,-352.499981
4517.857143,0,-352.499981
4517.857143,13.421283,-352.499981
4517.857143,26.842566,-352.499978
4517.857143,40.263848,-352.499891
4517.857143,53.685131,-352.499079
4517.857143,67.106414,-352.494603
4517.857143,80.527697,-352.476854
4517.857143,93.94898,-352.420603
4517.857143,107.370262,-352.268967
4517.857143,120.791545,-351.907248
4517.857143,134.212828,-351.123028
4517.857143,147.634111,-349.54836
4517.857143,161.055394,-346.579335
4517.857143,174.476676,-341.267752
4517.857143,187.897959,-332.179059
4517.857143,201.319242,-317.210181
4517.857143,214.740525,-293.360298
4517.857143,228.161808,-256.447076
4517.857143,241.58309,-200.760298
4517.857143,255.004373,-118.644292
4517.857143,268.425656,0
4620.535714,-256.143859,0
4620.535714,-243.336666,-118.644259
4620.535714,-230.529473,-200.760243
4620.535714,-217.72228,-256.447006
4620.535714,-204.915087,-293.360218
4620.535714,-192.107894,-317.210094
4620.535714,-179.300702,-332.178968
4620.535714,-166.493509,-341.267659
4620.535714,-153.686316,-346.57924
4620.535714,-140.879123,-349.548265
4620.535714,-128.07193,-351.122932
4620.535714,-115.264737,-351.907152
4620.535714,-102.457544,-352.268871
4620.535714,-89.650351,-352.420506
4620.535714,-76.843158,-352.476757
4620.535714,-64.035965,-352.494506
4620.535714,-51.228772,-352.498983
4620.535714,-38.421579,-352.499795
4620.535714,-25.614386,-352.499881
4620.535714,-12.807193,-352.499885
4620.535714,0,-352.499885
4620.535714,12.807193,-352.499885
4620.535714,25.614386,-352.499881
4620.535714,38.421579,-352.499795
4620.535714,51.228772,-352.498983
4620.535714,64.035965,-352.494506
4620.535714,76.843158,-352.476757
4620.535714,89.650351,-352.420506
4620.535714,102.457544,-352.268871
4620.535714,115.264737,-351.907152
4620.535714,128.07193,-351.122932
4620.535714,140.879123,-349.548265
4620.535714,153.686316,-346.57924
4620.535714,166.493509,-341.267659
4620.535714,179.300702,-332.178968
4620.535714,192.107894,-317.210094
4620.535714,204.915087,-293.360218
4620.535714,217.72228,-256.447006
4620.535714,230.529473,-200.760243
4620.535714,243.336666,-118.644259
4620.535714,256.143859,0
4723.214286,-242.328717,0
4723.214286,-230.212281,-118.644083
4723.214286,-218.095845,-200.759944
4723.214286,-205.97941,-256.446625
4723.214286,-193.862974,-293.359782
4723.214286,-181.746538,-317.209622
4723.214286,-169.630102,-332.178474
4723.214286,-157.513666,-341.267151
4723.214286,-145.39723,-346.578725
4723.214286,-133.280794,-349.547745
4723.214286,-121.164359,-351.12241
4723.214286,-109.047923,-351.906629
4723.214286,-96.931487,-352.268347
4723.214286,-84.815051,-352.419982
4723.214286,-72.698615,-352.476233
4723.214286,-60.582179,-352.493982
4723.214286,-48.465743,-352.498458
4723.214286,-36.349308,-352.49927
4723.214286,-24.232872,-352.499357
4723.214286,-12.116436,-352.499361
4723.214286,0,-352.499361
4723.214286,12.116436,-352.499361
4723.214286,24.232872,-352.499357
4723.214286,36.349308,-352.49927
4723.214286,48.465743,-352.498458
4723.214286,60.582179,-352.493982
4723.214286,72.698615,-352.476233
4723.214286,84.815051,-352.419982
4723.214286,96.931487,-352.268347
4723.214286,109.047923,-351.906629
4723.214286,121.164359,-351.12241
4723.214286,133.280794,-349.547745
4723.214286,145.39723,-346.578725
4723.214286,157.513666,-341.267151
4723.214286,169.630102,-332.178474
4723.214286,181.746538,-317.209622
4723.214286,193.862974,-293.359782
4723.214286,205.97941,-256.446625
4723.214286,218.095845,-200.759944
4723.214286,230.212281,-118.644083
4723.214286,242.328717,0
4825.892857,-226.890033,0
4825.892857,-215.545531,-118.643208
4825.892857,-204.20103,-200.758465
4825.892857,-192.856528,-256.444735
4825.892857,-181.512026,-293.35762
4825.892857,-170.167525,-317.207284
4825.892857,-158.823023,-332.176026
4825.892857,-147.478521,-341.264636
4825.892857,-136.13402,-346.576171
4825.892857,-124.789518,-349.545169
4825.892857,-113.445016,-351.119822
4825.892857,-102.100515,-351.904035
4825.892857,-90.756013,-352.265751
4825.892857,-79.411511,-352.417385
4825.892857,-68.06701,-352.473636
4825.892857,-56.722508,-352.491384
4825.892857,-45.378007,-352.49586
4825.892857,-34.033505,-352.496673
4825.892857,-22.689003,-352.496759
4825.892857,-11.344502,-352.496763
4825.892857,0,-352.496763
4825.892857,11.344502,-352.496763
4825.892857,22.689003,-352.496759
4825.892857,34.033505,-352.496673
4825.892857,45.378007,-352.49586
4825.892857,56.722508,-352.491384
4825.892857,68.06701,-352.473636
4825.892857,79.411511,-352.417385
4825.892857,90.756013,-352.265751
4825.892857,102.100515,-351.904035
4825.892857,113.445016,-351.119822
4825.892857,124.789518,-349.545169
4825.892857,136.13402,-346.576171
4825.892857,147.478521,-341.264636
4825.892857,158.823023,-332.176026
4825.892857,170.167525,-317.207284
4825.892857,181.512026,-293.35762
4825.892857,192.856528,-256.444735
4825.892857,204.20103,-200.758465
4825.892857,215.545531,-118.643208
4825.892857,226.890033,0
4928.571429,-209.737609,0
4928.571429,-199.250729,-118.639222
4928.571429,-188.763848,-200.751719
4928.571429,-178.276968,-256.436118
4928.571429,-167.790087,-293.347762
4928.571429,-157.303207,-317.196626
4928.571429,-146.816327,-332.164864
4928.571429,-136.329446,-341.253169
4928.571429,-125.842566,-346.564525
4928.571429,-115.355685,-349.533423
4928.571429,-104.868805,-351.108024
4928.571429,-94.381924,-351.89221
4928.571429,-83.895044,-352.253914
4928.571429,-73.408163,-352.405543
4928.571429,-62.921283,-352.461792
4928.571429,-52.434402,-352.47954
4928.571429,-41.947522,-352.484016
4928.571429,-31.460641,-352.484828
4928.571429,-20.973761,-352.484915
4928.571429,-10.48688,-352.484918
4928.571429,0,-352.484918
4928.571429,10.48688,-352.484918
4928.571429,20.973761,-352.484915
4928.571429,31.460641,-352.484828
4928.571429,41.947522,-352.484016
4928.571429,52.434402,-352.47954
4928.571429,62.921283,-352.461792
4928.571429,73.408163,-352.405543
4928.571429,83.895044,-352.253914
4928.571429,94.381924,-351.89221
4928.571429,104.868805,-351.108024
4928.571429,115.355685,-349.533423
4928.571429,125.842566,-346.564525
4928.571429,136.329446,-341.253169
4928.571429,146.816327,-332.164864
4928.571429,157.303207,-317.196626
4928.571429,167.790087,-293.347762
4928.571429,178.276968,-256.436118
4928.571429,188.763848,-200.751719
4928.571429,199.250729,-118.639222
4928.571429,209.737609,0
5031.25,-190.78125,0
5031.25,-181.242188,-118.622359
5031.25,-171.703125,-200.723185
5031.25,-162.164063,-256.399669
5031.25,-152.625,-293.306067
5031.25,-143.085938,-317.151541
5031.25,-133.546875,-332.117652
5031.25,-124.007813,-341.204665
5031.25,-114.46875,-346.515266
5031.25,-104.929688,-349.483742
5031.25,-95.390625,-351.058119
5031.25,-85.851563,-351.842194
5031.25,-76.3125,-352.203846
5031.25,-66.773438,-352.355454
5031.25,-57.234375,-352.411694
5031.25,-47.695312,-352.42944
5031.25,-38.15625,-352.433915
5031.25,-28.617187,-352.434727
5031.25,-19.078125,-352.434814
5031.25,-9.539062,-352.434818
5031.25,0,-352.434818
5031.25,9.539062,-352.434818
5031.25,19.078125,-352.434814
5031.25,28.617187,-352.434727
5031.25,38.15625,-352.433915
5031.25,47.695312,-352.42944
5031.25,57.234375,-352.411694
5031.25,66.773438,-352.355454
5031.25,76.3125,-352.203846
5031.25,85.851563,-351.842194
5031.25,95.390625,-351.058119
5031.25,104.929688,-349.483742
5031.25,114.46875,-346.515266
5031.25,124.007813,-341.204665
5031.25,133.546875,-332.117652
5031.25,143.085938,-317.151541
5031.25,152.625,-293.306067
5031.25,162.164063,-256.399669
5031.25,171.703125,-200.723185
5031.25,181.242188,-118.622359
5031.25,190.78125,0
5133.928571,-169.930758,0
5133.928571,-161.43422,-118.555721
5133.928571,-152.937682,-200.610426
5133.928571,-144.441144,-256.255633
5133.928571,-135.944606,-293.141298
5133.928571,-127.448069,-316.973376
5133.928571,-118.951531,-331.93108
5133.928571,-110.454993,-341.012988
5133.928571,-101.958455,-346.320606
5133.928571,-93.461917,-349.287415
5133.928571,-84.965379,-350.860907
5133.928571,-76.468841,-351.644542
5133.928571,-67.972303,-352.005991
5133.928571,-59.475765,-352.157513
5133.928571,-50.979227,-352.213722
5133.928571,-42.48269,-352.231458
5133.928571,-33.986152,-352.235931
5133.928571,-25.489614,-352.236742
5133.928571,-16.993076,-352.236829
5133.928571,-8.496538,-352.236832
5133.928571,0,-352.236832
5133.928571,8.496538,-352.236832
5133.928571,16.993076,-352.236829
5133.928571,25.489614,-352.236742
5133.928571,33.986152,-352.235931
5133.928571,42.48269,-352.231458
5133.928571,50.979227,-352.213722
5133.928571,59.475765,-352.157513
5133.928571,67.972303,-352.005991
5133.928571,76.468841,-351.644542
5133.928571,84.965379,-350.860907
5133.928571,93.461917,-349.287415
5133.928571,101.958455,-346.320606
5133.928571,110.454993,-341.012988
5133.928571,118.951531,-331.93108
5133.928571,127.448069,-316.973376
5133.928571,135.944606,-293.141298
5133.928571,144.441144,-256.255633
5133.928571,152.937682,-200.610426
5133.928571,161.43422,-118.555721
5133.928571,169.930758,0
5236.607143,-147.095937,0
5236.607143,-139.74114,-118.308193
5236.607143,-132.386343,-200.191579
5236.607143,-125.031546,-255.720607
5236.607143,-117.676749,-292.52926
5236.607143,-110.321952,-316.31158
5236.607143,-102.967156,-331.238054
5236.607143,-95.612359,-340.301
5236.607143,-88.257562,-345.597537
5236.607143,-80.902765,-348.558151
5236.607143,-73.547968,-350.128358
5236.607143,-66.193171,-350.910356
5236.607143,-58.838375,-351.271051
5236.607143,-51.483578,-351.422257
5236.607143,-44.128781,-351.478348
5236.607143,-36.773984,-351.496047
5236.607143,-29.419187,-351.500511
5236.607143,-22.06439,-351.50132
5236.607143,-14.709594,-351.501407
5236.607143,-7.354797,-351.50141
5236.607143,0,-351.50141
5236.607143,7.354797,-351.50141
5236.607143,14.709594,-351.501407
5236.607143,22.06439,-351.50132
5236.607143,29.419187,-351.500511
5236.607143,36.773984,-351.496047
5236.607143,44.128781,-351.478348
5236.607143,51.483578,-351.422257
5236.607143,58.838375,-351.271051
5236.607143,66.193171,-350.910356
5236.607143,73.547968,-350.128358
5236.607143,80.902765,-348.558151
5236.607143,88.257562,-345.597537
5236.607143,95.612359,-340.301
5236.607143,102.967156,-331.238054
5236.607143,110.321952,-316.31158
5236.607143,117.676749,-292.52926
5236.607143,125.031546,-255.720607
5236.607143,132.386343,-200.191579
5236.607143,139.74114,-118.308193
5236.607143,147.095937,0
5339.285714,-122.186589,0
5339.285714,-116.077259,-117.439326
5339.285714,-109.96793,-198.721352
5339.285714,-103.858601,-253.842569
5339.285714,-97.749271,-290.380896
5339.285714,-91.639942,-313.988556
5339.285714,-85.530612,-328.805409
5339.285714,-79.421283,-337.801796
5339.285714,-73.311953,-343.059434
5339.285714,-67.202624,-345.998305
5339.285714,-61.093294,-347.556981
5339.285714,-54.983965,-348.333236
5339.285714,-48.874636,-348.691281
5339.285714,-42.765306,-348.841377
5339.285714,-36.655977,-348.897057
5339.285714,-30.546647,-348.914625
5339.285714,-24.437318,-348.919056
5339.285714,-18.327988,-348.91986
5339.285714,-12.218659,-348.919946
5339.285714,-6.109329,-348.919949
5339.285714,0,-348.919949
5339.285714,6.109329,-348.919949
5339.285714,12.218659,-348.919946
5339.285714,18.327988,-348.91986
5339.285714,24.437318,-348.919056
5339.285714,30.546647,-348.914625
5339.285714,36.655977,-348.897057
5339.285714,42.765306,-348.841377
5339.285714,48.874636,-348.691281
5339.285714,54.983965,-348.333236
5339.285714,61.093294,-347.556981
5339.285714,67.202624,-345.998305
5339.285714,73.311953,-343.059434
5339.285714,79.421283,-337.801796
5339.285714,85.530612,-328.805409
5339.285714,91.639942,-313.988556
5339.285714,97.749271,-290.380896
5339.285714,103.858601,-253.842569
5339.285714,109.96793,-198.721352
5339.285714,116.077259,-117.439326
5339.285714,122.186589,0
5441.964286,-95.112518,0
5441.964286,-90.356892,-114.543769
5441.964286,-85.601266,-193.821723
5441.964286,-80.84564,-247.583884
5441.964286,-76.090015,-283.22133
5441.964286,-71.334389,-306.246925
5441.964286,-66.578763,-320.698457
5441.964286,-61.823137,-329.473031
5441.964286,-57.067511,-334.601038
5441.964286,-52.311885,-337.467449
5441.964286,-47.556259,-338.987694
5441.964286,-42.800633,-339.74481
5441.964286,-38.045007,-340.094028
5441.964286,-33.289381,-340.240423
5441.964286,-28.533755,-340.29473
5441.964286,-23.77813,-340.311865
5441.964286,-19.022504,-340.316187
5441.964286,-14.266878,-340.316971
5441.964286,-9.511252,-340.317054
5441.964286,-4.755626,-340.317058
5441.964286,0,-340.317058
5441.964286,4.755626,-340.317058
5441.964286,9.511252,-340.317054
5441.964286,14.266878,-340.316971
5441.964286,19.022504,-340.316187
5441.964286,23.77813,-340.311865
5441.964286,28.533755,-340.29473
5441.964286,33.289381,-340.240423
5441.964286,38.045007,-340.094028
5441.964286,42.800633,-339.74481
5441.964286,47.556259,-338.987694
5441.964286,52.311885,-337.467449
5441.964286,57.067511,-334.601038
5441.964286,61.823137,-329.473031
5441.964286,66.578763,-320.698457
5441.964286,71.334389,-306.246925
5441.964286,76.090015,-283.22133
5441.964286,80.84564,-247.583884
5441.964286,85.601266,-193.821723
5441.964286,90.356892,-114.543769
5441.964286,95.112518,0
5544.642857,-65.783528,0
5544.642857,-62.494351,-105.344651
5544.642857,-59.205175,-178.255719
5544.642857,-55.915999,-227.70019
5544.642857,-52.626822,-260.475559
5544.642857,-49.337646,-281.651947
5544.642857,-46.048469,-294.942863
5544.642857,-42.759293,-303.012743
5544.642857,-39.470117,-307.728915
5544.642857,-36.18094,-310.365122
5544.642857,-32.891764,-311.763274
5544.642857,-29.602587,-312.459586
5544.642857,-26.313411,-312.780757
5544.642857,-23.024235,-312.915395
5544.642857,-19.735058,-312.965341
5544.642857,-16.445882,-312.9811
5544.642857,-13.156706,-312.985074
5544.642857,-9.867529,-312.985795
5544.642857,-6.578353,-312.985872
5544.642857,-3.289176,-312.985876
5544.642857,0,-312.985876
5544.642857,3.289176,-312.985876
5544.642857,6.578353,-312.985872
5544.642857,9.867529,-312.985795
5544.642857,13.156706,-312.985074
5544.642857,16.445882,-312.9811
5544.642857,19.735058,-312.965341
5544.642857,23.024235,-312.915395
5544.642857,26.313411,-312.780757
5544.642857,29.602587,-312.459586
5544.642857,32.891764,-311.763274
5544.642857,36.18094,-310.365122
5544.642857,39.470117,-307.728915
5544.642857,42.759293,-303.012743
5544.642857,46.048469,-294.942863
5544.642857,49.337646,-281.651947
5544.642857,52.626822,-260.475559
5544.642857,55.915999,-227.70019
5544.642857,59.205175,-178.255719
5544.642857,62.494351,-105.344651
5544.642857,65.783528,0
5647.321429,-34.109421,0
5647.321429,-32.40395,-65.271457
5647.321429,-30.698478,-110.447094
5647.321429,-28.993007,-141.082847
5647.321429,-27.287536,-161.390438
5647.321429,-25.582065,-174.51131
5647.321429,-23.876594,-182.74635
5647.321429,-22.171123,-187.746441
5647.321429,-20.465652,-190.668578
5647.321429,-18.760181,-192.301969
5647.321429,-17.05471,-193.168263
5647.321429,-15.349239,-193.599697
5647.321429,-13.643768,-193.798695
5647.321429,-11.938297,-193.882116
5647.321429,-10.232826,-193.913063
5647.321429,-8.527355,-193.922827
5647.321429,-6.821884,-193.92529
5647.321429,-5.116413,-193.925736
5647.321429,-3.410942,-193.925784
5647.321429,-1.705471,-193.925786
5647.321429,0,-193.925786
5647.321429,1.705471,-193.925786
5647.321429,3.410942,-193.925784
5647.321429,5.116413,-193.925736
5647.321429,6.821884,-193.92529
5647.321429,8.527355,-193.922827
5647.321429,10.232826,-193.913063
5647.321429,11.938297,-193.882116
5647.321429,13.643768,-193.798695
5647.321429,15.349239,-193.599697
5647.321429,17.05471,-193.168263
5647.321429,18.760181,-192.301969
5647.321429,20.465652,-190.668578
5647.321429,22.171123,-187.746441
5647.321429,23.876594,-182.74635
5647.321429,25.582065,-174.51131
5647.321429,27.287536,-161.390438
5647.321429,28.993007,-141.082847
5647.321429,30.698478,-110.447094
5647.321429,32.40395,-65.271457
5647.321429,34.109421,0
5750,0,0