Station Number,Volume (mm^3),Mass (kg),Weight (N),Distance to Next Station (mm),Width (mm),Cross-Sectional Area (mm^2)
1,0.00024159351714689276,0.23507049218392664,2.3060415283243203,100.892857,0.0,0.0
2,0.0010289287492901483,1.0011476730593143,9.821258672711874,100.892857,47.131519,256.3707921990419
3,0.0015911713763396844,1.548209749178513,15.187937639441213,100.89285699999996,92.13828699999999,406.23486363836577
4,0.0018560161827095164,1.8059037457763594,17.715915746066088,100.89285800000005,135.04077,446.451711659554
5,0.0019268204662782485,1.8747963136887358,18.3917518372865,100.89285699999999,175.843588,429.62561654782024
6,0.0019149207784976167,1.863217917478181,18.278167770460957,100.89285699999994,214.570878,430.6969925969388
7,0.0018712108771614087,1.8206881834780506,17.860951079919676,100.89285700000005,251.258418,450.36812522767895
8,0.001854964310098065,1.8048802737254173,17.705875485246345,100.89285700000005,285.912474,527.4374695463171
9,0.0019042381253260635,1.8528236959422597,18.17620045719357,100.89285699999994,318.567294,642.1870531978269
10,0.00196820708973472,1.9150654983118827,18.78679253843957,100.89285700000005,349.24145599999997,752.2108917310837
11,0.0020052267590878626,1.9510856365924902,19.14015009497233,100.89285800000005,377.96184200000005,872.5761722845256
12,0.00202430782476929,1.9696515135005193,19.322281347440097,100.89285699999982,404.761777,985.312241149172
13,0.0020498858312646465,1.994538913820501,19.566426744579115,100.89285700000005,429.65099499999997,1003.6141654542663
14,0.002083466036602402,2.0272124536141374,19.886954169954688,100.89285700000005,452.674692,957.2263112855505
15,0.0021077252031828147,2.0508166226968787,20.11851106865638,100.89285700000005,473.862794,946.6796598406618
16,0.0021253855529041366,2.068000142975725,20.287081402591863,100.89285700000005,493.229228,956.8894498225659
17,0.0021382338546206783,2.08050154054592,20.409720112755476,100.89285699999982,510.833122,977.1384466198157
18,0.0021476347742002476,2.089648635296841,20.49945311226201,100.89285800000016,526.6817189999999,1001.0222372929862
19,0.002154822380881492,2.0966421765976917,20.568059752423355,100.89285699999982,540.8289930000001,1024.9877058854752
20,0.002160376786275048,2.102046613045622,20.62107727397755,100.89285700000005,553.318649,1047.12405546182
21,0.0021646715016243605,2.1062253710805026,20.66207089029973,100.89285700000005,564.1834389999999,1066.4933534153552
22,0.0021680841468737534,2.109545874908162,20.69464503284907,100.89285699999982,573.479106,1082.813516025736
23,0.002170632467773445,2.112025391143562,20.718969087118346,100.89285700000028,581.24811,1096.0403339260488
24,0.002172544024615426,2.113885335950809,20.73721514567744,100.89285699999982,587.557889,1106.361899126077
25,0.0021740793673489613,2.1153792244305394,20.751870191663592,100.89285800000016,592.4649870000001,1114.062578035041
26,0.002175103305648498,2.1163755163959888,20.76164381584465,100.89285699999982,596.055336,1119.3651086413793
27,0.002175755379526805,2.1170099842795813,20.767867945782694,100.89285700000028,598.413094,1122.5624317209683
28,0.002197678881737374,2.138341551930465,20.977130624437862,101.89285699999982,599.66325,1123.9137677334584
29,0.0021545418268653564,2.0963691975399916,20.56538182786732,99.89285699999982,600.000444,1123.9137677334584
30,0.002175755379526805,2.1170099842795813,20.767867945782694,100.89285700000028,599.66325,1122.5624317209683
31,0.002175103305648498,2.1163755163959888,20.76164381584465,100.89285699999982,598.413094,1119.3651086413793
32,0.0021740793673489613,2.1153792244305394,20.751870191663592,100.89285800000016,596.055336,1114.062578035041
33,0.002172544024615426,2.113885335950809,20.73721514567744,100.89285699999982,592.4649870000001,1106.361899126077
34,0.002170632467773445,2.112025391143562,20.718969087118346,100.89285700000028,587.557889,1096.0403339260488
35,0.0021680841468737534,2.109545874908162,20.69464503284907,100.89285699999982,581.24811,1082.813516025736
36,0.002164671501624353,2.1062253710804955,20.66207089029966,100.89285699999982,573.479106,1066.4933534153552
37,0.002160376786275048,2.102046613045622,20.62107727397755,100.89285700000028,564.1834389999999,1047.12405546182
38,0.002154822380881492,2.0966421765976917,20.568059752423355,100.89285699999982,553.318649,1024.9877058854752
39,0.0021476347742002476,2.089648635296841,20.49945311226201,100.89285800000016,540.8289930000001,1001.0222372929862
40,0.0021382338546206783,2.08050154054592,20.409720112755476,100.89285699999982,526.6817189999999,977.1384466198157
41,0.00212538555290414,2.068000142975728,20.287081402591895,100.89285700000028,510.833122,956.8894498225659
42,0.002107725203182809,2.0508166226968734,20.11851106865633,100.89285699999982,493.229228,946.6796598406618
43,0.0020834660366024003,2.0272124536141356,19.88695416995467,100.89285699999982,473.862794,957.2263112855505
44,0.0020498858312646413,1.994538913820496,19.56642674457907,100.89285699999982,452.674692,1003.6141654542663
45,0.0020243078247693088,1.9696515135005375,19.322281347440274,100.89285700000073,429.65099499999997,985.312241149172
46,0.0020052267590878474,1.9510856365924756,19.140150094972185,100.89285799999925,404.761777,872.5761722845256
47,0.0019682070897347314,1.9150654983118935,18.786792538439677,100.89285700000073,377.96184200000005,752.2108917310837
48,0.0019042381253260598,1.8528236959422562,18.176200457193534,100.89285699999982,349.24145599999997,642.1870531978269
49,0.0018549643100980577,1.8048802737254102,17.705875485246274,100.89285699999982,318.567294,527.4374695463171
50,0.001871210877161405,1.820688183478047,17.860951079919644,100.89285699999982,285.912474,450.36812522767895
51,0.0019149207784976167,1.863217917478181,18.278167770460957,100.89285699999982,251.258418,430.6969925969388
52,0.0019268204662782648,1.8747963136887515,18.391751837286655,100.89285700000073,214.570878,429.62561654782024
53,0.0018560161827095012,1.8059037457763447,17.715915746065942,100.89285799999925,175.843588,446.451711659554
54,0.0015911713763396972,1.5482097491785254,15.187937639441335,100.89285700000073,135.04077,406.23486363836577
55,0.0010289287492901463,1.0011476730593123,9.821258672711854,100.89285699999982,92.13828699999999,256.3707921990419
56,0.0002415935171468923,0.2350704921839262,2.3060415283243163,100.89285699999982,0.0,0.0
