Time (s),Displacement y(t) (m),Velocity y'(t) (m/s),Acceleration y''(t) (m/s^2)
0.0,0.0,0.0,-0.02641134645953877
0.4004004004004004,-0.001553960483643731,-0.0054655444883591284,0.006275055609000199
0.8008008008008008,-0.00231759672820479,0.002974393254942754,0.0250887114289245
1.2012012012012012,5.6958931583497375e-05,0.006204948387741836,-0.013044921532718117
1.6016016016016017,0.0008096203024607056,-0.003001164880244116,-0.020970463538603643
2.002002002002002,-0.0010498209919428774,-0.003447460197943156,0.01937890449219879
2.4024024024024024,-0.0004925365572013255,0.0059364419101799295,0.01505484189542339
2.802802802802803,0.0018928584537044636,0.0030231386261741844,-0.026985642544421484
3.2032032032032034,0.0008035309176801968,-0.007549748775299643,-0.013964248868437215
3.6036036036036037,-0.0021206480122040166,-0.00429429875548768,0.025356842469106047
4.004004004004004,-0.0018819866968805003,0.004148706877547997,0.0065530376700002856
4.404404404404405,-0.0007461190314089281,-0.0005210703667415536,-0.022514625760205898
4.804804804804805,-0.0023228712203764274,-0.005338956428204416,0.0061500286341189675
5.205205205205205,-0.0030268808686269694,0.00331889200759458,0.02737301102607037
5.605605605605606,-0.00025210532218610275,0.007909846076524132,-0.01019474495788356
6.0060060060060065,0.0012143030897218525,-0.0017419030750569563,-0.02678634896989119
6.406406406406407,-0.0007825181945002063,-0.005575434305592632,0.011060986671331905
6.806806806806807,-0.0014699784020029405,0.0027020593730469424,0.019080992293759806
7.207207207207207,0.00022155474439398696,0.0032188079710257396,-0.016774213381637725
7.6076076076076085,-0.00014777756296878702,-0.004746581309873618,-0.012273450078248982
8.008008008008009,-0.002017661002285303,-0.002156305794999281,0.022340010117576352
8.408408408408409,-0.0010678022497168647,0.005883367358927718,0.007967075584446457
8.80880880880881,0.0009181234552859522,0.0019311787080964335,-0.021926857328299333
9.20920920920921,0.00022112591751784785,-0.003753543791472102,0.0015892296791214745
9.60960960960961,-0.0002718472790707093,0.0027121041680616964,0.021624523617649088
10.01001001001001,0.0018254330358571259,0.005215395552963014,-0.014745423488481513
10.41041041041041,0.0018858595684027983,-0.005916621885160372,-0.02862843396211416
10.810810810810812,-0.0016839401843200962,-0.008549403534666294,0.019307321464870533
11.211211211211213,-0.0027235573958189845,0.004136194142918013,0.030394931626666646
11.611611611611613,0.0001793842875040297,0.00689953552256614,-0.019014689773798298
12.012012012012013,0.0007158652909191606,-0.004584704781106128,-0.024467773927968086
12.412412412412413,-0.0019103691691920537,-0.005376649204322929,0.020675528462887262
12.812812812812814,-0.0019249247425889243,0.005281586101903312,0.02058363693103763
13.213213213213214,0.0008433355766214623,0.006153600557346016,-0.013424979603666242
13.613613613613614,0.0020976931678315866,0.0005767383718704015,-0.007260569010916266
14.014014014014014,0.0022776123929578998,0.0011982778999153725,0.00470741617479653
14.414414414414415,0.00259845008166976,-0.0013182316959201139,-0.019266131093998908
14.814814814814815,0.00033001933916631827,-0.009483882760140765,-0.011141354112475896
15.215215215215217,-0.0031654407808299426,-0.004912373355470248,0.032499805194424206
15.615615615615617,-0.0023119989555597225,0.008287476577779593,0.019620699986323074
16.016016016016017,0.0011377123142044198,0.00555549328142888,-0.028685504919407242
16.416416416416418,0.0010155552968785118,-0.0048569673016179895,-0.01018908137239308
16.816816816816818,-0.00040875279454263516,0.0005433877097054309,0.029596077659062144
17.217217217217218,0.0018060001641730813,0.008319871031170122,-0.001756849126373125
17.61761761761762,0.0037106955794838363,-0.0011393325847148155,-0.03499296640963516
18.01801801801802,0.001101165462093721,-0.009261563627832044,0.0023595974616034965
18.41841841841842,-0.0013979637740744262,-0.00172084163337174,0.02390995074910667
18.81881881881882,-0.0009222718753603235,0.0016977320659325888,-0.00983212769648991
19.21921921921922,-0.001472805010037879,-0.00436495858588049,-0.008558625593092797
19.61961961961962,-0.0028657785731349542,-0.00013484403217493097,0.026007074829508377
20.02002002002002,-0.001000110970361674,0.007771724760573324,0.0018899037560968154
20.42042042042042,0.0009281220444132079,-0.000794266181134813,-0.03547683739218116
20.82082082082082,-0.001585053617672034,-0.008765762871570364,0.007358135729101777
21.22122122122122,-0.0029708292677613716,0.00457453866965038,0.04621816161332349
21.621621621621625,0.001595136365853565,0.014317365272393521,-0.010015342484627276
22.022022022022025,0.004740974144045627,-0.001686506883807351,-0.05432734237001375
22.422422422422425,0.00062987571920914,-0.015137719018960022,-0.0010205641336513502
22.822822822822825,-0.0037739957026254036,-0.003717440875456576,0.0441115432746856
23.223223223223226,-0.002405823710063257,0.00775602120996892,0.004800314625147614
23.623623623623626,-6.558811155807712e-05,0.00200179001228912,-0.023096153033286902
24.024024024024026,-0.0005672194992003895,-0.0025342908445874493,0.004413521023648245
24.424424424424426,-0.0007770822279702989,0.0017253506197270308,0.008185211173655102
24.824824824824827,-5.090562949219661e-05,0.0004370319429512935,-0.012253574111154415
25.225225225225227,-0.0006723441812055482,-0.002230364933122163,0.00650826086014278
25.625625625625627,-0.00028414500836823533,0.005275260304574098,0.021753775277225513
26.026026026026027,0.0026797401710679973,0.006507269181583179,-0.021698195316364036
26.426426426426428,0.0025013447609346963,-0.008715321982249348,-0.03978019738068836
26.826826826826828,-0.0027925292846373807,-0.013311922497106018,0.02349895447044763
27.227227227227228,-0.004900058562266467,0.004554426371970715,0.048796797424891236
27.62762762762763,-0.0005550007534049473,0.012625340334096966,-0.01587660158720442
28.02802802802803,0.0018511880970799768,-0.002376455385713772,-0.041454346616702026
28.42842842842843,-0.0011634964417409914,-0.008756743718095915,0.014693349926214672
28.82882882882883,-0.0024321694824028023,0.0035798177317707095,0.03157093986645186
29.22922922922923,0.0004062468580719725,0.007421797278983101,-0.013427834188915798
29.62962962962963,0.0017762321703243195,-0.0007092820491220475,-0.015670684745951517
30.030030030030034,0.0011193874609989978,-0.0005021293038334337,0.013354824537431559
30.430430430430434,0.0018049845994064393,0.0025116838257298615,-0.006412061564386236
30.830830830830834,0.0015200035109511644,-0.005092157621396424,-0.022493551278928877
31.231231231231234,-0.0015018705981269158,-0.007217672770411396,0.017210013711373352
31.631631631631635,-0.002200389011603687,0.004491418962920655,0.027954065046355857
32.032032032032035,0.0006575827221989921,0.0063636999847433515,-0.020848991136931085
32.432432432432435,0.0008810629381457704,-0.005421321530237627,-0.023248752878480307
32.832832832832835,-0.0017945117919539806,-0.004368095157980895,0.027650126763681313
33.233233233233236,-0.0009515552452118071,0.008014836679840919,0.019589448873414947
33.633633633633636,0.002396390976452744,0.005230620798379118,-0.02995003664818381
34.034034034034036,0.0019380745498504917,-0.006474946383912754,-0.015344484237479274
34.434434434434436,-0.0006152052310346025,-0.0035050108665303694,0.02433461948039012
34.83483483483484,-0.0001748355777699443,0.004362233412386759,0.005595581622995765
35.23523523523524,0.0011149812093027968,0.0005210211520634864,-0.016470473771843103
35.63563563563564,0.0005257534868873937,-0.001628770404152946,0.009275180993262015
36.03603603603604,0.0010188021434606243,0.004103457241595871,0.009035383744487126
36.43643643643644,0.0023389746154318315,-0.00018095384458297124,-0.028462437329260383
36.83683683683684,2.1183834292967316e-05,-0.009878886612652946,-0.006372774523959854
37.23723723723724,-0.002857334842238913,-0.0008890583607890205,0.04504907909606313
37.63763763763764,0.00018453121487501008,0.013698942139122598,0.010680767216610022
38.03803803803804,0.004486674210781424,0.0033444548059467167,-0.0529179576998307
38.43843843843844,0.0017674027837936545,-0.014532623286846074,-0.018566831848488667
38.83883883883884,-0.003428970911704238,-0.006781905476039525,0.04793282002585358
39.23923923923924,-0.0023990817643907434,0.009944446785319524,0.020156724898226695
39.63963963963964,0.0015184851966254678,0.006005978493828777,-0.03175942678470901
40.04004004004004,0.0015001214671567157,-0.004484601034245707,-0.009286370953432436
40.44044044044044,2.3658172673975185e-05,-0.0009827828821870504,0.01814629916556428
40.84084084084084,0.0006634888365862047,0.0024862271329143095,-0.005464657887982004
41.24124124124124,0.0007453395761070492,-0.0023365758696836593,-0.008901920576620741
41.64164164164164,-8.44997280418718e-05,0.0002105240176893653,0.019335252102675612
42.04204204204204,0.0014287075073976076,0.0059307543365170225,-0.001164468167886533
42.44244244244244,0.0024762594178949853,-0.0032495227041445802,-0.03696351573610614
42.84284284284285,-0.0012162470929306397,-0.012358937174972317,0.0036745158674688673
43.24324324324325,-0.00426280089142952,0.00022138561661025694,0.047692434960449656
43.64364364364365,-0.0010540829084335476,0.012499471300997423,0.0004173618302543737
44.04404404404405,0.002261138164087796,0.000942868569492751,-0.044269125087016296
44.44444444444445,-0.00013104201118080048,-0.009624903637172402,0.0024100937635736855
44.84484484484485,-0.0023319004858970583,0.001029033735771523,0.036659493674559146
45.24524524524525,9.499866992089719e-05,0.007816461402819943,-0.00968552876800344
45.64564564564565,0.0014292856878847136,-0.002380957444814917,-0.02725800623838795
46.04604604604605,-0.0006396284140642544,-0.00479339098293602,0.017414140738019463
46.44644644644645,-0.00064772165263647,0.00463929328635163,0.01597158748593597
46.84684684684685,0.001281891573983537,0.00206833891720776,-0.025544759079011704
47.24724724724725,7.441272946046723e-05,-0.0066956054737143675,-0.0054954954104764545
47.64764764764765,-0.001737187248398806,0.0002741486385784964,0.031703156991922984
48.04804804804805,0.00037720410842227237,0.007680227980593835,-0.005557330044768596
48.44844844844845,0.0016638594780158298,-0.003525820468120688,-0.03759701092988863
48.84884884884885,-0.0017735329285773734,-0.010002691531828716,0.014320373551179339
49.24924924924925,-0.003290838206523317,0.004361553813564538,0.04192935506012177
49.64964964964965,0.0006084356201753525,0.011080185592657063,-0.0156021828336626
50.050050050050054,0.002567172218894527,-0.00277953927170624,-0.03695733572564002
50.450450450450454,-0.0002491609083800292,-0.007497465459433703,0.01709602789245261
50.850850850850854,-0.0010314857753711542,0.0041805799147218315,0.02570091664098891
51.251251251251254,0.001428729787956883,0.004722747618370427,-0.02227532133861945
51.651651651651655,0.0011984713404255259,-0.005312679909344364,-0.014398265883133317
52.052052052052055,-0.0008512924428678251,-0.0021392890755667577,0.024988432750860566
52.452452452452455,9.033350783088244e-05,0.005078799481971036,0.00014571947653069586
52.852852852852855,0.0010131598238666984,-0.002424112297089277,-0.027403348263263322
53.253253253253256,-0.0013693167815675184,-0.006503439281423354,0.014959387237746083
53.653653653653656,-0.001723614481930326,0.005973775168442913,0.03236753049731585
54.054054054054056,0.0019484407503131847,0.008344699194241634,-0.025109466504937783
54.454454454454456,0.002305780821756489,-0.007289940498266163,-0.03527984772288566
54.85485485485486,-0.0018195792899983647,-0.008730401668398892,0.030156448504138057
55.25525525525526,-0.0020726179325989006,0.007702166495491877,0.03358398297872321
55.65565565565566,0.002040884195763625,0.008396023657700034,-0.02986039200579255
56.05605605605606,0.002399302650747769,-0.006366833695955028,-0.02676901318460049
56.45645645645646,-0.0008068922272691042,-0.006031176748550004,0.0249066236034571
56.85685685685686,-0.001014950526583963,0.004102586168399714,0.012626344685464221
57.25725725725726,0.0004600059526491814,0.0008343523638272494,-0.021701164604904007
57.65765765765766,-0.0005685109533709852,-0.0040486582269732485,0.0053821551963636385
58.05805805805806,-0.0008932401514487354,0.003639078415060622,0.022307089241626298
58.45845845845846,0.0014298216123137524,0.005019813386115847,-0.019305628837932385
58.85885885885886,0.0012581678149082315,-0.006094830414382311,-0.022195829687112468
59.25925925925926,-0.0016421263241041691,-0.004842763235441803,0.0283193954335556
59.65965965965966,-0.0009107649341016605,0.007877082070359274,0.01943395371175292
60.06006006006007,0.0022314594743651508,0.004012147701409265,-0.034827985589131555
60.46046046046047,0.000903541679677465,-0.00935984307640394,-0.01640985667865567
60.86086086086087,-0.002525878236062976,-0.004086135633710737,0.03613142736742922
61.26126126126127,-0.0013656149787870575,0.008118795900458053,0.011185497174773367
61.66166166166167,0.0013307096181212632,0.002370175138091045,-0.03129051511972514
62.06206206206207,0.00014249439221318,-0.006149320401183819,-0.0008914551512139517
62.46246246246247,-0.0012550539724681196,0.0010554000231731177,0.025998946336759594
62.86286286286287,0.0005183301394680634,0.005173280579655912,-0.011260024198712566
63.26326326326327,0.0008901502182020732,-0.004115122292881098,-0.022557263273757323
63.66366366366367,-0.001506794401708435,-0.0048410391410660825,0.02026234875906747
64.06406406406407,-0.001370381387451513,0.005307181716292103,0.01708529743900048
64.46446446446447,0.0008627410058134861,0.002735150671127859,-0.027046350689706657
64.86486486486487,-0.00027907112955872994,-0.007195235068715854,-0.009271235453363755
65.26526526526527,-0.0025128908854247433,-0.0009232141548305103,0.03394299830214925
65.66566566566567,-0.00042184541377241445,0.009307792742519423,0.004660277128033443
66.06606606606607,0.002253665669259294,0.0012667998095655456,-0.035079187245219565
66.46646646646647,0.00046833210022200736,-0.007669932754438943,0.0006575109333717948
66.86686686686687,-0.0012967104518465313,0.0009739820580780632,0.030906415021859604
67.26726726726727,0.0007947714307673299,0.006622704820313847,-0.009569379858306925
67.66766766766767,0.001716013178373594,-0.0032581835698514386,-0.02721663758795715
68.06806806806807,-0.0008114303984080419,-0.00645049345648836,0.01405615740643016
68.46846846846847,-0.0017077513123102918,0.002113593287008724,0.016244577880699784
68.86886886886887,-0.0005831602394218512,0.0009990211391666304,-0.019078228735872074
69.26926926926927,-0.0016537852738497606,-0.004940754917934661,0.0010746433120444668
69.66966966966967,-0.002342012704331307,0.0037748004695640734,0.03292516371959786
70.07007007007007,0.0010500442396868673,0.01000327147987196,-0.012407560283469319
70.47047047047047,0.0025869770947507154,-0.004774377261764751,-0.046885857586417966
70.87087087087087,-0.0018941081748840055,-0.013268295165727318,0.015287330325105018
71.27127127127127,-0.0043211362147494966,0.0036850085553384424,0.05178588858753966
71.67167167167167,1.9330262205184776e-05,0.013469468896945445,-0.01294692793189573
72.07207207207207,0.0027832725294391065,-0.001941962335361193,-0.04564535417150218
72.47247247247248,-0.00038306568579641443,-0.009769830473576649,0.012813794597115671
72.87287287287288,-0.002108513139102021,0.002470323889952006,0.03184922865788837
73.27327327327328,0.0002028629925780837,0.0055513668953899135,-0.017983913916879347
73.67367367367368,0.00045009660422012877,-0.004208129405960872,-0.016736916506509093
74.07407407407408,-0.0013853674115065259,-0.002136673181197203,0.023135261239404774
74.47447447447448,-0.0005066536084103806,0.004910346676172596,0.00033420229791029064
74.87487487487488,0.000323763667198747,-0.002845723264220612,-0.028970192355277664
75.27527527527528,-0.002356013061621044,-0.00748371581141428,0.014671081685329216
75.67567567567568,-0.0030057376691209354,0.005766586557122764,0.0360167106774109
76.07607607607608,0.000843801261851333,0.009192042995304505,-0.024807205501693217
76.47647647647648,0.0013988583264161766,-0.007500314847267669,-0.03996354954867019
76.87687687687688,-0.003115160829729617,-0.01007412316458875,0.03113162199354469
77.27727727727728,-0.003568860392782152,0.00857024859866842,0.04229722677466974
77.67767767767768,0.001545965340588581,0.012130638990683418,-0.0270253512232034
78.07807807807808,0.0032621027308328355,-0.004175382080721754,-0.03621552575122179
78.47847847847848,0.00010963531224813302,-0.007838473645304685,0.017155143233341708
78.87887887887888,-0.0011301650760164488,0.0015835285332288893,0.016792467017981958
79.27927927927928,-0.00017675538850541746,0.0008604818660228638,-0.015750109971437484
79.67967967967968,-0.0009046154796473536,-0.0031173523136893066,0.003502552925358426
80.08008008008008,-0.0011574850941598398,0.002847126369977599,0.017219526985221084
80.48048048048048,0.0005219879987931306,0.00286613439990815,-0.02049697341164914
80.88088088088088,-0.0004416815090529373,-0.007443150375087146,-0.01664989580249177
81.28128128128128,-0.0032529220490957068,-0.0026366575400667423,0.04001944623906521
81.68168168168168,-0.0006988052264013567,0.014443353478712015,0.025817013628475743
82.08208208208208,0.005032279969046207,0.008851271132338094,-0.05045279372043378
82.48248248248248,0.003988461576856357,-0.013304280182003221,-0.039321282977454505
82.88288288288288,-0.0023087041192836315,-0.012610190787913228,0.03987440580629416
83.28328328328328,-0.0035635673321394792,0.0057408354502062366,0.031997497927072995
83.68368368368368,-0.0004825823476715856,0.005346696772917962,-0.029402749343432222
84.08408408408408,-0.0008777024562262783,-0.006025303482538548,-0.011215794296406251
84.48448448448448,-0.002651256582549784,0.000398063076191303,0.03467145999957168
84.88488488488488,-0.00011459821960023599,0.009842654713655273,0.0002807098889691783
85.28528528528528,0.0024679152673590696,0.0006377599500352066,-0.03404973408657758
85.6856856856857,0.0008080270335129042,-0.0058597867614056,0.00934845348843041
86.0860860860861,0.00021344567950727086,0.003989013433558134,0.024845095041387506
86.4864864864865,0.002507764224929805,0.0036653401137685224,-0.029054021313454217
86.8868868868869,0.0010622739176243407,-0.010543064464639814,-0.02380106181847997
87.2872872872873,-0.0032668286655090292,-0.006497364204455933,0.04150244479062051
87.6876876876877,-0.0022033882899067294,0.01058714902997585,0.0239076114073989
88.0880880880881,0.0019074051982101914,0.005156446223500839,-0.04432129581432204
88.4884884884885,0.00038903831840842297,-0.010787732223615445,-0.016560349340160815
88.8888888888889,-0.0032601118255671004,-0.003120392814464361,0.045024383320968836
89.2892892892893,-0.0012186925741552719,0.010716983414955519,0.00822969680196556
89.6896896896897,0.001998326946189313,0.002034836662881844,-0.0391437992761911
90.0900900900901,0.0003400436729404919,-0.007295812788266149,0.0036045734609471535
90.4904904904905,-0.0010070388362518425,0.002421202039998632,0.02998359769979668
90.8908908908909,0.001262228875282987,0.00537598454597951,-0.02012708426901028
91.2912912912913,0.0009945027643948172,-0.007118261724856197,-0.025792627594165434
91.6916916916917,-0.0024355436711550604,-0.006039651764134672,0.030728395469326736
92.0920920920921,-0.0019652899037532695,0.007721169091059106,0.021251431966721045
92.4924924924925,0.0012274412575679,0.004449996157868669,-0.03248632439580777
92.8928928928929,0.0003927956183931514,-0.007048633707765696,-0.010252818484908046
93.2932932932933,-0.001766467358277363,-0.0007123548637048517,0.03259793738018214
93.6936936936937,5.569559733438321e-05,0.007225955719410744,-0.004002903852833005
94.0940940940941,0.0013579654424507371,-0.002747584505280418,-0.03270767901534888
94.4944944944945,-0.0013692113610698504,-0.007422911427287935,0.016347907537328243
94.8948948948949,-0.0020179705922560003,0.005178001722818853,0.030418434452380537
95.2952952952953,0.0011046001222871848,0.006407211624487109,-0.02667669815851746
95.6956956956957,0.0008376511792753223,-0.007707829694576347,-0.02602809362962118
96.0960960960961,-0.0026646255684083337,-0.005496207319065439,0.0349983082064633
96.4964964964965,-0.0017055470198632883,0.009344725563814767,0.021578818282303135
96.8968968968969,0.0020280596397491525,0.005249736415491677,-0.03608616606940778
97.2972972972973,0.0012707939935450146,-0.007213810426396376,-0.010407485906758015
97.6976976976977,-0.000832517481253271,-1.5741842579022718e-05,0.036137620446557106
98.0980980980981,0.0014941330446466808,0.00874830725095781,-0.005018312796613668
98.4984984984985,0.0030895670222416366,-0.0033438768092797296,-0.04128285041660476
98.8988988988989,-0.0005297020897228793,-0.010916571089177114,0.012956815560926243
99.2992992992993,-0.002503554629331934,0.0029087293661642826,0.039338610033597884
99.6996996996997,0.0005267493028501167,0.008143985357494696,-0.018735826329317713
100.10010010010011,0.0012826297110442506,-0.005139719930338932,-0.02981369357832809
100.50050050050051,-0.0016544290856714819,-0.005386480882001086,0.02908912907418381
100.90090090090091,-0.0009563096801689211,0.008370879171678456,0.021879004786110268
101.30130130130131,0.00246677908654719,0.004673063707360526,-0.03573047503629003
101.70170170170171,0.0014110674980081174,-0.008342396541967188,-0.012941448096823911
102.10210210210211,-0.001302902841432827,-0.0017136711021915924,0.03672256022233027
102.50250250250251,0.0005011633186467294,0.008025314867636923,-0.0015354828061840704
102.90290290290291,0.0020812923910881014,-0.0027221312057192316,-0.03824832589281619
103.30330330330331,-0.0010741480403110859,-0.00930907536897464,0.014905711352190047
103.70370370370371,-0.00228585697594249,0.0049360999404199175,0.03869865190045738
104.10410410410411,0.0013569756825098298,0.008825578107652353,-0.02440739552560696
104.50450450450451,0.0019139473966676653,-0.006731427837860034,-0.03404926117845326
104.90490490490491,-0.0018088366923877208,-0.007194499444250529,0.03231901415510192
105.30530530530531,-0.0014652668491665442,0.008519915582664527,0.02683503010768092
105.70570570570571,0.0022998700854265737,0.00586504988554898,-0.03607589419848024
106.10610610610611,0.001566009087107369,-0.008120361322555444,-0.016229515234435582
106.50650650650651,-0.0012643781755864952,-0.0023107142410127837,0.03650036441341676
106.90690690690691,0.00040526314364923834,0.008245370439103413,0.0023956366400749137
107.30730730730731,0.0024000647100969174,-0.0009607138922450493,-0.035548297249383194
107.70770770770771,3.4968598887493004e-05,-0.00750612358595964,0.011835223495250773
108.10810810810811,-0.0008665784378609182,0.004389108442862707,0.031336012980765916
108.50850850850851,0.002031019429243736,0.005938995498254383,-0.027429191108425902
108.90890890890891,0.0014408281668105627,-0.008896728947480094,-0.027376344403669328
109.30930930930931,-0.0024794185003348956,-0.005895504230432931,0.040884615100753946
109.70970970970971,-0.0011050983191255054,0.011756788332626979,0.026488039856932072
110.11011011011011,0.0036364303509213098,0.006947069939865475,-0.04450260612648364
110.51051051051051,0.002738043472181346,-0.00963259948506219,-0.01888623976205918
110.91091091091091,-0.0006349800222049163,-0.0028986914417138436,0.0425275856364281
111.31131131131131,0.0012367834809053184,0.009441424755674626,0.002716757813516057
111.71171171171171,0.0034297445541442255,-0.001826836588211811,-0.04477960650495904
112.11211211211211,3.113483571751119e-06,-0.011567446010614987,0.008130159503991898
112.51251251251252,-0.002457951340817197,0.0014838745301641145,0.03967055718212098
112.91291291291292,5.7187625128062806e-05,0.007023785462752989,-0.01774623541038933
113.31331331331332,0.000525239045076045,-0.005134016290161783,-0.02386442176747388
113.71371371371372,-0.0017326910401898878,-0.0017051992955062906,0.03884494759093317
114.11411411411412,0.0008912933433884829,0.013148981799769546,0.014923474497798732
114.51451451451452,0.005169864133165165,0.003251897554873806,-0.055649960985487475
114.91491491491492,0.0022935804194987577,-0.014553130127090268,-0.011960216279756165
115.31531531531532,-0.0020975906166648666,-0.00250164149249767,0.05764938333720272
115.71571571571572,0.0008256991895942997,0.013174352559847871,0.001568526338471491
116.11611611611612,0.003958775593417623,-0.0016561421002163207,-0.05728109979934294
116.51651651651652,-0.00017336936974472923,-0.014387654658928786,0.008041229377754174
116.91691691691692,-0.003362894365724711,0.0014886546207678198,0.05137300085461438
117.31731731731732,-1.4962711943342696e-06,0.010701231669280296,-0.013733345935561138
117.71771771771772,0.001926549455337705,-0.0023043824327121454,-0.031667852014230544
118.11811811811812,-2.935685483681041e-05,-0.003302327195903635,0.027154936710121546
118.51851851851852,0.0012254714748892574,0.008596577518461422,0.013288413121784134
118.91891891891892,0.003943618727306518,0.0009868968138048548,-0.04316933934482942
119.31931931931932,0.0012424517704888345,-0.011654888175448205,-0.002935587653189766
119.71971971971973,-0.001728444873332852,0.00046487059904115873,0.048728296548851184
120.12012012012013,0.0013810583268290709,0.010874333940526448,-0.011028533420382016
120.52052052052053,0.002995908883472208,-0.005732233265533387,-0.05255568978756082
120.92092092092093,-0.002019359202981914,-0.014107325313075653,0.0218240517240709
121.32132132132134,-0.004200953079834561,0.005431266185224353,0.05352887564438316
121.72172172172174,0.0005434977934076664,0.012856051470376238,-0.023541525694000306
122.12212212212214,0.00240770151955964,-0.004901764428012683,-0.0430373852067874
122.52252252252254,-0.0012593662463029304,-0.00853247072354895,0.02629960375245255
122.92292292292294,-0.001805103325349664,0.005727849322127044,0.02550712674951813
123.32332332332334,0.0008539361220582338,0.003477136404783022,-0.032202204528837736
123.72372372372374,-0.0003341903802650863,-0.007619824702605376,-0.006858013511843137
124.12412412412414,-0.002291006076324629,0.0011417673419800841,0.039811538722261286
124.52452452452454,0.0007013228807067312,0.010610630111030929,-0.005599720017105657
124.92492492492494,0.002931796057515029,-0.0020561942441228364,-0.042233085425165434
125.32532532532534,-0.000163617516531632,-0.00942680318543315,0.014175518754080177
125.72572572572574,-0.0015334575842614654,0.004068296829314625,0.03527469162134111
126.12612612612614,0.0014664094849118885,0.006579227342117621,-0.02636209771934425
126.52652652652654,0.0011568556091009223,-0.008306328469708331,-0.028917345545073754
126.92692692692694,-0.0027490099879344033,-0.006676303477490664,0.03548662226115873
127.32732732732734,-0.00216449316596745,0.008700609362401395,0.022745301102784606
127.72772772772774,0.0013577148723387666,0.004741797481202344,-0.03630779763478004
128.12812812812814,0.0003885511387758541,-0.007704369639841375,-0.009736037103970816
128.52852852852854,-0.001824593127292204,-3.0485079741592036e-05,0.03739401314847885
128.92892892892894,0.0005728835246182419,0.009057242076234776,-0.004457509947686621
129.32932932932934,0.0023692071894966045,-0.0025104085927806427,-0.038947713862907914
129.72972972972974,-0.0007233462509639223,-0.009218123839162005,0.014026789268764366
130.13013013013014,-0.0020456607921933946,0.004174350101870223,0.036264628764996525
130.53053053053054,0.0012309095883641418,0.008232883726972114,-0.020009695349026364
130.93093093093094,0.0020473340845208804,-0.00474484881647846,-0.028451579305460308
131.33133133133134,-0.0007731001896517371,-0.005727766953112641,0.022652956260308877
131.73173173173174,-0.0009382889545555195,0.004168157112283612,0.01253424685818291
132.13213213213214,0.00046131910678792894,7.889156561778762e-05,-0.026189280017994494
132.53253253253254,-0.0012011147279001972,-0.006011580813157271,0.007518171579906774
132.93293293293294,-0.001738237639781719,0.005316018829808212,0.035437556149263534
133.33333333333334,0.0020960899232792354,0.009892724858887127,-0.020961238688181952
133.73373373373374,0.0030677875379245085,-0.006631643712473851,-0.04321051379304877
134.13413413413414,-0.0014687654128430596,-0.011168651211422843,0.025976863247635682
134.53453453453454,-0.002702923891842411,0.005945411690882734,0.03931507225118328
134.93493493493494,0.0010870130193156202,0.00810123799849354,-0.030069786065521194
135.33533533533534,0.0011757442761791185,-0.007448384447461603,-0.02724638808563296
135.73573573573574,-0.0021396804512581287,-0.004523412790572531,0.0380169066734743
136.13613613613614,-0.0007101965661091976,0.010144626027155747,0.01643186253747704
136.53653653653654,0.002784594824589148,0.003212678709860771,-0.041856846770296816
136.93693693693695,0.0010549153912128681,-0.009227846685961537,-0.004598690693954931
137.33733733733735,-0.001296762559030079,0.000636739965187998,0.040145276004362046
137.73773773773775,0.0012759753804098292,0.008545438515969781,-0.01191638171227542
138.13813813813815,0.002307026281465979,-0.005384717077909879,-0.040170763833680526
138.53853853853855,-0.0016879912613456016,-0.010162160369307076,0.022601218205415073
138.93893893893895,-0.0028325985971829996,0.005362144360943731,0.035676938003508976
139.33933933933935,0.000552738561587303,0.0070682297048521615,-0.027880068621705542
139.73973973973975,0.0005720319801581106,-0.006486156686356623,-0.021005280762026422
140.14014014014015,-0.001970537837487993,-0.0020688643917519413,0.03777154344006763
140.54054054054055,0.00019551693215607001,0.010924788959703738,0.009878896295688644
140.94094094094095,0.003544861883857945,0.0020328735521453374,-0.0437322562254334
141.34134134134135,0.0013646486945820256,-0.009971119672474141,-0.0019074500923952076
141.74174174174175,-0.0011387020834496902,0.0003516418167234178,0.03919037597417505
142.14214214214215,0.0012113445015399533,0.007803833996110271,-0.01170145050637207
142.54254254254255,0.0021227012721082984,-0.00487246701866802,-0.03463744863927624
142.94294294294295,-0.0012466863205863046,-0.007809563800560135,0.024211845682401575
143.34334334334335,-0.0015707761121912483,0.006552663582219865,0.029237731536545453
143.74374374374375,0.0017634525379709135,0.005798799237135374,-0.03179845695066464
144.14414414414415,0.0011549568984450137,-0.007891637193447858,-0.018371336746767324
144.54454454454455,-0.0016969145047440303,-0.0022358195550952076,0.04013193235811341
144.94494494494495,0.0004870890424086839,0.010927560009921209,0.008517050322315187
145.34534534534535,0.0036892372506977644,0.0012812992000064817,-0.045411991152184195
145.74574574574575,0.0011187863496581697,-0.011043997852972937,-0.001533798087062381
146.14614614614615,-0.0016958765133992782,8.342969577137399e-05,0.04254157384864064
146.54654654654655,0.0008191942576590734,0.008814913740702377,-0.009439317944869605
146.94694694694695,0.002205201182716195,-0.003817424570554881,-0.036827529194663866
147.34734734734735,-0.0009789840368691093,-0.007970212010295257,0.02165892050588233
147.74774774774775,-0.0014559738695994627,0.006242068755273805,0.03101539855273438
148.14814814814815,0.001941010454661808,0.00641075377229414,-0.03031119028928938
148.54854854854855,0.0015625445088750663,-0.00771798304318636,-0.02193753149778535
148.94894894894895,-0.001549475203498068,-0.003683306158021301,0.03688860304987672
149.34934934934935,-5.96218887253619e-05,0.009315642870588635,0.011202209406798912
149.74974974974975,0.0028197234013061113,0.0014147001562253925,-0.04067771089562154
150.15015015015015,0.0006086632135293911,-0.009619146303115675,-0.0004242636813316693
150.55055055055055,-0.0016726564099876257,0.001041890716884342,0.03965895801142225
150.95095095095095,0.000986389198874472,0.008646545653500893,-0.011427602005169955
151.35135135135135,0.002237856462127998,-0.004078115540969123,-0.03526454818319923
151.75175175175175,-0.0008716371889733693,-0.007286390921806752,0.02387935257043223
152.15215215215215,-0.0009766024487165266,0.007201382020908015,0.03002076144794381
152.55255255255256,0.0026680800583214386,0.006615717921734094,-0.03229803356507056
152.95295295295296,0.0022678500912650685,-0.007854465101499439,-0.021576377551798944
153.35335335335336,-0.0008465252336204317,-0.003574650400899837,0.0370817824165078
153.75375375375376,0.0006368304645979908,0.009017518715031344,0.009136109807400934
154.15415415415416,0.003230531724669733,0.00036789052828594673,-0.041600276013885454
154.55455455455456,0.0006031433939552853,-0.010500555991290121,0.0009292356886251886
154.95495495495496,-0.001933862432939136,0.0005675682051235575,0.03980091320131923
155.35535535535536,0.00048253165652996724,0.007764878451804084,-0.01323569361571925
155.75575575575576,0.0012475267787882289,-0.005528629152522477,-0.03563844240341679
156.15615615615616,-0.002372047791345147,-0.008114518039951057,0.027511997756480177
156.55655655655656,-0.0024230427077099287,0.00846731977589811,0.03621989867465241
156.95695695695696,0.002169309215433954,0.009795500472537553,-0.030439791992365725
157.35735735735736,0.002959673748321727,-0.005646043149593382,-0.027728746863724122
157.75775775775776,0.00016787583025440857,-0.004141910223999533,0.03137831242062638
158.15815815815816,0.0011755169192739525,0.007756389766005887,0.011248808357454822
158.55855855855856,0.003500601032289231,0.00023329684258775567,-0.04017900211625748
158.95895895895896,0.000770342523183997,-0.011202864834833308,-0.002265885787125556
159.35935935935936,-0.0022130013367791302,-0.0005427076487980152,0.04269925430730979
159.75975975975976,0.00022536674223705205,0.009403336614858832,-0.004559798405618481
160.16016016016016,0.002163738869098602,-0.0019991870046810983,-0.036992668449179256
160.56056056056056,-0.0004887935066556289,-0.007456730045938312,0.01683649875434012
160.96096096096096,-0.0010524496227723383,0.005678673971076692,0.03146916513209091
161.36136136136136,0.0022703286417726214,0.006697557487731617,-0.02849381706334784
161.76176176176176,0.0019688467562048477,-0.00812735489745696,-0.027395539525893634
162.16216216216216,-0.0018090620545765366,-0.006512619467751897,0.03271462805517196
162.56256256256256,-0.001541715547722376,0.006639521360435523,0.015673226247698
162.96296296296296,0.0006981612330549638,0.000914035461677491,-0.0358523391715307
163.36336336336336,-0.001410140646253721,-0.008750297143313464,0.0026368484050018903
163.76376376376376,-0.0029762263807313503,0.004104162134142437,0.04737953903454091
164.16416416416416,0.0014257668092676644,0.013665549696590146,-0.012697133019067384
164.56456456456456,0.004082134452983572,-0.003276827490106979,-0.053718958203715944
164.96496496496496,-0.00017885908534086303,-0.01316779875286972,0.01535359811857009
165.36536536536536,-0.002543438039311491,0.0036302612819500155,0.04801002210788339
165.76576576576576,0.0012389445776311192,0.010424197227952027,-0.021031099391448198
166.16616616616616,0.0024222937164724376,-0.005869608954680774,-0.040476931019587374
166.56656656656656,-0.0016234693207423222,-0.00995946557777724,0.021568718620284418
166.96696696696696,-0.0031550557435009465,0.0024512082139761526,0.024056033588332984
167.36736736736736,-0.0015513909046649223,0.0024395185837960604,-0.01986174716073276
167.76776776776777,-0.0020090579705203584,-0.0029282662458078724,0.005236683657313536
168.16816816816817,-0.0016225059003183915,0.006688031540457809,0.030696166961066505
168.56856856856857,0.00244326242182141,0.00982399632697954,-0.023470569006948636
168.96896896896897,0.0032783416659696286,-0.006994691180393563,-0.04212713294279817
169.36936936936937,-0.0012870439861842867,-0.010991355703102643,0.026418737845035546
169.76976976976977,-0.0025385185311925878,0.005325199558902912,0.03469506349842739
170.17017017017017,0.0005823086359797127,0.005456089481641225,-0.033641750979076346
170.57057057057057,-0.0004571928997160052,-0.009869337527810777,-0.022590810428882585
170.970970970971,-0.004252575616430197,-0.004387818319836796,0.04432718017355368
171.3713713713714,-0.002379676047341392,0.011937444500203237,0.01870566067052425
171.7717717717718,0.0020267779558926858,0.0060759251199647545,-0.038327230121952736
172.1721721721722,0.0016851138768577223,-0.005443247791102446,-0.005448702266993417
172.5725725725726,0.0004806037377969338,0.0018127231656383663,0.028305308950096433
172.972972972973,0.0025612193027020154,0.005349252750525922,-0.01735759765286797
173.3733733733734,0.0024322050085386973,-0.006634924033122358,-0.026153630302524232
173.7737737737738,-0.0008158408531564001,-0.005454832225671067,0.03233333726769287
174.1741741741742,-1.2849287853734228e-06,0.008584218981436088,0.018669455236695724
174.5745745745746,0.002975233421997656,0.0015782170851004972,-0.048268800985050486
174.974974974975,-0.00024969376128554507,-0.015354136257881928,-0.014764478559648596
175.3753753753754,-0.005173395783008352,-0.0038778231208570785,0.06183227945566992
175.7757757757758,-0.0019383695479961807,0.01726074144756863,0.02203697755639846
176.1761761761762,0.004227328210379251,0.008048711064484562,-0.05652685625886901
176.5765765765766,0.0031108237140573224,-0.011042689148934437,-0.020178886833631303
176.976976976977,-0.0009035058797211108,-0.00480284750739726,0.04002582285031749
177.3773773773774,1.5661247324080417e-05,0.00687307770439789,0.004730597713272312
177.7777777777778,0.001766332062143215,-0.00044236230846021306,-0.028469724300753018
178.1781781781782,7.356553101068339e-05,-0.005248640941276643,0.010428508180307845
178.5785785785786,-0.0004602533490683597,0.003024861078220087,0.016554863379770537
178.978978978979,0.0008631799970086557,0.0004963822354891148,-0.026961157005966623
179.3793793793794,-0.0011042553100119863,-0.008752542898978621,-0.00415873026703981
179.7797797797798,-0.0032538280353817083,0.0016679096670750549,0.04729326204653593
180.1801801801802,0.0006653716354992005,0.014693196353053618,0.0012266219677817027
180.5805805805806,0.004607613620349814,0.0009967547209564437,-0.05583682017568437
180.980980980981,0.0013204818403861228,-0.01353832210824122,-0.0005108383378391798
181.3813813813814,-0.0021015061935538513,7.207716618421942e-05,0.051319615606448904
181.7817817817818,0.0009916922165304435,0.011182814985731574,-0.008541050080365948
182.1821821821822,0.0030605222046252854,-0.003492773899189855,-0.04629010540540159
182.5825825825826,-0.0007526102819837926,-0.011212749888411384,0.01522397506272415
182.982982982983,-0.002802222716578504,0.002294033239757757,0.034207860834481324
183.3833833833834,-0.0005272451382434778,0.0051347156846959984,-0.02143987809350641
183.7837837837838,-0.0006883561507400655,-0.005412845100540818,-0.014214545950994811
184.1841841841842,-0.0024685265541548014,2.7175824815901285e-05,0.035399920626204465
184.5845845845846,0.0001560228547975533,0.010844829603930226,0.003328472342964982
184.984984984985,0.0030793285032408705,0.0004753039524560518,-0.04328034868556761
185.3853853853854,0.000506471721519764,-0.010073390193442472,0.0030024038385796144
185.7857857857858,-0.0017612133864101493,0.0012162409486373513,0.03808211157962391
186.1861861861862,0.0006887634726345973,0.007197000472139307,-0.016155990476580385
186.5865865865866,0.00112240575389363,-0.006243920976433663,-0.03337469966364533
186.986986986987,-0.0025710333069993725,-0.007881547025739673,0.028168478175340416
187.3873873873874,-0.002671013070874491,0.007528323304010674,0.030327590732450258
187.7877877877878,0.0011268525881043346,0.007181306876174135,-0.030402854463281774
188.1881881881882,0.001143467659532087,-0.0064172599896883025,-0.020855905912308608
188.5885885885886,-0.0015747024092353603,-0.00370767664960147,0.028038001294321532
188.988988988989,-0.0009564546250570499,0.0050440302170028095,0.0034883992922234604
189.3893893893894,0.00014297936895469216,-0.0016576194493066981,-0.026113706381064108
189.7897897897898,-0.0017706597600300696,-0.004787213852289475,0.01780516070442764
190.1901901901902,-0.0013643794010563897,0.007502055133219905,0.02721452312296412
190.5905905905906,0.0022719611886700968,0.00622253712987767,-0.036153489621186995
190.990990990991,0.00113977312650729,-0.01157787879716908,-0.031452495965127725
191.3913913913914,-0.003880484649012805,-0.007966479493204438,0.04757190211187494
191.7917917917918,-0.0026402872459767826,0.013388735182014288,0.03608363276113406
192.1921921921922,0.0032593749790052287,0.010187978688205819,-0.04803548099555941
192.5925925925926,0.002993061590270467,-0.010442870701196243,-0.03309528096398521
192.992992992993,-0.0017224779014992648,-0.008052363454666965,0.03913327578114524
193.3933933933934,-0.0016137952876838187,0.007077375342459146,0.018029757741624693
193.7937937937938,0.0009415387560333982,0.002085230483707495,-0.03339022630698592
194.1941941941942,-0.0005437678891588926,-0.00717008076870858,-0.0004594896240633778
194.5945945945946,-0.0021513528532662684,0.0012719378045285097,0.029564604499153983
194.994994994995,-0.00020661445141065656,0.005246616206123555,-0.015454907884142794
195.3953953953954,-0.0001325844844458497,-0.005309094288308372,-0.021323649513495628
195.7957957957958,-0.002468477793092699,-0.0023118810525669274,0.035923054386523386
196.1961961961962,-0.00020254575729243692,0.01243723906737081,0.018612902042355165
196.5965965965966,0.004254927446480519,0.005045974828003002,-0.04961376822495324
196.996996996997,0.002264290936937886,-0.012881513917827634,-0.01931941082425072
197.3973973973974,-0.002216081796116781,-0.004626438287869751,0.05012719063091371
197.7977977977978,-0.0003370715329595246,0.01122491214450733,0.01047918320245878
198.1981981981982,0.0029332105813540026,0.0010154681634449323,-0.04782724098966481
198.5985985985986,0.00022207720394742372,-0.011008437480781577,0.0024372656506316736
198.998998998999,-0.0022489520560716658,0.0015474412035653713,0.043530115049309974
199.3993993993994,0.0007057855710496249,0.009067202277171638,-0.015318389753238718
199.7997997997998,0.0018035167134223802,-0.005048236356702134,-0.0360994725922168
200.20020020020021,-0.0015589579563936003,-0.007192231707522991,0.028526276366321202
200.60060060060061,-0.0013511039220502662,0.008240292890806012,0.02857589853211855
201.00100100100101,0.002413990074566095,0.005935737570844349,-0.037145258390981976
201.40140140140142,0.0015509992056083578,-0.008850122259319805,-0.017368375030729265
201.80180180180182,-0.0014538249403009936,-0.0018753833859085538,0.04343133648503346
202.20220220220222,0.0009403600220130258,0.011042277136601993,0.0036151099852722787
202.60260260260262,0.0036944981427408426,-0.0010747164040670444,-0.05030931835800373
203.00300300300302,5.626475271690301e-05,-0.013271613134252595,0.004231104444353141
203.40340340340342,-0.0030593627234064766,0.0008381751489883425,0.04880267559221021
203.80380380380382,2.02565001626091e-05,0.01025775297863372,-0.012172383477192392
204.20420420420422,0.0016622333250368613,-0.00400884480189802,-0.0400601332821906
204.60460460460462,-0.001689889283662756,-0.008227205051346763,0.02396889879421017
205.00500500500502,-0.0020883312756223705,0.00675284053645302,0.03136365664122657
205.40540540540542,0.0014465557153207713,0.006457238265743061,-0.03172628330032245
205.80580580580582,0.001097484534245941,-0.007235211107288665,-0.01806108428609318
206.20620620620622,-0.0014940872856734062,-0.0017752056895662285,0.037646732329864985
206.60660660660662,0.0005116057896377015,0.009206603940518188,0.0008042588068830053
207.00700700700702,0.0024726061213421464,-0.0027271961552028223,-0.046091117190046896
207.40740740740742,-0.0013111397910237626,-0.012043629803589752,0.01285189433118521
207.80780780780782,-0.0033305795062849686,0.004692687178378098,0.051616676035759784
208.20820820820822,0.0011914021760687063,0.012776914036652886,-0.021352337975487707
208.60860860860862,0.002994600758014844,-0.005714165793479511,-0.0490668730944922
209.00900900900902,-0.0014636669867024376,-0.011156363326248399,0.02774177977270025
209.40940940940942,-0.0024668120986171918,0.007041849108580699,0.04061012594030248
209.80980980980982,0.0017247474984480235,0.008774376510423565,-0.03225878517406904
210.21021021021022,0.0019530253896330573,-0.0072668677134125025,-0.027341088589135795
210.61061061061062,-0.0013183114845844283,-0.004711929700658565,0.03448067784737421
211.01101101101102,-0.0004498855188841181,0.007195036474935497,0.008321586559820808
211.41141141141142,0.0014492850614694242,-0.0009441115149746897,-0.03740912094787106
211.81181181181182,-0.0011697210263112983,-0.00871552949437136,0.01105823467638859
212.21221221221222,-0.002301643651397164,0.0051940617515394425,0.04109906261355557
212.61261261261262,0.0016686122895339082,0.010020889471078494,-0.024573559154300775
213.01301301301302,0.0024635491571387462,-0.007138624238501497,-0.03995459331203845
213.41341341341342,-0.0017448778515321349,-0.008625427963409553,0.03493752492340138
213.81381381381382,-0.0015158416521857693,0.009728797488511763,0.03428716638748894
214.21421421421422,0.003027775982250872,0.007572594697698065,-0.042516507890914546
214.61461461461462,0.0021942968579494763,-0.010620501100835077,-0.026700045148698913
215.01501501501502,-0.0020993268821407323,-0.00593097264882059,0.04297074100066335
215.41541541541542,-0.0010448609541705196,0.009097819790119505,0.013366364773177732
215.81581581581582,0.001778595783916208,0.0011916504797687072,-0.04088658099280935
216.21621621621622,-0.000405587977218228,-0.00891366297008499,0.00433392001375347
216.61661661661662,-0.0020220738831994403,0.0034492124685153256,0.04136740151043318
217.01701701701703,0.0015007489819000967,0.01001675562946907,-0.017334043369281654
217.41741741741743,0.002846482805488564,-0.004718110998574996,-0.037421353310816016
217.81781781781783,-0.0004844079344279962,-0.007340792056019907,0.027490393684327985
218.21821821821823,-0.00041799377439201695,0.007663975219284679,0.027274391062030952
218.61861861861863,0.002970734762432696,0.004491842740686614,-0.040571595837207486
219.01901901901903,0.001202038585354162,-0.011950549518023516,-0.02095038925917998
219.41941941941943,-0.003165766759281755,-0.005056322893033865,0.047574942711691284
219.81981981981983,-0.001468115422814012,0.011243054031612925,0.014898340918516164
220.22022022022023,0.0021894644419674994,0.002789813777695757,-0.04547244702022869
220.62062062062063,0.00017168363461043902,-0.009794573449655406,-0.001888612999700818
221.02102102102103,-0.0021455652610959685,0.001363885371122823,0.04284716409607327
221.42142142142143,0.0008982289932115341,0.010141793248794329,-0.009498188739862651
221.82182182182183,0.002850023217138662,-0.0021649745623722053,-0.03483236653639295
222.22222222222223,0.000463338177279133,-0.005883799476529154,0.019933445547628957
222.62262262262263,0.00039981141603764165,0.005482111335891859,0.018552427962652378
223.02302302302303,0.0024121420281628743,0.0005305436132155746,-0.0384499360471816
223.42342342342343,-0.00032820564025786607,-0.011877994249137545,-0.004666045858240472
223.82382382382383,-0.003312798789602502,0.0015289586958161325,0.05972713024770886
224.22422422422423,0.001366359723121989,0.017715453469421986,0.0006494938536397397
224.62462462462463,0.005970590263311421,0.0003445425218423781,-0.0699375140803787
225.02502502502503,0.0014635082486426521,-0.018114806316100004,-0.0021484800884867365
225.42542542542543,-0.0034034083068459333,-0.0015387955489175771,0.06452403857240965
225.82582582582583,2.9502366020188377e-06,0.013768450811533873,-0.0036872111777669085
226.22622622622623,0.003137897774733828,-0.0014721797992956198,-0.05174815449659747
226.62662662662663,-0.00022976524069730212,-0.010577017242265833,0.01567085719726191
227.02702702702703,-0.0018316951039393037,0.004061431411550675,0.03703147822480925
227.42742742742743,0.0011837296763107753,0.00650531114510711,-0.0265437838945787
227.82782782782783,0.0010834402887957392,-0.006381557918184647,-0.017882326685929005
228.22822822822823,-0.001112941858361075,-0.0004892512514933891,0.040107693245878845
228.62862862862863,0.0016139792569116215,0.011399616681809884,0.0012277217574064754
229.02902902902903,0.004278506674475304,-0.0019013095849884807,-0.052530728520364986
229.42942942942943,0.0003479436602336393,-0.013244013423298989,0.011372381939617109
229.82982982982983,-0.00200759993336913,0.004782961646327445,0.05807862372670028
230.23023023023023,0.002958629839819581,0.014303054708949202,-0.023525790951814788
230.63063063063063,0.004813887511959191,-0.007748475220682349,-0.062457027533387444
231.03103103103103,-0.001436037994493444,-0.01740593759993788,0.024307950218882036
231.43143143143143,-0.004641573833802395,0.003602611186737921,0.05621716546647253
231.83183183183183,-0.0004750770205462438,0.011910471799973519,-0.019282912785823867
232.23223223223223,0.0015688804047808284,-0.0026301318073121754,-0.032893372669090544
232.63263263263264,-0.0005395148692241231,-0.003748043273837206,0.025672119137178165
233.03303303303304,0.0002792111674884748,0.0067416588180789615,0.010444824797248493
233.43343343343344,0.002328512745764203,0.00039410219334686674,-0.033309448388626595
233.83383383383384,0.0003771777789602713,-0.007235772067556489,0.007836116869837383
234.23423423423424,-0.0005275742493901435,0.004671512999453033,0.03520452883064926
234.63463463463464,0.002743546549986736,0.006975058731879171,-0.03187213380209687
235.03503503503504,0.0016637180160175658,-0.013454509737409227,-0.04657559143205753
235.43543543543544,-0.005190277253272759,-0.014177277889910399,0.047793213528163875
235.83583583583584,-0.005591852755163779,0.01317380294071498,0.06192716732573173
236.23623623623624,0.0021327643351493966,0.018248430618169272,-0.04055891045051167
236.63663663663664,0.004756520093553231,-0.005962167640964334,-0.05285862700118162
237.03703703703704,0.00041108079974068587,-0.00958917185846484,0.03483240602686137
237.43743743743744,0.00019221155316100015,0.008046756721673208,0.02870795762364392
237.83783783783784,0.0035214572605317906,0.003338922008209509,-0.045806491888473556
238.23823823823824,0.0011486380117311276,-0.013003083844417689,-0.014825797889807524
238.63863863863864,-0.003103623255770406,-0.0038002769786621565,0.04817874651388121
239.03903903903904,-0.00138406452100227,0.008947666084097401,-0.0005651531944107294
239.43943943943947,0.00036853789707420485,-0.003083933782339534,-0.0414071218134522
239.83983983983987,-0.0027919335774190947,-0.007819482451802574,0.027818830194476153
240.24024024024027,-0.0023138804410949053,0.011355227158039508,0.043812103795213754
240.64064064064067,0.00354699775011139,0.011634335042200386,-0.04588964763161377
241.04104104104107,0.003415917283614862,-0.012267486531879455,-0.04538839048675579
241.44144144144147,-0.002465927033980411,-0.010185936639811571,0.053353716569491866
241.84184184184187,-0.0015721964915588003,0.013499295241963317,0.03687707760800612
242.24224224224227,0.004029517681809134,0.00785501711393952,-0.0574781949358367
242.64264264264267,0.002394517252305346,-0.013673544417341865,-0.024428086066209467
243.04304304304307,-0.0024699731687651745,-0.005084247299947134,0.0545147482830354
243.44344344344347,-0.0005732637212798899,0.011132148681053212,0.006118998017684914
243.84384384384387,0.0022027509104466545,-0.0011615479157477508,-0.049304900217877784
244.24424424424427,-0.0010429337279230845,-0.01043669273007052,0.01617570058717805
244.64464464464467,-0.002232104369958283,0.006698936736156232,0.04725352083301006
245.04504504504507,0.0024378519000817986,0.011063917869931127,-0.03171127015198762
245.44544544544547,0.003103016657479774,-0.008408517274510986,-0.04115380415345471
245.84584584584587,-0.0014180827061730508,-0.008433883358511888,0.04038497188330935
246.24624624624627,-0.000936254612822512,0.009902169988959118,0.02717238417084761
246.64664664664667,0.002921215327734144,0.003999908933280821,-0.04907903100276319
247.04704704704707,0.0006613902553992868,-0.012739157480265774,-0.012753212099090173
247.44744744744747,-0.00317322953895672,-0.0017212287173185687,0.053906091247198695
247.84784784784787,-0.000251456717010184,0.012454035963484775,-0.0008842406543169623
248.24824824824827,0.002595683304977184,-0.0017902229747781542,-0.0513887472058117
248.64864864864867,-0.0009309744908421143,-0.010933763728601545,0.018103577039987422
249.04904904904907,-0.0021643617309234694,0.006875296309703767,0.04796653096294719
249.44944944944947,0.0025628856868819033,0.011018458541464007,-0.033432881714263285
249.84984984984987,0.003032401228033983,-0.00941243808627733,-0.04381252888231683
250.25025025025028,-0.002059330451724162,-0.010113827052202823,0.04010172941442782
250.65065065065068,-0.0022000428568017052,0.008615189444875096,0.028804376142588954
251.05105105105108,0.0012470913106300031,0.003148294469028725,-0.048547195582215166
251.45145145145148,-0.0012797683761565266,-0.01302850737160443,-0.009478352502534038
251.85185185185188,-0.004809767270894454,0.00044526576446725537,0.062222853651329554
252.25225225225228,-0.00044499549760329635,0.016979326758011993,-0.0003231734546300744
252.65265265265268,0.00384363963093024,-6.312209045614397e-05,-0.0645526725729198
253.05305305305308,-9.211640327851014e-05,-0.014390121802889802,0.009524635236807995
253.45345345345348,-0.002915121095964004,0.003625096960391653,0.057009634574331565
253.85385385385388,0.0014152967699807121,0.01231951112520461,-0.023734859620798198
254.25425425425428,0.0028213804911650805,-0.006980864985959287,-0.047886630324925676
254.65465465465468,-0.0018044169722152385,-0.010369862645740208,0.03383362233550997
255.05505505505508,-0.0023289969974191103,0.007595682841727508,0.031819603062834066
255.45545545545548,0.0011336597646274232,0.004496185657572909,-0.04190540472339477
255.85585585585588,-0.0004623234932756052,-0.010177220965042533,-0.00940775793183503
256.2562562562563,-0.0030885602796237896,0.0015058657165131556,0.053511261778813726
256.65665665665665,0.0009248753851563499,0.014203802492420634,-0.008355790105539832
257.0570570570571,0.003714843245931794,-0.003975727322634069,-0.06089815048493696
257.45745745745745,-0.001151321801084825,-0.014504626234317475,0.022192058595595626
257.8578578578579,-0.0031552100376596765,0.007170042879287872,0.06011592069868399
258.25825825825825,0.002426438098687847,0.014066880354501135,-0.03443152178121137
258.6586586586587,0.003640014281810831,-0.009435996316118368,-0.054857733527070664
259.05905905905905,-0.002181666881568022,-0.012992561328763442,0.039784229082395976
259.4594594594595,-0.003080081631938432,0.00854057296006636,0.040648159255675456
259.85985985985985,0.0012230281149539011,0.007030023759777017,-0.043557522890342024
260.2602602602603,0.00023049679897687745,-0.01029496987368434,-0.01965760571160517
260.66066066066065,-0.003218294901950729,-0.0020786369052033264,0.04906597657836381
261.0610610610611,-0.000655252158422837,0.011400445559109957,-8.63517184432755e-05
261.46146146146145,0.0018990094974696415,-0.002085818276283965,-0.048838974127220554
261.8618618618619,-0.001499676740715677,-0.009865618424367176,0.02255955936524312
262.26226226226225,-0.0019939331910055003,0.009185991066161064,0.04766983043472971
262.6626626626627,0.0033217187620688893,0.010856556632359958,-0.0451364257954219
263.06306306306305,0.002692518139609232,-0.014538576426771586,-0.0522707929327673
263.4634634634635,-0.004552767273363364,-0.014174370545349462,0.05422967406034111
263.86386386386386,-0.004852433795550416,0.012181330236307722,0.047359692403254126
264.2642642642643,0.0009870346093227246,0.009901177921479053,-0.05360960458652239
264.66466466466466,0.00021436909405634502,-0.011877894809470626,-0.02710157772926814
265.0650650650651,-0.003994623288737566,-0.0030882265510354164,0.05906939899239602
265.46546546546546,-0.0008396444980626749,0.015359164355829676,0.009689805786795166
265.8658658658659,0.0035853292164344176,0.001959158793126253,-0.05833325687780364
266.26626626626626,0.0007350308821673795,-0.011577510270085054,0.006964997383500631
266.6666666666667,-0.001418287061616992,0.0035243865425331282,0.04518461236376857
267.06706706706706,0.0017638378778530898,0.006573126774891589,-0.036826663150665864
267.4674674674675,0.00029757826238969325,-0.014023698730592511,-0.03814394552849135
267.86786786786786,-0.005688990624362665,-0.008795473688326037,0.06248104030584976
268.2682682682683,-0.0036090027491732846,0.01738939249104582,0.03668576557944672
268.66866866866866,0.0030756830000994596,0.008414797556617528,-0.07138397091484334
269.0690690690691,0.0006742001239638634,-0.01718018905210815,-0.02534741129406525
269.46946946946946,-0.004926450974172655,-0.0036714849214670685,0.07619475313939163
269.8698698698699,-0.0008718718063964294,0.019443987547127263,0.012371929612793259
270.27027027027026,0.004839616465936745,0.003084200131826864,-0.07324990582811805
270.6706706706707,0.0012568942710755931,-0.015884137811561408,-0.0012224274122046574
271.07107107107106,-0.0028399430404595057,-0.0007656720063368965,0.05346171698186882
271.4714714714715,-0.00035872953019663693,0.007953100890619971,-0.020087320825792516
271.87187187187186,-0.00014308847436111542,-0.007792167887557091,-0.033050236002651084
272.2722722722723,-0.00376863263066661,-0.0046729986423751715,0.046784720956957335
272.67267267267266,-0.001541512684042643,0.013979329257200733,0.020584050155351034
273.0730730730731,0.0030435616649925933,0.0029608907237969675,-0.06379036697848675
273.4734734734735,-0.0003885709983054909,-0.01604894773806012,-0.005945374786873854
273.8738738738739,-0.004408812258454024,0.0016399559875261583,0.07471708319291921
274.2742742742743,0.0010464878958331356,0.01992998141883285,-0.0064416430041579105
274.6746746746747,0.005618810645448756,-0.0021123375933554045,-0.07808633285613581
275.0750750750751,0.00017221849510783973,-0.01864456721308288,0.013791318040195186
275.4754754754755,-0.0036399846547475454,0.003444317509696688,0.06861401205532408
275.8758758758759,0.0012675942058897694,0.014549600197262267,-0.023884255927992187
276.2762762762763,0.0033830293412991158,-0.005813360441355839,-0.05026103336865873
276.6766766766767,-0.000787384178189003,-0.008835099377341967,0.03737651742604098
277.0770770770771,-0.0004871453608665048,0.00972965281319486,0.028933636197699297
277.4774774774775,0.0033141485753847943,0.003496184573512062,-0.052745763013601926
277.8778778778779,0.0005448451110879452,-0.014546098330260476,-0.013198958096014896
278.2782782782783,-0.0037993154346273664,-0.0019309300201720298,0.06096602642427872
278.6786786786787,-0.00047250821870658687,0.014236540101217313,-0.0002455307840429771
279.0790790790791,0.0028744140245096756,-0.0015464918754043168,-0.05757597099948439
279.4794794794795,-0.0009263893599655605,-0.012044735715532403,0.019107392979276865
279.8798798798799,-0.002322991220106638,0.007495877996239736,0.05348359082030377
280.2802802802803,0.0029460927614802608,0.012591447555617306,-0.03505351639301693
280.6806806806807,0.0037827284440983045,-0.009260974592507057,-0.047125029400819224
281.0810810810811,-0.0013606418002338665,-0.010099442314152034,0.042852437039868116
281.4814814814815,-0.001205605461522749,0.010067841501100464,0.031592413864022326
281.8818818818819,0.0029030848014023336,0.004629782067038763,-0.051171731391193416
282.2822822822823,0.000671052313659949,-0.013185333826064134,-0.014230577330485251
282.6826826826827,-0.0032990035095318538,-0.0015719879243960132,0.057791796467144
283.0830830830831,-2.508724702939912e-05,0.013820718429525144,-0.0005021987056743834
283.4834834834835,0.0031817737202715444,-0.0018427923378103754,-0.057931203238672735
283.8838838838839,-0.0008859096783196806,-0.013390178280452745,0.014319863213509545
284.2842842842843,-0.0031931402872431166,0.004523582665684178,0.052295216588553115
284.6846846846847,0.0010900007618585002,0.011412406140605284,-0.025173510524080463
285.0850850850851,0.0023713482622808317,-0.005871625477606752,-0.03752510595709056
285.4854854854855,-0.0010182667511429138,-0.005816100394487787,0.0367022169543325
285.8858858858859,2.4299433366063283e-05,0.00969089279286054,0.01772704424095947
286.2862862862863,0.0031148391703486353,0.0008446528158492211,-0.05169026351259295
286.6866866866867,-0.00023727069329947288,-0.01413597242256801,-0.0024174448401118
287.0870870870871,-0.0037277826009866526,0.0011981230841147071,0.06139367659719696
287.4874874874875,0.0005409211667551832,0.015193646679067852,-0.008910101857405265
287.8878878878879,0.0036910852397061757,-0.0030010445438524262,-0.059287117235603704
288.2882882882883,-0.0006197432141530463,-0.012793094190310567,0.022190081587671225
288.6886886886887,-0.0022066270143751084,0.0068278970964968065,0.05001531827817239
289.0890890890891,0.0024200573986711705,0.010058361894098094,-0.03837890132046376
289.48948948948953,0.0022375255124317856,-0.011092470283249577,-0.04019630441424058
289.8898898898899,-0.002971952962921228,-0.008641515210052337,0.0492061845513013
290.29029029029033,-0.00203616333447144,0.011717197770049464,0.026488312815852243
290.6906906906907,0.002238389747773028,0.003919208409987942,-0.054687856765065615
291.09109109109113,-0.0002538539153553532,-0.013029732867278888,-0.007278383683188017
291.4914914914915,-0.003600816826743516,0.0010697368457399424,0.060290102707668984
291.89189189189193,0.000621556790610885,0.015276938901962639,-0.007111094680374425
292.2922922922923,0.00396236416550862,-0.002153046651445544,-0.057928693861555136
292.69269269269273,-2.157083347192456e-07,-0.01222488169776216,0.018965559456599584
293.0930930930931,-0.0017414492107533772,0.005291472116066479,0.0441400102524464
293.49349349349353,0.0019515087674466846,0.007478341929246213,-0.036367484502537524
293.8938938938939,0.0011304299319506463,-0.011295769209218284,-0.032223660983888465
294.29429429429433,-0.0036373639443870614,-0.0067151199553772455,0.0502001636728156
294.6946946946947,-0.0020816752948234207,0.012462683627628436,0.02154972270946451
295.09509509509513,0.0022028503333178647,0.0036383017523554315,-0.05380918862706875
295.4954954954955,-0.00020471695439995075,-0.012210972071363003,-0.004711811822537793
295.89589589589593,-0.003196051884504679,0.0015085539635505789,0.05549346480724028
296.2962962962963,0.0007279969771499168,0.013351171173764803,-0.011831280958528607
296.69669669669673,0.0031542979107937776,-0.004174299346578692,-0.05356060776871872
297.0970970970971,-0.001138119980622656,-0.011728698634494697,0.02501401144318715
297.49749749749753,-0.002346180192810387,0.007015806664638052,0.04384869033482116
297.8978978978979,0.0018758703283419328,0.008162127866831431,-0.040197574738929494
298.29829829829833,0.001065614993217608,-0.011729595149372097,-0.033267721662521475
298.6986986986987,-0.003846732862344457,-0.006749941091017684,0.05290268446450601
299.09909909909913,-0.002048828773696906,0.013729928166330832,0.0243101845524895
299.4994994994995,0.002831624969734451,0.0049419746643447615,-0.056835832630322956
299.89989989989994,0.0005782256097498883,-0.012926757298157234,-0.010520748788730144
300.3003003003003,-0.003057828185102119,-0.0005857295916074784,0.055662746515504916
300.70070070070074,0.00024292006712730674,0.012730906386791791,-0.006015205556606869
301.1011011011011,0.0028414384152828398,-0.002944068002183739,-0.0514589502225028
301.50150150150154,-0.0009686562867848711,-0.010936419931045521,0.0216147730898381
301.9019019019019,-0.002124320786127839,0.006651760969782625,0.0426343755050739
302.30230230230234,0.001983394019545181,0.008234701772282837,-0.037245262597654344
302.7027027027027,0.0014338133007797554,-0.010642212545773999,-0.032451367718291046
303.10310310310314,-0.003126482851463444,-0.006425500889071836,0.04871450376740118
303.5035035035035,-0.0015732971166130985,0.012217190558836065,0.020721636204911274
303.90390390390394,0.002584079012616867,0.0033300327908931783,-0.05348531900412047
304.3043043043043,6.852139037381334e-05,-0.012503664962752153,-0.00528048982713567
304.70470470470474,-0.0031217853397845783,0.0007549094129067789,0.05412021694424709
305.1051051051051,0.00041379241569615096,0.012251714785331446,-0.011881623832703928
305.50550550550554,0.002447422969231463,-0.004904567776914001,-0.05183178648056238
305.9059059059059,-0.0019885946378645743,-0.011741521389200645,0.026594088872131855
306.30630630630634,-0.00309839002111629,0.007473772104289185,0.044701998747712836
306.7067067067067,0.0013788341529539666,0.009006242743526497,-0.038880675072149144
307.10710710710714,0.0010126971210711508,-0.010424455174108112,-0.032964184811986055
307.5075075075075,-0.003449669361999275,-0.006059454798257978,0.04950887499597754
307.90790790790794,-0.001701800983973854,0.01275540108020725,0.020732226604567944
308.3083083083083,0.002670610221027557,0.0038908710392142774,-0.053089347336910606
308.70870870870874,0.0004507509793133886,-0.011484251012681237,-0.0034264847188898388
309.1091091091091,-0.0021732581888628637,0.0025063863857313212,0.05515764767868193
309.50950950950954,0.002030710309965637,0.013501384499159125,-0.01590566165030213
309.9099099099099,0.004100323548098407,-0.006292844381949287,-0.06027814707115106
310.31031031031034,-0.0015105748824937083,-0.015817661529526215,0.023809584980351357
310.7107107107107,-0.004144857707296306,0.004736192012698219,0.053586294644251464
311.11111111111114,6.42223005913314e-05,0.010409397258576501,-0.03012976585673136
311.5115115115115,0.0006468572867385084,-0.007937350564288695,-0.03645795313620252
311.91191191191194,-0.003261520777920352,-0.005891097270342658,0.044362776725275714
312.3123123123123,-0.0016327125541240762,0.012593083861995338,0.023945765308906415
312.71271271271274,0.0029590030702898147,0.0049308412887830175,-0.052941009935394356
313.1131131131131,0.0008913389976805835,-0.012368012681404496,-0.011964904665344247
313.51351351351354,-0.0027211619113345787,-0.0011094293971332745,0.05297117371446355
313.9139139139139,0.00023086086852870842,0.011700988709209508,-0.006102481162552057
314.31431431431434,0.0024044513971464036,-0.00409675992713284,-0.052216313877283135
314.7147147147147,-0.0018900845246424723,-0.011983008075819564,0.024152792746010183
315.11511511511515,-0.003061452223523794,0.008091715743974196,0.051807607922995304
315.5155155155155,0.002307664448638654,0.012670099807886463,-0.03422689656824359
315.91591591591595,0.0034138168008611227,-0.007630994146794455,-0.04132796819150697
316.3163163163163,-0.0006945983858242448,-0.007003019347939888,0.042275927614170525
316.71671671671675,0.0003386864903255933,0.010655614708168216,0.02070387651286586
317.1171171171171,0.0037601006533319143,0.0007588305563244807,-0.05963296369006004
317.51751751751755,-0.00030989557120548154,-0.017381151262033205,-0.006786205235232849
317.9179179179179,-0.00506537058175675,-0.0008536427575911772,0.07179700783595186
318.31831831831835,-0.0006192495300271228,0.018052765217200756,0.00041837046533349347
318.7187187187187,0.003931691877279205,-0.00014172227087323166,-0.06844679866217544
319.11911911911915,-0.00018753274806243255,-0.0147605356258657,0.01242267865039475
319.5195195195195,-0.0028099295071065096,0.005114623016034658,0.061641467755047134
319.91991991991995,0.0023675025778050044,0.014751776252003601,-0.023328190144543345
320.3203203203203,0.004765034820795304,-0.004466039351289272,-0.0477450117123474
320.72072072072075,0.0010845956603065196,-0.008478905991399199,0.02924792646316732
321.1211211211211,0.0006918577512470586,0.005741461828935357,0.018631148185645117
321.52152152152155,0.002453072439608398,-0.0014937422947942608,-0.04555343938268432
321.9219219219219,-0.0013130679842247453,-0.013825205499992457,0.004353618072102567
322.32232232232235,-0.004213818091822322,0.0035157674568555156,0.06338159854726508
322.7227227227227,0.0009360317183464851,0.016807096738954246,-0.013501556161060916
323.12312312312315,0.00435375073321964,-0.0031110067768294544,-0.06151259155372159
323.5235235235235,1.9155798280078625e-05,-0.012367465834198383,0.02630056196154115
323.92392392392395,-0.0010876610078577728,0.008541723946937533,0.05053545399520008
324.3243243243243,0.0040585837917660825,0.01048713310754333,-0.044412743487367914
324.72472472472475,0.003562146063574067,-0.012964416630985942,-0.04433467004533305
325.1251251251251,-0.002612982921458818,-0.011336229029124444,0.04874084757064497
325.52552552552555,-0.002732431368118066,0.009293730354861616,0.028542099931871748
325.9259259259259,0.0008514044260299139,0.0032248571649333797,-0.047806992325134946
326.32632632632635,-0.001316859225926184,-0.01084555210963221,-0.002378470829274764
326.7267267267267,-0.0037322296133444873,0.0026192475401068107,0.05184062660762423
327.12712712712715,0.00021569651828706694,0.01215939449838558,-0.018024951274881438
327.5275275275275,0.00188197619877424,-0.006003964218246638,-0.048594116294454245
327.92792792792795,-0.00238875588258419,-0.009107783699260276,0.03999712143374902
328.3283283283283,-0.0015109805705355688,0.013919211973797656,0.04570725748928764
328.72872872872875,0.004958486264483908,0.010964551639386647,-0.06028565845860917
329.1291291291291,0.0035319323880194002,-0.01740463119073989,-0.04997191946077386
329.52952952952955,-0.004315466627294247,-0.013876304685292218,0.06294314080899062
329.9299299299299,-0.0041339835719708656,0.013341315139254016,0.04286200991630593
330.33033033033036,0.0017471614734119838,0.009172245116081949,-0.055010186772455366
330.7307307307307,0.0008564329111343373,-0.011199653405527154,-0.021080279891949903
331.13113113113116,-0.002829237740819331,-0.002077752351098955,0.052099135106739185
331.5315315315315,-0.00012171358551937134,0.011873696935724624,-0.0006834453068395464
331.93193193193196,0.0025717575870085785,-0.0017361124692462796,-0.04753811698212875
332.3323323323323,-0.0005226614408558956,-0.008784331668130835,0.022266059804137928
332.73273273273276,-0.0008713276828570632,0.008233781932559229,0.03895100966639508
333.13313313313313,0.0034286279310166744,0.007278550123023507,-0.04569505111250656
333.53353353353356,0.0018894759028449414,-0.014201708994503815,-0.0345955851772058
333.93393393393393,-0.003930797160145717,-0.00837577493465895,0.057903714914756724
334.33433433433436,-0.002382751523730041,0.013893120629168544,0.026265243910177028
334.73473473473473,0.002519996969344127,0.004493215133671345,-0.06052944416044629
335.13513513513516,-0.00012501609371380845,-0.014017255595172105,-0.008160685588617028
335.53553553553553,-0.003778983284855472,0.0007964850924364174,0.06340571560396606
335.93593593593596,0.0005200642428815935,0.015697842396812805,-0.0074090231470410935
336.33633633633633,0.003938261435105523,-0.0022466760854522707,-0.058989857769318824
336.73673673673676,-4.147646195804813e-05,-0.011919174822515064,0.02201923922894428
337.13713713713713,-0.001387580560378515,0.0068735889585237854,0.04587255135328922
337.53753753753756,0.002897763714062125,0.008402657838389197,-0.041118536925449006
337.93793793793793,0.0020190241091558874,-0.01243996505965554,-0.03612042726997241
338.33833833833836,-0.0033401522867429916,-0.008051423256471488,0.053192978420554884
338.73873873873873,-0.001980116381890459,0.012934545212340241,0.026114176479635414
339.13913913913916,0.0027707088387766607,0.005253847452370127,-0.052785453337821364
339.53953953953953,0.0010024175799243874,-0.0108296348840093,-0.006639816549815573
339.93993993993996,-0.0016391632281741323,0.0017665114917914731,0.051910163697011874
340.34034034034033,0.0020799646580921195,0.012089501673086105,-0.015128508537556148
340.74074074074076,0.0038292120643424092,-0.006000039078851933,-0.052761240199938136
341.14114114114113,-0.0010463693759907209,-0.012698392636557115,0.027773728211725218
341.54154154154156,-0.002433711826651556,0.007071112181444319,0.046348656489187116
341.941941941942,0.0020608731789330216,0.00966103392233814,-0.034790102150728974
342.34234234234236,0.002328824836211324,-0.007969492035098665,-0.02990959382729931
342.7427427427428,-0.001169928731507419,-0.004480876900299397,0.041228841148657235
343.14314314314316,0.0002958212544803072,0.009420733710527266,0.007672038864179297
343.5435435435436,0.002636979250186974,-0.0016997828354532313,-0.04851903794529972
343.94394394394396,-0.0009457888628713242,-0.011781890393268487,0.014554693320408322
344.3443443443444,-0.0024885450439774324,0.007078061491517277,0.0568229393677149
344.74474474474476,0.003028051139174289,0.014187910551952544,-0.03289452550941513
345.1451451451452,0.004147923939471026,-0.010845517394077735,-0.06439955251419534
345.54554554554556,-0.002939874888809212,-0.017183141799029675,0.040616665398645356
345.945945945946,-0.0048230040199290485,0.009192948327779718,0.06119626295157144
346.34634634634637,0.0012416865448952462,0.013987309191692696,-0.040294666157398074
346.7467467467468,0.0023848888505181663,-0.00843844323782678,-0.042884876700288635
347.14714714714717,-0.0019360648589760417,-0.00686566931158544,0.04641632145865693
347.5475475475476,-0.0005718647613444201,0.012003323837055279,0.022761125636220188
347.94794794794797,0.0036375164145991384,0.0037008972284670967,-0.05271200611373181
348.3483483483484,0.0013315654084876155,-0.011811808941534089,-0.004558348244564074
348.74874874874877,-0.0015874458896353752,0.0011583476737656792,0.05112128539179462
349.1491491491492,0.0017162460876143427,0.010385363106636574,-0.01928020069358708
349.54954954954957,0.0025207040672334965,-0.00866342420668363,-0.05162661159427627
349.94994994995,-0.0030666197851482438,-0.012992579372365108,0.037331672814929634
350.35035035035037,-0.003847733287865014,0.009964923134305909,0.04950348551300712
350.7507507507508,0.0016340542137399572,0.010682604276703547,-0.04614195992931795
351.15115115115117,0.0013681244251011733,-0.011233488020180617,-0.03522855240005876
351.5515515515516,-0.003309618841222012,-0.005771362593187264,0.05518884575789432
351.95195195195197,-0.001124607904099801,0.014068598052985142,0.017919757793611164
352.3523523523524,0.003273139596192705,0.0022894126161051827,-0.061749075669722354
352.75275275275277,-3.863263203967909e-05,-0.01451746123044444,-0.0004293625870806976
353.1531531531532,-0.0033878282318114228,0.0022469763460764777,0.06281115181849833
353.55355355355357,0.0010949121307868355,0.01445616167282004,-0.018004367413319986
353.953953953954,0.0032752957712755596,-0.0065861726407046035,-0.06106975990395204
354.35435435435437,-0.0022403910739560093,-0.014486931833596586,0.031187583447281335
354.7547547547548,-0.0038708414393934347,0.007793284572733133,0.05182451898432552
355.15515515515517,0.0010353826457400418,0.010113899135523267,-0.04190390488247376
355.5555555555556,0.0007903334689521721,-0.010837606231030094,-0.03478600810611641
355.955955955956,-0.0037426426175305883,-0.005458819384996675,0.05534354239400358
356.3563563563564,-0.0013409502734370938,0.015009691220517306,0.020660202379575457
356.7567567567568,0.0036344375698965253,0.0040645368085947264,-0.06151277575049439
357.1571571571572,0.0008976197368437255,-0.013781191002895212,-0.005278467321111665
357.5575575575576,-0.002549155291785444,0.001144377168770836,0.059802803595275435
357.957957957958,0.0014122437564782063,0.01335074740475685,-0.015374838364171176
358.3583583583584,0.0034057319369683774,-0.006435901923433041,-0.0584733909287192
358.7587587587588,-0.0019130431985817811,-0.013818691372241535,0.031179969147255952
359.1591591591592,-0.00331620257493603,0.008190525932714299,0.050931349130765725
359.5595595595596,0.0016900790137361426,0.010256488589011147,-0.042318050327471754
359.95995995996,0.001497282340278076,-0.010612858096017445,-0.033646258041753446
360.3603603603604,-0.002815413188040997,-0.0045825874858065295,0.056371066598156556
360.7607607607608,-0.00012474288401519281,0.015153170449247876,0.015471706844321472
361.1611611611612,0.004352283192545804,0.0012233091133098152,-0.06946151096923706
361.5615615615616,6.016813411429951e-05,-0.0179155321762196,-0.0019077271870984016
361.961961961962,-0.004432388790195366,0.0006800087090262103,0.07230503749003356
362.3623623623624,0.0002257847605619148,0.01669013031751539,-0.011743528428624268
362.7627627627628,0.0034543958168216093,-0.004429087861822712,-0.06677778505570967
363.1631631631632,-0.0017195371946131313,-0.01481570010683601,0.02698775267130343
363.5635635635636,-0.003568317655500294,0.007646198159975571,0.05640675083178712
363.963963963964,0.0016841441667048201,0.011847494787452813,-0.0392093784697158
364.3643643643644,0.0021636941812150593,-0.009380416363780945,-0.038486399710081824
364.7647647647648,-0.0021613483132239646,-0.005981276942164086,0.05005659401331507
365.1651651651652,-0.00037638162153621644,0.012509185253260568,0.01611871352348415
365.5655655655656,0.0033095550588590583,0.0004083142691286351,-0.06172416522428104
365.965965965966,-0.000699243495038043,-0.015946320257575166,0.002083697536149183
366.3663663663664,-0.004353049996628007,0.0022256252716026277,0.06632740486342995
366.7667667667668,0.00031060795174495635,0.015103311259815322,-0.018517490853176572
367.1671671671672,0.0026396297416826156,-0.006537995016142777,-0.0621592959428706
367.5675675675676,-0.002794290552728408,-0.01370621089922216,0.03598287666529981
367.967967967968,-0.003678872659646362,0.010688763312179769,0.05581470662731315
368.3683683683684,0.0025006413190688313,0.0129769921313799,-0.046523704541959476
368.7687687687688,0.0028707262259408555,-0.01083475732225061,-0.04252895354515594
369.1691691691692,-0.0021762174635495315,-0.0077179268283053565,0.052106833939723665
369.5695695695696,-0.0008338990265428011,0.012187223180046974,0.020467848299455867
369.96996996997,0.003013756619699261,0.0012924018454284353,-0.061053743296395915
370.3703703703704,-0.000746661719108065,-0.015960069121887424,-0.0024811261150974612
370.7707707707708,-0.004775746206447598,0.0005498447572628096,0.06450295405132844
371.1711711711712,-0.0006832720760070922,0.014544938011558359,-0.011442511595041479
371.5715715715716,0.0020608129023971613,-0.003969635417906138,-0.056026035870664695
371.971971971972,-0.0021109078164986317,-0.010657672844132346,0.03228994240432304
372.3723723723724,-0.0022043348601809487,0.011419629327297683,0.04949614551749769
372.7727727727728,0.0038185461422720656,0.011643515686057019,-0.05037456557884605
373.1731731731732,0.0033781196719409054,-0.013530768740430507,-0.045775277555353905
373.5735735735736,-0.0029095410933026008,-0.010783498651469835,0.055138275409141034
373.973973973974,-0.002295115986614994,0.012144485622269642,0.031208172948562846
374.3743743743744,0.0023424034815664385,0.0048183226484244356,-0.057124366795528646
374.7747747747748,-0.0001237172003191061,-0.014047120675113578,-0.013320708269147887
375.1751751751752,-0.004348708307431724,-0.0022223293280183467,0.05550235049562725
375.5755755755756,-0.001673099275639056,0.011381372302299329,-0.003954028418813975
375.975975975976,0.0006887360841338534,-0.002336870592011109,-0.042792677186522785
376.3763763763764,-0.001992420815655587,-0.005732394329493889,0.03238218868326922
376.7767767767768,-0.0006688783785973353,0.012304094099689042,0.03125545583504844
377.1771771771772,0.004156581459311272,0.004994758620834216,-0.06520464585613533
377.5775775775776,0.000542569409215259,-0.02071190380493307,-0.03132470560271233
377.977977977978,-0.006855012748868007,-0.00826407144033836,0.08246868342098533
378.3783783783784,-0.0035153953898447617,0.021429397130199104,0.032243987196253265
378.7787787787788,0.003998334967401503,0.008092394544009144,-0.08203753030174642
379.1791791791792,0.0010828753134596134,-0.01827551994359359,-0.019834344397297667
379.5795795795796,-0.004505588868999523,-0.0029652077838936445,0.07542183809957867
379.97997997998,-0.000637122891773402,0.017040528510672278,0.0011329304717104735
380.3803803803804,0.0035931063407862104,-0.0004940113793859141,-0.06426953557024691
380.7807807807808,-0.00019528987865951718,-0.012650587299087641,0.017403300990123573
381.1811811811812,-0.002056246713461621,0.005251185253403078,0.04450185554352836
381.5815815815816,0.0014349093505706604,0.006040922841758019,-0.0425325476671367
381.981981981982,-0.00030958664431865175,-0.01374922354960657,-0.027815450543224422
382.3823823823824,-0.005254240150139859,-0.0043621522444445265,0.06541166513123689
382.7827827827828,-0.001955442806736445,0.017252615809525765,0.01419168331178016
383.1831831831832,0.0029695394788230517,0.000860491810805818,-0.07784844553606945
383.5835835835836,-0.0019153955413985981,-0.019638039996288638,0.0024371597132447007
383.983983983984,-0.00632290839791378,0.003622198319054687,0.08815485743521594
384.3843843843844,0.0006225019781403679,0.02431496026065586,-0.0085018803048035
384.7847847847848,0.006522411989390698,-0.00017954060391789112,-0.08483584375453321
385.1851851851852,0.0014660514808928532,-0.018374791132659548,0.010467802161096374
385.5855855855856,-0.0026334312218241084,0.00135145593436326,0.060053922505202806
385.985985985986,0.0007571651147763191,0.00936575350390583,-0.027897399890598147
386.3863863863864,0.0009394972549203925,-0.009107348703335058,-0.03744988870885395
386.7867867867868,-0.0034387645570385485,-0.006878060318962077,0.045862508697510046
387.1871871871872,-0.0021811454440245834,0.011298771474888187,0.019483550473788212
387.5875875875876,0.001458371772332285,0.0016677807109782491,-0.054215686592277004
387.987987987988,-0.0014826736868758781,-0.012006930485445452,0.007943248060553961
388.3883883883884,-0.003092097413640337,0.008395857926830059,0.07037391693165013
388.7887887887888,0.004064202834896193,0.02039887630152357,-0.029094022717052366
389.1891891891892,0.007173097983190593,-0.009010012822290216,-0.08766501708163216
389.5895895895896,-0.0010654049952682002,-0.023944748742514087,0.02911211649803378
389.98998998999,-0.005699172833101711,0.004161916984668437,0.07735506890201324
390.3903903903904,-0.0003927690737548519,0.01442905170475743,-0.03533519175756962
390.7907907907908,0.0007228517438371384,-0.01009137388808264,-0.053137169333272574
391.1911911911912,-0.004681888927228192,-0.009101474558377048,0.05773077757564951
391.5915915915916,-0.0028317123271547123,0.017108021328070572,0.040066143508788996
391.991991991992,0.004060514038482925,0.009803780431447699,-0.06663593636167703
392.3923923923924,0.0026494550746198643,-0.01359618151583649,-0.020708569615576343
392.7927927927928,-0.001458115485690044,-0.0008572737090954373,0.06529406027835138
393.1931931931932,0.002331940992450858,0.014254378941652233,-0.013336512345448814
393.5935935935936,0.004274115639007373,-0.008775822075963328,-0.07291856774593375
393.993993993994,-0.0028240816326627204,-0.018884629886458483,0.038073626137773736
394.3943943943944,-0.004917697316575112,0.011128951324956022,0.076014356650068
394.7947947947948,0.0025690718984046628,0.017136504537819612,-0.053852144356107995
395.1951951951952,0.0032254652941224966,-0.014760247825170924,-0.0668096222852729
395.5955955955956,-0.004566624489093078,-0.014819595219266696,0.06628292037539041
395.995995995996,-0.0040210307692776365,0.016534604508011398,0.052154228135560796
396.3963963963964,0.003240236688816568,0.011167828772066067,-0.06986072900807692
396.7967967967968,0.0018372013385974362,-0.015257829296021227,-0.0286568100587224
397.1971971971972,-0.0032755355690486086,-0.003335983492479839,0.0699881130894335
397.5975975975976,0.00018092590671444676,0.015556136863408565,-0.0015256537859521951
397.997997997998,0.003400410405843765,-0.004474208879966702,-0.07248347998812055
398.3983983983984,-0.002365659965409929,-0.017441190072064065,0.02540136097421929
398.7987987987988,-0.00490309827933832,0.00786392271592342,0.06921910372399481
399.1991991991992,0.001249855391621292,0.01503755832680808,-0.041911293478706466
399.5995995995996,0.0022118125656139503,-0.011114527686126311,-0.054475745040834224
400.0,-0.0035917721479481004,-0.00985663933886572,0.059507519956896855
