Station No.,Waterline
1,-157.79041616132088
2,-157.90160875358976
3,-158.01280134585863
4,-158.12399393812754
5,-158.2351865314985
6,-158.34637912376738
7,-158.45757171603628
8,-158.56876430830516
9,-158.67995690057404
10,-158.79114949284292
11,-158.90234208511183
12,-159.01353467848278
13,-159.12472727075166
14,-159.23591986302054
15,-159.34711245528945
16,-159.45830504755833
17,-159.5694976398272
18,-159.68069023209608
19,-159.79188282546707
20,-159.90307541773595
21,-160.01426801000483
22,-160.12546060227373
23,-160.2366531945426
24,-160.3478457868115
25,-160.45903837908037
26,-160.57023097245136
27,-160.68142356472023
28,-160.7926161569891
29,-160.90491083512984
30,-161.0150013415269
31,-161.12619393379578
32,-161.23738652606465
33,-161.34857911943564
34,-161.45977171170452
35,-161.5709643039734
36,-161.68215689624228
37,-161.79334948851118
38,-161.90454208078006
39,-162.01573467304894
40,-162.1269272664199
41,-162.2381198586888
42,-162.34931245095768
43,-162.46050504322656
44,-162.57169763549544
45,-162.68289022776435
46,-162.79408282003322
47,-162.90527541340418
48,-163.0164680056731
49,-163.12766059794197
50,-163.23885319021085
51,-163.35004578247973
52,-163.46123837474863
53,-163.5724309670175
54,-163.68362356038847
55,-163.79481615265735
56,-163.90600874492625
57,-164.01720133719513
