0, 0, 0
102.678571, -31.406943, 0
102.678571, -29.836596, -75.335608
102.678571, -28.266249, -127.476837
102.678571, -26.695902, -162.836291
102.678571, -25.125554, -186.275092
102.678571, -23.555207, -201.419061
102.678571, -21.98486, -210.923855
102.678571, -20.414513, -216.694905
102.678571, -18.844166, -220.067603
102.678571, -17.273819, -221.952846
102.678571, -15.703472, -222.952714
102.678571, -14.133124, -223.45067
102.678571, -12.562777, -223.680351
102.678571, -10.99243, -223.776635
102.678571, -9.422083, -223.812353
102.678571, -7.851736, -223.823623
102.678571, -6.281389, -223.826465
102.678571, -4.711041, -223.826981
102.678571, -3.140694, -223.827036
102.678571, -1.570347, -223.827038
102.678571, 0, -223.827038
102.678571, 1.570347, -223.827038
102.678571, 3.140694, -223.827036
102.678571, 4.711041, -223.826981
102.678571, 6.281389, -223.826465
102.678571, 7.851736, -223.823623
102.678571, 9.422083, -223.812353
102.678571, 10.99243, -223.776635
102.678571, 12.562777, -223.680351
102.678571, 14.133124, -223.45067
102.678571, 15.703472, -222.952714
102.678571, 17.273819, -221.952846
102.678571, 18.844166, -220.067603
102.678571, 20.414513, -216.694905
102.678571, 21.98486, -210.923855
102.678571, 23.555207, -201.419061
102.678571, 25.125554, -186.275092
102.678571, 26.695902, -162.836291
102.678571, 28.266249, -127.476837
102.678571, 29.836596, -75.335608
102.678571, 31.406943, 0
205.357143, -60.842764, 0
205.357143, -57.800625, -112.305699
205.357143, -54.758487, -190.034643
205.357143, -51.716349, -242.746345
205.357143, -48.674211, -277.687471
205.357143, -45.632073, -300.263169
205.357143, -42.589934, -314.432333
205.357143, -39.547796, -323.035461
205.357143, -36.505658, -328.063272
205.357143, -33.46352, -330.873676
205.357143, -30.421382, -332.364217
205.357143, -27.379244, -333.10654
205.357143, -24.337105, -333.448934
205.357143, -21.294967, -333.592468
205.357143, -18.252829, -333.645714
205.357143, -15.210691, -333.662515
205.357143, -12.168553, -333.666752
205.357143, -9.126415, -333.667521
205.357143, -6.084276, -333.667603
205.357143, -3.042138, -333.667606
205.357143, 0, -333.667606
205.357143, 3.042138, -333.667606
205.357143, 6.084276, -333.667603
205.357143, 9.126415, -333.667521
205.357143, 12.168553, -333.666752
205.357143, 15.210691, -333.662515
205.357143, 18.252829, -333.645714
205.357143, 21.294967, -333.592468
205.357143, 24.337105, -333.448934
205.357143, 27.379244, -333.10654
205.357143, 30.421382, -332.364217
205.357143, 33.46352, -330.873676
205.357143, 36.505658, -328.063272
205.357143, 39.547796, -323.035461
205.357143, 42.589934, -314.432333
205.357143, 45.632073, -300.263169
205.357143, 48.674211, -277.687471
205.357143, 51.716349, -242.746345
205.357143, 54.758487, -190.034643
205.357143, 57.800625, -112.305699
205.357143, 60.842764, 0
308.035714, -88.362476, 0
308.035714, -83.944352, -117.324037
308.035714, -79.526228, -198.52627
308.035714, -75.108104, -253.593375
308.035714, -70.689981, -290.095832
308.035714, -66.271857, -313.680317
308.035714, -61.853733, -328.482624
308.035714, -57.435609, -337.47018
308.035714, -53.017485, -342.722657
308.035714, -48.599362, -345.658643
308.035714, -44.181238, -347.215788
308.035714, -39.763114, -347.991281
308.035714, -35.34499, -348.348975
308.035714, -30.926866, -348.498923
308.035714, -26.508743, -348.554548
308.035714, -22.090619, -348.5721
308.035714, -17.672495, -348.576526
308.035714, -13.254371, -348.577329
308.035714, -8.836248, -348.577415
308.035714, -4.418124, -348.577419
308.035714, 0, -348.577419
308.035714, 4.418124, -348.577419
308.035714, 8.836248, -348.577415
308.035714, 13.254371, -348.577329
308.035714, 17.672495, -348.576526
308.035714, 22.090619, -348.5721
308.035714, 26.508743, -348.554548
308.035714, 30.926866, -348.498923
308.035714, 35.34499, -348.348975
308.035714, 39.763114, -347.991281
308.035714, 44.181238, -347.215788
308.035714, 48.599362, -345.658643
308.035714, 53.017485, -342.722657
308.035714, 57.435609, -337.47018
308.035714, 61.853733, -328.482624
308.035714, 66.271857, -313.680317
308.035714, 70.689981, -290.095832
308.035714, 75.108104, -253.593375
308.035714, 79.526228, -198.52627
308.035714, 83.944352, -117.324037
308.035714, 88.362476, 0
410.714286, -114.021625, 0
410.714286, -108.320544, -118.386364
410.714286, -102.619463, -200.323853
410.714286, -96.918382, -255.889571
410.714286, -91.2173, -292.722544
410.714286, -85.516219, -316.520578
410.714286, -79.815138, -331.456915
410.714286, -74.114057, -340.52585
410.714286, -68.412975, -345.825886
410.714286, -62.711894, -348.788456
410.714286, -57.010813, -350.359701
410.714286, -51.309731, -351.142216
410.714286, -45.60865, -351.503148
410.714286, -39.907569, -351.654454
410.714286, -34.206488, -351.710583
410.714286, -28.505406, -351.728293
410.714286, -22.804325, -351.73276
410.714286, -17.103244, -351.73357
410.714286, -11.402163, -351.733657
410.714286, -5.701081, -351.73366
410.714286, 0, -351.73366
410.714286, 5.701081, -351.73366
410.714286, 11.402163, -351.733657
410.714286, 17.103244, -351.73357
410.714286, 22.804325, -351.73276
410.714286, 28.505406, -351.728293
410.714286, 34.206488, -351.710583
410.714286, 39.907569, -351.654454
410.714286, 45.60865, -351.503148
410.714286, 51.309731, -351.142216
410.714286, 57.010813, -350.359701
410.714286, 62.711894, -348.788456
410.714286, 68.412975, -345.825886
410.714286, 74.114057, -340.52585
410.714286, 79.815138, -331.456915
410.714286, 85.516219, -316.520578
410.714286, 91.2173, -292.722544
410.714286, 96.918382, -255.889571
410.714286, 102.619463, -200.323853
410.714286, 108.320544, -118.386364
410.714286, 114.021625, 0
513.392857, -137.876317, 0
513.392857, -130.982501, -118.59729
513.392857, -124.088686, -200.680765
513.392857, -117.19487, -256.345483
513.392857, -110.301054, -293.244081
513.392857, -103.407238, -317.084515
513.392857, -96.513422, -332.047464
513.392857, -89.619606, -341.132556
513.392857, -82.72579, -346.442035
513.392857, -75.831975, -349.409884
513.392857, -68.938159, -350.983928
513.392857, -62.044343, -351.767837
513.392857, -55.150527, -352.129413
513.392857, -48.256711, -352.280989
513.392857, -41.362895, -352.337217
513.392857, -34.469079, -352.354959
513.392857, -27.575263, -352.359434
513.392857, -20.681448, -352.360246
513.392857, -13.787632, -352.360332
513.392857, -6.893816, -352.360336
513.392857, 0, -352.360336
513.392857, 6.893816, -352.360336
513.392857, 13.787632, -352.360332
513.392857, 20.681448, -352.360246
513.392857, 27.575263, -352.359434
513.392857, 34.469079, -352.354959
513.392857, 41.362895, -352.337217
513.392857, 48.256711, -352.280989
513.392857, 55.150527, -352.129413
513.392857, 62.044343, -351.767837
513.392857, 68.938159, -350.983928
513.392857, 75.831975, -349.409884
513.392857, 82.72579, -346.442035
513.392857, 89.619606, -341.132556
513.392857, 96.513422, -332.047464
513.392857, 103.407238, -317.084515
513.392857, 110.301054, -293.244081
513.392857, 117.19487, -256.345483
513.392857, 124.088686, -200.680765
513.392857, 130.982501, -118.59729
513.392857, 137.876317, 0
616.071429, -159.983244, 0
616.071429, -151.984082, -118.636355
616.071429, -143.984919, -200.746869
616.071429, -135.985757, -256.429922
616.071429, -127.986595, -293.340675
616.071429, -119.987433, -317.188962
616.071429, -111.988271, -332.156839
616.071429, -103.989108, -341.244924
616.071429, -95.989946, -346.556152
616.071429, -87.990784, -349.524978
616.071429, -79.991622, -351.099541
616.071429, -71.99246, -351.883708
616.071429, -63.993298, -352.245403
616.071429, -55.994135, -352.397029
616.071429, -47.994973, -352.453276
616.071429, -39.995811, -352.471023
616.071429, -31.996649, -352.475499
616.071429, -23.997487, -352.476311
616.071429, -15.998324, -352.476398
616.071429, -7.999162, -352.476402
616.071429, 0, -352.476402
616.071429, 7.999162, -352.476402
616.071429, 15.998324, -352.476398
616.071429, 23.997487, -352.476311
616.071429, 31.996649, -352.475499
616.071429, 39.995811, -352.471023
616.071429, 47.994973, -352.453276
616.071429, 55.994135, -352.397029
616.071429, 63.993298, -352.245403
616.071429, 71.99246, -351.883708
616.071429, 79.991622, -351.099541
616.071429, 87.990784, -349.524978
616.071429, 95.989946, -346.556152
616.071429, 103.989108, -341.244924
616.071429, 111.988271, -332.156839
616.071429, 119.987433, -317.188962
616.071429, 127.986595, -293.340675
616.071429, 135.985757, -256.429922
616.071429, 143.984919, -200.746869
616.071429, 151.984082, -118.636355
616.071429, 159.983244, 0
718.75, -180.399717, 0
718.75, -171.379731, -118.643063
718.75, -162.359746, -200.758218
718.75, -153.33976, -256.444419
718.75, -144.319774, -293.357259
718.75, -135.299788, -317.206894
718.75, -126.279802, -332.175617
718.75, -117.259816, -341.264217
718.75, -108.23983, -346.575745
718.75, -99.219845, -349.544739
718.75, -90.199859, -351.119391
718.75, -81.179873, -351.903602
718.75, -72.159887, -352.265317
718.75, -63.139901, -352.416952
718.75, -54.119915, -352.473202
718.75, -45.099929, -352.490951
718.75, -36.079943, -352.495427
718.75, -27.059958, -352.496239
718.75, -18.039972, -352.496326
718.75, -9.019986, -352.496329
718.75, 0, -352.496329
718.75, 9.019986, -352.496329
718.75, 18.039972, -352.496326
718.75, 27.059958, -352.496239
718.75, 36.079943, -352.495427
718.75, 45.099929, -352.490951
718.75, 54.119915, -352.473202
718.75, 63.139901, -352.416952
718.75, 72.159887, -352.265317
718.75, 81.179873, -351.903602
718.75, 90.199859, -351.119391
718.75, 99.219845, -349.544739
718.75, 108.23983, -346.575745
718.75, 117.259816, -341.264217
718.75, 126.279802, -332.175617
718.75, 135.299788, -317.206894
718.75, 144.319774, -293.357259
718.75, 153.33976, -256.444419
718.75, 162.359746, -200.758218
718.75, 171.379731, -118.643063
718.75, 180.399717, 0
821.428571, -199.183706, 0
821.428571, -189.224521, -118.644122
821.428571, -179.265335, -200.760012
821.428571, -169.30615, -256.446711
821.428571, -159.346965, -293.35988
821.428571, -149.387779, -317.209728
821.428571, -139.428594, -332.178585
821.428571, -129.469409, -341.267266
821.428571, -119.510224, -346.578841
821.428571, -109.551038, -349.547862
821.428571, -99.591853, -351.122528
821.428571, -89.632668, -351.906746
821.428571, -79.673482, -352.268465
821.428571, -69.714297, -352.4201
821.428571, -59.755112, -352.476351
821.428571, -49.795926, -352.4941
821.428571, -39.836741, -352.498576
821.428571, -29.877556, -352.499388
821.428571, -19.918371, -352.499475
821.428571, -9.959185, -352.499479
821.428571, 0, -352.499479
821.428571, 9.959185, -352.499479
821.428571, 19.918371, -352.499475
821.428571, 29.877556, -352.499388
821.428571, 39.836741, -352.498576
821.428571, 49.795926, -352.4941
821.428571, 59.755112, -352.476351
821.428571, 69.714297, -352.4201
821.428571, 79.673482, -352.268465
821.428571, 89.632668, -351.906746
821.428571, 99.591853, -351.122528
821.428571, 109.551038, -349.547862
821.428571, 119.510224, -346.578841
821.428571, 129.469409, -341.267266
821.428571, 139.428594, -332.178585
821.428571, 149.387779, -317.209728
821.428571, 159.346965, -293.35988
821.428571, 169.30615, -256.446711
821.428571, 179.265335, -200.760012
821.428571, 189.224521, -118.644122
821.428571, 199.183706, 0
924.107143, -216.393872, 0
924.107143, -205.574179, -118.644275
924.107143, -194.754485, -200.76027
924.107143, -183.934792, -256.447041
924.107143, -173.115098, -293.360258
924.107143, -162.295404, -317.210137
924.107143, -151.475711, -332.179013
924.107143, -140.656017, -341.267705
924.107143, -129.836323, -346.579288
924.107143, -119.01663, -349.548312
924.107143, -108.196936, -351.12298
924.107143, -97.377243, -351.9072
924.107143, -86.557549, -352.268919
924.107143, -75.737855, -352.420554
924.107143, -64.918162, -352.476805
924.107143, -54.098468, -352.494554
924.107143, -43.278774, -352.499031
924.107143, -32.459081, -352.499843
924.107143, -21.639387, -352.499929
924.107143, -10.819694, -352.499933
924.107143, 0, -352.499933
924.107143, 10.819694, -352.499933
924.107143, 21.639387, -352.499929
924.107143, 32.459081, -352.499843
924.107143, 43.278774, -352.499031
924.107143, 54.098468, -352.494554
924.107143, 64.918162, -352.476805
924.107143, 75.737855, -352.420554
924.107143, 86.557549, -352.268919
924.107143, 97.377243, -351.9072
924.107143, 108.196936, -351.12298
924.107143, 119.01663, -349.548312
924.107143, 129.836323, -346.579288
924.107143, 140.656017, -341.267705
924.107143, 151.475711, -332.179013
924.107143, 162.295404, -317.210137
924.107143, 173.115098, -293.360258
924.107143, 183.934792, -256.447041
924.107143, 194.754485, -200.76027
924.107143, 205.574179, -118.644275
924.107143, 216.393872, 0
1026.785714, -232.089619, 0
1026.785714, -220.485138, -118.644295
1026.785714, -208.880657, -200.760304
1026.785714, -197.276176, -256.447084
1026.785714, -185.671695, -293.360307
1026.785714, -174.067214, -317.210191
1026.785714, -162.462733, -332.179069
1026.785714, -150.858252, -341.267763
1026.785714, -139.253771, -346.579346
1026.785714, -127.64929, -349.548371
1026.785714, -116.044809, -351.123039
1026.785714, -104.440328, -351.907259
1026.785714, -92.835847, -352.268978
1026.785714, -81.231366, -352.420614
1026.785714, -69.626886, -352.476865
1026.785714, -58.022405, -352.494614
1026.785714, -46.417924, -352.49909
1026.785714, -34.813443, -352.499902
1026.785714, -23.208962, -352.499989
1026.785714, -11.604481, -352.499992
1026.785714, 0, -352.499992
1026.785714, 11.604481, -352.499992
1026.785714, 23.208962, -352.499989
1026.785714, 34.813443, -352.499902
1026.785714, 46.417924, -352.49909
1026.785714, 58.022405, -352.494614
1026.785714, 69.626886, -352.476865
1026.785714, 81.231366, -352.420614
1026.785714, 92.835847, -352.268978
1026.785714, 104.440328, -351.907259
1026.785714, 116.044809, -351.123039
1026.785714, 127.64929, -349.548371
1026.785714, 139.253771, -346.579346
1026.785714, 150.858252, -341.267763
1026.785714, 162.462733, -332.179069
1026.785714, 174.067214, -317.210191
1026.785714, 185.671695, -293.360307
1026.785714, 197.276176, -256.447084
1026.785714, 208.880657, -200.760304
1026.785714, 220.485138, -118.644295
1026.785714, 232.089619, 0
1129.464286, -246.331133, 0
1129.464286, -234.014576, -118.644298
1129.464286, -221.69802, -200.760308
1129.464286, -209.381463, -256.447089
1129.464286, -197.064906, -293.360313
1129.464286, -184.74835, -317.210197
1129.464286, -172.431793, -332.179076
1129.464286, -160.115237, -341.26777
1129.464286, -147.79868, -346.579353
1129.464286, -135.482123, -349.548378
1129.464286, -123.165567, -351.123046
1129.464286, -110.84901, -351.907266
1129.464286, -98.532453, -352.268985
1129.464286, -86.215897, -352.420621
1129.464286, -73.89934, -352.476872
1129.464286, -61.582783, -352.49462
1129.464286, -49.266227, -352.499097
1129.464286, -36.94967, -352.499909
1129.464286, -24.633113, -352.499996
1129.464286, -12.316557, -352.499999
1129.464286, 0, -352.499999
1129.464286, 12.316557, -352.499999
1129.464286, 24.633113, -352.499996
1129.464286, 36.94967, -352.499909
1129.464286, 49.266227, -352.499097
1129.464286, 61.582783, -352.49462
1129.464286, 73.89934, -352.476872
1129.464286, 86.215897, -352.420621
1129.464286, 98.532453, -352.268985
1129.464286, 110.84901, -351.907266
1129.464286, 123.165567, -351.123046
1129.464286, 135.482123, -349.548378
1129.464286, 147.79868, -346.579353
1129.464286, 160.115237, -341.26777
1129.464286, 172.431793, -332.179076
1129.464286, 184.74835, -317.210197
1129.464286, 197.064906, -293.360313
1129.464286, 209.381463, -256.447089
1129.464286, 221.69802, -200.760308
1129.464286, 234.014576, -118.644298
1129.464286, 246.331133, 0
1232.142857, -259.179448, 0
1232.142857, -246.220476, -118.644298
1232.142857, -233.261503, -200.760308
1232.142857, -220.302531, -256.44709
1232.142857, -207.343559, -293.360314
1232.142857, -194.384586, -317.210197
1232.142857, -181.425614, -332.179076
1232.142857, -168.466641, -341.26777
1232.142857, -155.507669, -346.579354
1232.142857, -142.548697, -349.548379
1232.142857, -129.589724, -351.123047
1232.142857, -116.630752, -351.907267
1232.142857, -103.671779, -352.268986
1232.142857, -90.712807, -352.420621
1232.142857, -77.753834, -352.476872
1232.142857, -64.794862, -352.494621
1232.142857, -51.83589, -352.499098
1232.142857, -38.876917, -352.49991
1232.142857, -25.917945, -352.499996
1232.142857, -12.958972, -352.5
1232.142857, 0, -352.5
1232.142857, 12.958972, -352.5
1232.142857, 25.917945, -352.499996
1232.142857, 38.876917, -352.49991
1232.142857, 51.83589, -352.499098
1232.142857, 64.794862, -352.494621
1232.142857, 77.753834, -352.476872
1232.142857, 90.712807, -352.420621
1232.142857, 103.671779, -352.268986
1232.142857, 116.630752, -351.907267
1232.142857, 129.589724, -351.123047
1232.142857, 142.548697, -349.548379
1232.142857, 155.507669, -346.579354
1232.142857, 168.466641, -341.26777
1232.142857, 181.425614, -332.179076
1232.142857, 194.384586, -317.210197
1232.142857, 207.343559, -293.360314
1232.142857, 220.302531, -256.44709
1232.142857, 233.261503, -200.760308
1232.142857, 246.220476, -118.644298
1232.142857, 259.179448, 0
1334.821429, -270.696501, 0
1334.821429, -257.161676, -118.644298
1334.821429, -243.626851, -200.760308
1334.821429, -230.092026, -256.44709
1334.821429, -216.557201, -293.360314
1334.821429, -203.022376, -317.210197
1334.821429, -189.487551, -332.179076
1334.821429, -175.952726, -341.26777
1334.821429, -162.417901, -346.579354
1334.821429, -148.883076, -349.548379
1334.821429, -135.348251, -351.123047
1334.821429, -121.813426, -351.907267
1334.821429, -108.278601, -352.268986
1334.821429, -94.743775, -352.420621
1334.821429, -81.20895, -352.476872
1334.821429, -67.674125, -352.494621
1334.821429, -54.1393, -352.499098
1334.821429, -40.604475, -352.49991
1334.821429, -27.06965, -352.499996
1334.821429, -13.534825, -352.5
1334.821429, 0, -352.5
1334.821429, 13.534825, -352.5
1334.821429, 27.06965, -352.499996
1334.821429, 40.604475, -352.49991
1334.821429, 54.1393, -352.499098
1334.821429, 67.674125, -352.494621
1334.821429, 81.20895, -352.476872
1334.821429, 94.743775, -352.420621
1334.821429, 108.278601, -352.268986
1334.821429, 121.813426, -351.907267
1334.821429, 135.348251, -351.123047
1334.821429, 148.883076, -349.548379
1334.821429, 162.417901, -346.579354
1334.821429, 175.952726, -341.26777
1334.821429, 189.487551, -332.179076
1334.821429, 203.022376, -317.210197
1334.821429, 216.557201, -293.360314
1334.821429, 230.092026, -256.44709
1334.821429, 243.626851, -200.760308
1334.821429, 257.161676, -118.644298
1334.821429, 270.696501, 0
1437.5, -280.945207, 0
1437.5, -266.897946, -118.644298
1437.5, -252.850686, -200.760308
1437.5, -238.803426, -256.44709
1437.5, -224.756165, -293.360314
1437.5, -210.708905, -317.210197
1437.5, -196.661645, -332.179076
1437.5, -182.614384, -341.26777
1437.5, -168.567124, -346.579354
1437.5, -154.519864, -349.548379
1437.5, -140.472603, -351.123047
1437.5, -126.425343, -351.907267
1437.5, -112.378083, -352.268986
1437.5, -98.330822, -352.420621
1437.5, -84.283562, -352.476872
1437.5, -70.236302, -352.494621
1437.5, -56.189041, -352.499098
1437.5, -42.141781, -352.49991
1437.5, -28.094521, -352.499996
1437.5, -14.04726, -352.5
1437.5, 0, -352.5
1437.5, 14.04726, -352.5
1437.5, 28.094521, -352.499996
1437.5, 42.141781, -352.49991
1437.5, 56.189041, -352.499098
1437.5, 70.236302, -352.494621
1437.5, 84.283562, -352.476872
1437.5, 98.330822, -352.420621
1437.5, 112.378083, -352.268986
1437.5, 126.425343, -351.907267
1437.5, 140.472603, -351.123047
1437.5, 154.519864, -349.548379
1437.5, 168.567124, -346.579354
1437.5, 182.614384, -341.26777
1437.5, 196.661645, -332.179076
1437.5, 210.708905, -317.210197
1437.5, 224.756165, -293.360314
1437.5, 238.803426, -256.44709
1437.5, 252.850686, -200.760308
1437.5, 266.897946, -118.644298
1437.5, 280.945207, 0
1540.178571, -289.989537, 0
1540.178571, -275.490061, -118.644298
1540.178571, -260.990584, -200.760308
1540.178571, -246.491107, -256.44709
1540.178571, -231.99163, -293.360314
1540.178571, -217.492153, -317.210197
1540.178571, -202.992676, -332.179076
1540.178571, -188.493199, -341.26777
1540.178571, -173.993722, -346.579354
1540.178571, -159.494246, -349.548379
1540.178571, -144.994769, -351.123047
1540.178571, -130.495292, -351.907267
1540.178571, -115.995815, -352.268986
1540.178571, -101.496338, -352.420621
1540.178571, -86.996861, -352.476872
1540.178571, -72.497384, -352.494621
1540.178571, -57.997907, -352.499098
1540.178571, -43.498431, -352.49991
1540.178571, -28.998954, -352.499996
1540.178571, -14.499477, -352.5
1540.178571, 0, -352.5
1540.178571, 14.499477, -352.5
1540.178571, 28.998954, -352.499996
1540.178571, 43.498431, -352.49991
1540.178571, 57.997907, -352.499098
1540.178571, 72.497384, -352.494621
1540.178571, 86.996861, -352.476872
1540.178571, 101.496338, -352.420621
1540.178571, 115.995815, -352.268986
1540.178571, 130.495292, -351.907267
1540.178571, 144.994769, -351.123047
1540.178571, 159.494246, -349.548379
1540.178571, 173.993722, -346.579354
1540.178571, 188.493199, -341.26777
1540.178571, 202.992676, -332.179076
1540.178571, 217.492153, -317.210197
1540.178571, 231.99163, -293.360314
1540.178571, 246.491107, -256.44709
1540.178571, 260.990584, -200.760308
1540.178571, 275.490061, -118.644298
1540.178571, 289.989537, 0
1642.857143, -297.894623, 0
1642.857143, -282.999891, -118.644298
1642.857143, -268.10516, -200.760308
1642.857143, -253.210429, -256.44709
1642.857143, -238.315698, -293.360314
1642.857143, -223.420967, -317.210197
1642.857143, -208.526236, -332.179076
1642.857143, -193.631505, -341.26777
1642.857143, -178.736774, -346.579354
1642.857143, -163.842042, -349.548379
1642.857143, -148.947311, -351.123047
1642.857143, -134.05258, -351.907267
1642.857143, -119.157849, -352.268986
1642.857143, -104.263118, -352.420621
1642.857143, -89.368387, -352.476872
1642.857143, -74.473656, -352.494621
1642.857143, -59.578925, -352.499098
1642.857143, -44.684193, -352.49991
1642.857143, -29.789462, -352.499996
1642.857143, -14.894731, -352.5
1642.857143, 0, -352.5
1642.857143, 14.894731, -352.5
1642.857143, 29.789462, -352.499996
1642.857143, 44.684193, -352.49991
1642.857143, 59.578925, -352.499098
1642.857143, 74.473656, -352.494621
1642.857143, 89.368387, -352.476872
1642.857143, 104.263118, -352.420621
1642.857143, 119.157849, -352.268986
1642.857143, 134.05258, -351.907267
1642.857143, 148.947311, -351.123047
1642.857143, 163.842042, -349.548379
1642.857143, 178.736774, -346.579354
1642.857143, 193.631505, -341.26777
1642.857143, 208.526236, -332.179076
1642.857143, 223.420967, -317.210197
1642.857143, 238.315698, -293.360314
1642.857143, 253.210429, -256.44709
1642.857143, 268.10516, -200.760308
1642.857143, 282.999891, -118.644298
1642.857143, 297.894623, 0
1745.535714, -304.726858, 0
1745.535714, -289.490515, -118.644298
1745.535714, -274.254172, -200.760308
1745.535714, -259.017829, -256.44709
1745.535714, -243.781486, -293.360314
1745.535714, -228.545143, -317.210197
1745.535714, -213.308801, -332.179076
1745.535714, -198.072458, -341.26777
1745.535714, -182.836115, -346.579354
1745.535714, -167.599772, -349.548379
1745.535714, -152.363429, -351.123047
1745.535714, -137.127086, -351.907267
1745.535714, -121.890743, -352.268986
1745.535714, -106.6544, -352.420621
1745.535714, -91.418057, -352.476872
1745.535714, -76.181714, -352.494621
1745.535714, -60.945372, -352.499098
1745.535714, -45.709029, -352.49991
1745.535714, -30.472686, -352.499996
1745.535714, -15.236343, -352.5
1745.535714, 0, -352.5
1745.535714, 15.236343, -352.5
1745.535714, 30.472686, -352.499996
1745.535714, 45.709029, -352.49991
1745.535714, 60.945372, -352.499098
1745.535714, 76.181714, -352.494621
1745.535714, 91.418057, -352.476872
1745.535714, 106.6544, -352.420621
1745.535714, 121.890743, -352.268986
1745.535714, 137.127086, -351.907267
1745.535714, 152.363429, -351.123047
1745.535714, 167.599772, -349.548379
1745.535714, 182.836115, -346.579354
1745.535714, 198.072458, -341.26777
1745.535714, 213.308801, -332.179076
1745.535714, 228.545143, -317.210197
1745.535714, 243.781486, -293.360314
1745.535714, 259.017829, -256.44709
1745.535714, 274.254172, -200.760308
1745.535714, 289.490515, -118.644298
1745.535714, 304.726858, 0
1848.214286, -310.554042, 0
1848.214286, -295.026339, -118.644298
1848.214286, -279.498637, -200.760308
1848.214286, -263.970935, -256.44709
1848.214286, -248.443233, -293.360314
1848.214286, -232.915531, -317.210197
1848.214286, -217.387829, -332.179076
1848.214286, -201.860127, -341.26777
1848.214286, -186.332425, -346.579354
1848.214286, -170.804723, -349.548379
1848.214286, -155.277021, -351.123047
1848.214286, -139.749319, -351.907267
1848.214286, -124.221617, -352.268986
1848.214286, -108.693915, -352.420621
1848.214286, -93.166212, -352.476872
1848.214286, -77.63851, -352.494621
1848.214286, -62.110808, -352.499098
1848.214286, -46.583106, -352.49991
1848.214286, -31.055404, -352.499996
1848.214286, -15.527702, -352.5
1848.214286, 0, -352.5
1848.214286, 15.527702, -352.5
1848.214286, 31.055404, -352.499996
1848.214286, 46.583106, -352.49991
1848.214286, 62.110808, -352.499098
1848.214286, 77.63851, -352.494621
1848.214286, 93.166212, -352.476872
1848.214286, 108.693915, -352.420621
1848.214286, 124.221617, -352.268986
1848.214286, 139.749319, -351.907267
1848.214286, 155.277021, -351.123047
1848.214286, 170.804723, -349.548379
1848.214286, 186.332425, -346.579354
1848.214286, 201.860127, -341.26777
1848.214286, 217.387829, -332.179076
1848.214286, 232.915531, -317.210197
1848.214286, 248.443233, -293.360314
1848.214286, 263.970935, -256.44709
1848.214286, 279.498637, -200.760308
1848.214286, 295.026339, -118.644298
1848.214286, 310.554042, 0
1950.892857, -315.445535, 0
1950.892857, -299.673258, -118.644298
1950.892857, -283.900981, -200.760308
1950.892857, -268.128705, -256.44709
1950.892857, -252.356428, -293.360314
1950.892857, -236.584151, -317.210197
1950.892857, -220.811874, -332.179076
1950.892857, -205.039598, -341.26777
1950.892857, -189.267321, -346.579354
1950.892857, -173.495044, -349.548379
1950.892857, -157.722767, -351.123047
1950.892857, -141.950491, -351.907267
1950.892857, -126.178214, -352.268986
1950.892857, -110.405937, -352.420621
1950.892857, -94.63366, -352.476872
1950.892857, -78.861384, -352.494621
1950.892857, -63.089107, -352.499098
1950.892857, -47.31683, -352.49991
1950.892857, -31.544553, -352.499996
1950.892857, -15.772277, -352.5
1950.892857, 0, -352.5
1950.892857, 15.772277, -352.5
1950.892857, 31.544553, -352.499996
1950.892857, 47.31683, -352.49991
1950.892857, 63.089107, -352.499098
1950.892857, 78.861384, -352.494621
1950.892857, 94.63366, -352.476872
1950.892857, 110.405937, -352.420621
1950.892857, 126.178214, -352.268986
1950.892857, 141.950491, -351.907267
1950.892857, 157.722767, -351.123047
1950.892857, 173.495044, -349.548379
1950.892857, 189.267321, -346.579354
1950.892857, 205.039598, -341.26777
1950.892857, 220.811874, -332.179076
1950.892857, 236.584151, -317.210197
1950.892857, 252.356428, -293.360314
1950.892857, 268.128705, -256.44709
1950.892857, 283.900981, -200.760308
1950.892857, 299.673258, -118.644298
1950.892857, 315.445535, 0
2053.571429, -319.472462, 0
2053.571429, -303.498839, -118.644298
2053.571429, -287.525216, -200.760308
2053.571429, -271.551593, -256.44709
2053.571429, -255.57797, -293.360314
2053.571429, -239.604346, -317.210197
2053.571429, -223.630723, -332.179076
2053.571429, -207.6571, -341.26777
2053.571429, -191.683477, -346.579354
2053.571429, -175.709854, -349.548379
2053.571429, -159.736231, -351.123047
2053.571429, -143.762608, -351.907267
2053.571429, -127.788985, -352.268986
2053.571429, -111.815362, -352.420621
2053.571429, -95.841739, -352.476872
2053.571429, -79.868115, -352.494621
2053.571429, -63.894492, -352.499098
2053.571429, -47.920869, -352.49991
2053.571429, -31.947246, -352.499996
2053.571429, -15.973623, -352.5
2053.571429, 0, -352.5
2053.571429, 15.973623, -352.5
2053.571429, 31.947246, -352.499996
2053.571429, 47.920869, -352.49991
2053.571429, 63.894492, -352.499098
2053.571429, 79.868115, -352.494621
2053.571429, 95.841739, -352.476872
2053.571429, 111.815362, -352.420621
2053.571429, 127.788985, -352.268986
2053.571429, 143.762608, -351.907267
2053.571429, 159.736231, -351.123047
2053.571429, 175.709854, -349.548379
2053.571429, 191.683477, -346.579354
2053.571429, 207.6571, -341.26777
2053.571429, 223.630723, -332.179076
2053.571429, 239.604346, -317.210197
2053.571429, 255.57797, -293.360314
2053.571429, 271.551593, -256.44709
2053.571429, 287.525216, -200.760308
2053.571429, 303.498839, -118.644298
2053.571429, 319.472462, 0
2156.25, -322.707961, 0
2156.25, -306.572563, -118.644298
2156.25, -290.437165, -200.760308
2156.25, -274.301767, -256.44709
2156.25, -258.166369, -293.360314
2156.25, -242.030971, -317.210197
2156.25, -225.895573, -332.179076
2156.25, -209.760175, -341.26777
2156.25, -193.624777, -346.579354
2156.25, -177.489379, -349.548379
2156.25, -161.353981, -351.123047
2156.25, -145.218583, -351.907267
2156.25, -129.083185, -352.268986
2156.25, -112.947786, -352.420621
2156.25, -96.812388, -352.476872
2156.25, -80.67699, -352.494621
2156.25, -64.541592, -352.499098
2156.25, -48.406194, -352.49991
2156.25, -32.270796, -352.499996
2156.25, -16.135398, -352.5
2156.25, 0, -352.5
2156.25, 16.135398, -352.5
2156.25, 32.270796, -352.499996
2156.25, 48.406194, -352.49991
2156.25, 64.541592, -352.499098
2156.25, 80.67699, -352.494621
2156.25, 96.812388, -352.476872
2156.25, 112.947786, -352.420621
2156.25, 129.083185, -352.268986
2156.25, 145.218583, -351.907267
2156.25, 161.353981, -351.123047
2156.25, 177.489379, -349.548379
2156.25, 193.624777, -346.579354
2156.25, 209.760175, -341.26777
2156.25, 225.895573, -332.179076
2156.25, 242.030971, -317.210197
2156.25, 258.166369, -293.360314
2156.25, 274.301767, -256.44709
2156.25, 290.437165, -200.760308
2156.25, 306.572563, -118.644298
2156.25, 322.707961, 0
2258.928571, -325.227507, 0
2258.928571, -308.966132, -118.644298
2258.928571, -292.704756, -200.760308
2258.928571, -276.443381, -256.44709
2258.928571, -260.182006, -293.360314
2258.928571, -243.92063, -317.210197
2258.928571, -227.659255, -332.179076
2258.928571, -211.39788, -341.26777
2258.928571, -195.136504, -346.579354
2258.928571, -178.875129, -349.548379
2258.928571, -162.613754, -351.123047
2258.928571, -146.352378, -351.907267
2258.928571, -130.091003, -352.268986
2258.928571, -113.829627, -352.420621
2258.928571, -97.568252, -352.476872
2258.928571, -81.306877, -352.494621
2258.928571, -65.045501, -352.499098
2258.928571, -48.784126, -352.49991
2258.928571, -32.522751, -352.499996
2258.928571, -16.261375, -352.5
2258.928571, 0, -352.5
2258.928571, 16.261375, -352.5
2258.928571, 32.522751, -352.499996
2258.928571, 48.784126, -352.49991
2258.928571, 65.045501, -352.499098
2258.928571, 81.306877, -352.494621
2258.928571, 97.568252, -352.476872
2258.928571, 113.829627, -352.420621
2258.928571, 130.091003, -352.268986
2258.928571, 146.352378, -351.907267
2258.928571, 162.613754, -351.123047
2258.928571, 178.875129, -349.548379
2258.928571, 195.136504, -346.579354
2258.928571, 211.39788, -341.26777
2258.928571, 227.659255, -332.179076
2258.928571, 243.92063, -317.210197
2258.928571, 260.182006, -293.360314
2258.928571, 276.443381, -256.44709
2258.928571, 292.704756, -200.760308
2258.928571, 308.966132, -118.644298
2258.928571, 325.227507, 0
2361.607143, -327.109341, 0
2361.607143, -310.753874, -118.644298
2361.607143, -294.398407, -200.760308
2361.607143, -278.04294, -256.44709
2361.607143, -261.687473, -293.360314
2361.607143, -245.332006, -317.210197
2361.607143, -228.976539, -332.179076
2361.607143, -212.621072, -341.26777
2361.607143, -196.265605, -346.579354
2361.607143, -179.910138, -349.548379
2361.607143, -163.55467, -351.123047
2361.607143, -147.199203, -351.907267
2361.607143, -130.843736, -352.268986
2361.607143, -114.488269, -352.420621
2361.607143, -98.132802, -352.476872
2361.607143, -81.777335, -352.494621
2361.607143, -65.421868, -352.499098
2361.607143, -49.066401, -352.49991
2361.607143, -32.710934, -352.499996
2361.607143, -16.355467, -352.5
2361.607143, 0, -352.5
2361.607143, 16.355467, -352.5
2361.607143, 32.710934, -352.499996
2361.607143, 49.066401, -352.49991
2361.607143, 65.421868, -352.499098
2361.607143, 81.777335, -352.494621
2361.607143, 98.132802, -352.476872
2361.607143, 114.488269, -352.420621
2361.607143, 130.843736, -352.268986
2361.607143, 147.199203, -351.907267
2361.607143, 163.55467, -351.123047
2361.607143, 179.910138, -349.548379
2361.607143, 196.265605, -346.579354
2361.607143, 212.621072, -341.26777
2361.607143, 228.976539, -332.179076
2361.607143, 245.332006, -317.210197
2361.607143, 261.687473, -293.360314
2361.607143, 278.04294, -256.44709
2361.607143, 294.398407, -200.760308
2361.607143, 310.753874, -118.644298
2361.607143, 327.109341, 0
2464.285714, -328.435072, 0
2464.285714, -312.013319, -118.644298
2464.285714, -295.591565, -200.760308
2464.285714, -279.169811, -256.44709
2464.285714, -262.748058, -293.360314
2464.285714, -246.326304, -317.210197
2464.285714, -229.90455, -332.179076
2464.285714, -213.482797, -341.26777
2464.285714, -197.061043, -346.579354
2464.285714, -180.63929, -349.548379
2464.285714, -164.217536, -351.123047
2464.285714, -147.795782, -351.907267
2464.285714, -131.374029, -352.268986
2464.285714, -114.952275, -352.420621
2464.285714, -98.530522, -352.476872
2464.285714, -82.108768, -352.494621
2464.285714, -65.687014, -352.499098
2464.285714, -49.265261, -352.49991
2464.285714, -32.843507, -352.499996
2464.285714, -16.421754, -352.5
2464.285714, 0, -352.5
2464.285714, 16.421754, -352.5
2464.285714, 32.843507, -352.499996
2464.285714, 49.265261, -352.49991
2464.285714, 65.687014, -352.499098
2464.285714, 82.108768, -352.494621
2464.285714, 98.530522, -352.476872
2464.285714, 114.952275, -352.420621
2464.285714, 131.374029, -352.268986
2464.285714, 147.795782, -351.907267
2464.285714, 164.217536, -351.123047
2464.285714, 180.63929, -349.548379
2464.285714, 197.061043, -346.579354
2464.285714, 213.482797, -341.26777
2464.285714, 229.90455, -332.179076
2464.285714, 246.326304, -317.210197
2464.285714, 262.748058, -293.360314
2464.285714, 279.169811, -256.44709
2464.285714, 295.591565, -200.760308
2464.285714, 312.013319, -118.644298
2464.285714, 328.435072, 0
2566.964286, -329.290565, 0
2566.964286, -312.826036, -118.644298
2566.964286, -296.361508, -200.760308
2566.964286, -279.89698, -256.44709
2566.964286, -263.432452, -293.360314
2566.964286, -246.967924, -317.210197
2566.964286, -230.503395, -332.179076
2566.964286, -214.038867, -341.26777
2566.964286, -197.574339, -346.579354
2566.964286, -181.109811, -349.548379
2566.964286, -164.645282, -351.123047
2566.964286, -148.180754, -351.907267
2566.964286, -131.716226, -352.268986
2566.964286, -115.251698, -352.420621
2566.964286, -98.787169, -352.476872
2566.964286, -82.322641, -352.494621
2566.964286, -65.858113, -352.499098
2566.964286, -49.393585, -352.49991
2566.964286, -32.929056, -352.499996
2566.964286, -16.464528, -352.5
2566.964286, 0, -352.5
2566.964286, 16.464528, -352.5
2566.964286, 32.929056, -352.499996
2566.964286, 49.393585, -352.49991
2566.964286, 65.858113, -352.499098
2566.964286, 82.322641, -352.494621
2566.964286, 98.787169, -352.476872
2566.964286, 115.251698, -352.420621
2566.964286, 131.716226, -352.268986
2566.964286, 148.180754, -351.907267
2566.964286, 164.645282, -351.123047
2566.964286, 181.109811, -349.548379
2566.964286, 197.574339, -346.579354
2566.964286, 214.038867, -341.26777
2566.964286, 230.503395, -332.179076
2566.964286, 246.967924, -317.210197
2566.964286, 263.432452, -293.360314
2566.964286, 279.89698, -256.44709
2566.964286, 296.361508, -200.760308
2566.964286, 312.826036, -118.644298
2566.964286, 329.290565, 0
2669.642857, -329.767372, 0
2669.642857, -313.279003, -118.644298
2669.642857, -296.790635, -200.760308
2669.642857, -280.302266, -256.44709
2669.642857, -263.813898, -293.360314
2669.642857, -247.325529, -317.210197
2669.642857, -230.83716, -332.179076
2669.642857, -214.348792, -341.26777
2669.642857, -197.860423, -346.579354
2669.642857, -181.372055, -349.548379
2669.642857, -164.883686, -351.123047
2669.642857, -148.395317, -351.907267
2669.642857, -131.906949, -352.268986
2669.642857, -115.41858, -352.420621
2669.642857, -98.930212, -352.476872
2669.642857, -82.441843, -352.494621
2669.642857, -65.953474, -352.499098
2669.642857, -49.465106, -352.49991
2669.642857, -32.976737, -352.499996
2669.642857, -16.488369, -352.5
2669.642857, 0, -352.5
2669.642857, 16.488369, -352.5
2669.642857, 32.976737, -352.499996
2669.642857, 49.465106, -352.49991
2669.642857, 65.953474, -352.499098
2669.642857, 82.441843, -352.494621
2669.642857, 98.930212, -352.476872
2669.642857, 115.41858, -352.420621
2669.642857, 131.906949, -352.268986
2669.642857, 148.395317, -351.907267
2669.642857, 164.883686, -351.123047
2669.642857, 181.372055, -349.548379
2669.642857, 197.860423, -346.579354
2669.642857, 214.348792, -341.26777
2669.642857, 230.83716, -332.179076
2669.642857, 247.325529, -317.210197
2669.642857, 263.813898, -293.360314
2669.642857, 280.302266, -256.44709
2669.642857, 296.790635, -200.760308
2669.642857, 313.279003, -118.644298
2669.642857, 329.767372, 0
2772.321429, -329.96542, 0
2772.321429, -313.467149, -118.644298
2772.321429, -296.968878, -200.760308
2772.321429, -280.470607, -256.44709
2772.321429, -263.972336, -293.360314
2772.321429, -247.474065, -317.210197
2772.321429, -230.975794, -332.179076
2772.321429, -214.477523, -341.26777
2772.321429, -197.979252, -346.579354
2772.321429, -181.480981, -349.548379
2772.321429, -164.98271, -351.123047
2772.321429, -148.484439, -351.907267
2772.321429, -131.986168, -352.268986
2772.321429, -115.487897, -352.420621
2772.321429, -98.989626, -352.476872
2772.321429, -82.491355, -352.494621
2772.321429, -65.993084, -352.499098
2772.321429, -49.494813, -352.49991
2772.321429, -32.996542, -352.499996
2772.321429, -16.498271, -352.5
2772.321429, 0, -352.5
2772.321429, 16.498271, -352.5
2772.321429, 32.996542, -352.499996
2772.321429, 49.494813, -352.49991
2772.321429, 65.993084, -352.499098
2772.321429, 82.491355, -352.494621
2772.321429, 98.989626, -352.476872
2772.321429, 115.487897, -352.420621
2772.321429, 131.986168, -352.268986
2772.321429, 148.484439, -351.907267
2772.321429, 164.98271, -351.123047
2772.321429, 181.480981, -349.548379
2772.321429, 197.979252, -346.579354
2772.321429, 214.477523, -341.26777
2772.321429, 230.975794, -332.179076
2772.321429, 247.474065, -317.210197
2772.321429, 263.972336, -293.360314
2772.321429, 280.470607, -256.44709
2772.321429, 296.968878, -200.760308
2772.321429, 313.467149, -118.644298
2772.321429, 329.96542, 0
2875, -330, 0
2875, -313.5, -118.644298
2875, -297, -200.760308
2875, -280.5, -256.44709
2875, -264, -293.360314
2875, -247.5, -317.210197
2875, -231.0, -332.179076
2875, -214.5, -341.26777
2875, -198, -346.579354
2875, -181.5, -349.548379
2875, -165, -351.123047
2875, -148.5, -351.907267
2875, -132, -352.268986
2875, -115.5, -352.420621
2875, -99.0, -352.476872
2875, -82.5, -352.494621
2875, -66.0, -352.499098
2875, -49.5, -352.49991
2875, -33.0, -352.499996
2875, -16.5, -352.5
2875, 0, -352.5
2875, 16.5, -352.5
2875, 33.0, -352.499996
2875, 49.5, -352.49991
2875, 66.0, -352.499098
2875, 82.5, -352.494621
2875, 99.0, -352.476872
2875, 115.5, -352.420621
2875, 132, -352.268986
2875, 148.5, -351.907267
2875, 165, -351.123047
2875, 181.5, -349.548379
2875, 198, -346.579354
2875, 214.5, -341.26777
2875, 231.0, -332.179076
2875, 247.5, -317.210197
2875, 264, -293.360314
2875, 280.5, -256.44709
2875, 297, -200.760308
2875, 313.5, -118.644298
2875, 330, 0
2977.678571, -329.96542, 0
2977.678571, -313.467149, -118.644298
2977.678571, -296.968878, -200.760308
2977.678571, -280.470607, -256.44709
2977.678571, -263.972336, -293.360314
2977.678571, -247.474065, -317.210197
2977.678571, -230.975794, -332.179076
2977.678571, -214.477523, -341.26777
2977.678571, -197.979252, -346.579354
2977.678571, -181.480981, -349.548379
2977.678571, -164.98271, -351.123047
2977.678571, -148.484439, -351.907267
2977.678571, -131.986168, -352.268986
2977.678571, -115.487897, -352.420621
2977.678571, -98.989626, -352.476872
2977.678571, -82.491355, -352.494621
2977.678571, -65.993084, -352.499098
2977.678571, -49.494813, -352.49991
2977.678571, -32.996542, -352.499996
2977.678571, -16.498271, -352.5
2977.678571, 0, -352.5
2977.678571, 16.498271, -352.5
2977.678571, 32.996542, -352.499996
2977.678571, 49.494813, -352.49991
2977.678571, 65.993084, -352.499098
2977.678571, 82.491355, -352.494621
2977.678571, 98.989626, -352.476872
2977.678571, 115.487897, -352.420621
2977.678571, 131.986168, -352.268986
2977.678571, 148.484439, -351.907267
2977.678571, 164.98271, -351.123047
2977.678571, 181.480981, -349.548379
2977.678571, 197.979252, -346.579354
2977.678571, 214.477523, -341.26777
2977.678571, 230.975794, -332.179076
2977.678571, 247.474065, -317.210197
2977.678571, 263.972336, -293.360314
2977.678571, 280.470607, -256.44709
2977.678571, 296.968878, -200.760308
2977.678571, 313.467149, -118.644298
2977.678571, 329.96542, 0
3080.357143, -329.767372, 0
3080.357143, -313.279003, -118.644298
3080.357143, -296.790635, -200.760308
3080.357143, -280.302266, -256.44709
3080.357143, -263.813898, -293.360314
3080.357143, -247.325529, -317.210197
3080.357143, -230.83716, -332.179076
3080.357143, -214.348792, -341.26777
3080.357143, -197.860423, -346.579354
3080.357143, -181.372055, -349.548379
3080.357143, -164.883686, -351.123047
3080.357143, -148.395317, -351.907267
3080.357143, -131.906949, -352.268986
3080.357143, -115.41858, -352.420621
3080.357143, -98.930212, -352.476872
3080.357143, -82.441843, -352.494621
3080.357143, -65.953474, -352.499098
3080.357143, -49.465106, -352.49991
3080.357143, -32.976737, -352.499996
3080.357143, -16.488369, -352.5
3080.357143, 0, -352.5
3080.357143, 16.488369, -352.5
3080.357143, 32.976737, -352.499996
3080.357143, 49.465106, -352.49991
3080.357143, 65.953474, -352.499098
3080.357143, 82.441843, -352.494621
3080.357143, 98.930212, -352.476872
3080.357143, 115.41858, -352.420621
3080.357143, 131.906949, -352.268986
3080.357143, 148.395317, -351.907267
3080.357143, 164.883686, -351.123047
3080.357143, 181.372055, -349.548379
3080.357143, 197.860423, -346.579354
3080.357143, 214.348792, -341.26777
3080.357143, 230.83716, -332.179076
3080.357143, 247.325529, -317.210197
3080.357143, 263.813898, -293.360314
3080.357143, 280.302266, -256.44709
3080.357143, 296.790635, -200.760308
3080.357143, 313.279003, -118.644298
3080.357143, 329.767372, 0
3183.035714, -329.290565, 0
3183.035714, -312.826036, -118.644298
3183.035714, -296.361508, -200.760308
3183.035714, -279.89698, -256.44709
3183.035714, -263.432452, -293.360314
3183.035714, -246.967924, -317.210197
3183.035714, -230.503395, -332.179076
3183.035714, -214.038867, -341.26777
3183.035714, -197.574339, -346.579354
3183.035714, -181.109811, -349.548379
3183.035714, -164.645282, -351.123047
3183.035714, -148.180754, -351.907267
3183.035714, -131.716226, -352.268986
3183.035714, -115.251698, -352.420621
3183.035714, -98.787169, -352.476872
3183.035714, -82.322641, -352.494621
3183.035714, -65.858113, -352.499098
3183.035714, -49.393585, -352.49991
3183.035714, -32.929056, -352.499996
3183.035714, -16.464528, -352.5
3183.035714, 0, -352.5
3183.035714, 16.464528, -352.5
3183.035714, 32.929056, -352.499996
3183.035714, 49.393585, -352.49991
3183.035714, 65.858113, -352.499098
3183.035714, 82.322641, -352.494621
3183.035714, 98.787169, -352.476872
3183.035714, 115.251698, -352.420621
3183.035714, 131.716226, -352.268986
3183.035714, 148.180754, -351.907267
3183.035714, 164.645282, -351.123047
3183.035714, 181.109811, -349.548379
3183.035714, 197.574339, -346.579354
3183.035714, 214.038867, -341.26777
3183.035714, 230.503395, -332.179076
3183.035714, 246.967924, -317.210197
3183.035714, 263.432452, -293.360314
3183.035714, 279.89698, -256.44709
3183.035714, 296.361508, -200.760308
3183.035714, 312.826036, -118.644298
3183.035714, 329.290565, 0
3285.714286, -328.435072, 0
3285.714286, -312.013319, -118.644298
3285.714286, -295.591565, -200.760308
3285.714286, -279.169811, -256.44709
3285.714286, -262.748058, -293.360314
3285.714286, -246.326304, -317.210197
3285.714286, -229.90455, -332.179076
3285.714286, -213.482797, -341.26777
3285.714286, -197.061043, -346.579354
3285.714286, -180.63929, -349.548379
3285.714286, -164.217536, -351.123047
3285.714286, -147.795782, -351.907267
3285.714286, -131.374029, -352.268986
3285.714286, -114.952275, -352.420621
3285.714286, -98.530522, -352.476872
3285.714286, -82.108768, -352.494621
3285.714286, -65.687014, -352.499098
3285.714286, -49.265261, -352.49991
3285.714286, -32.843507, -352.499996
3285.714286, -16.421754, -352.5
3285.714286, 0, -352.5
3285.714286, 16.421754, -352.5
3285.714286, 32.843507, -352.499996
3285.714286, 49.265261, -352.49991
3285.714286, 65.687014, -352.499098
3285.714286, 82.108768, -352.494621
3285.714286, 98.530522, -352.476872
3285.714286, 114.952275, -352.420621
3285.714286, 131.374029, -352.268986
3285.714286, 147.795782, -351.907267
3285.714286, 164.217536, -351.123047
3285.714286, 180.63929, -349.548379
3285.714286, 197.061043, -346.579354
3285.714286, 213.482797, -341.26777
3285.714286, 229.90455, -332.179076
3285.714286, 246.326304, -317.210197
3285.714286, 262.748058, -293.360314
3285.714286, 279.169811, -256.44709
3285.714286, 295.591565, -200.760308
3285.714286, 312.013319, -118.644298
3285.714286, 328.435072, 0
3388.392857, -327.109341, 0
3388.392857, -310.753874, -118.644298
3388.392857, -294.398407, -200.760308
3388.392857, -278.04294, -256.44709
3388.392857, -261.687473, -293.360314
3388.392857, -245.332006, -317.210197
3388.392857, -228.976539, -332.179076
3388.392857, -212.621072, -341.26777
3388.392857, -196.265605, -346.579354
3388.392857, -179.910138, -349.548379
3388.392857, -163.55467, -351.123047
3388.392857, -147.199203, -351.907267
3388.392857, -130.843736, -352.268986
3388.392857, -114.488269, -352.420621
3388.392857, -98.132802, -352.476872
3388.392857, -81.777335, -352.494621
3388.392857, -65.421868, -352.499098
3388.392857, -49.066401, -352.49991
3388.392857, -32.710934, -352.499996
3388.392857, -16.355467, -352.5
3388.392857, 0, -352.5
3388.392857, 16.355467, -352.5
3388.392857, 32.710934, -352.499996
3388.392857, 49.066401, -352.49991
3388.392857, 65.421868, -352.499098
3388.392857, 81.777335, -352.494621
3388.392857, 98.132802, -352.476872
3388.392857, 114.488269, -352.420621
3388.392857, 130.843736, -352.268986
3388.392857, 147.199203, -351.907267
3388.392857, 163.55467, -351.123047
3388.392857, 179.910138, -349.548379
3388.392857, 196.265605, -346.579354
3388.392857, 212.621072, -341.26777
3388.392857, 228.976539, -332.179076
3388.392857, 245.332006, -317.210197
3388.392857, 261.687473, -293.360314
3388.392857, 278.04294, -256.44709
3388.392857, 294.398407, -200.760308
3388.392857, 310.753874, -118.644298
3388.392857, 327.109341, 0
3491.071429, -325.227507, 0
3491.071429, -308.966132, -118.644298
3491.071429, -292.704756, -200.760308
3491.071429, -276.443381, -256.44709
3491.071429, -260.182006, -293.360314
3491.071429, -243.92063, -317.210197
3491.071429, -227.659255, -332.179076
3491.071429, -211.39788, -341.26777
3491.071429, -195.136504, -346.579354
3491.071429, -178.875129, -349.548379
3491.071429, -162.613754, -351.123047
3491.071429, -146.352378, -351.907267
3491.071429, -130.091003, -352.268986
3491.071429, -113.829627, -352.420621
3491.071429, -97.568252, -352.476872
3491.071429, -81.306877, -352.494621
3491.071429, -65.045501, -352.499098
3491.071429, -48.784126, -352.49991
3491.071429, -32.522751, -352.499996
3491.071429, -16.261375, -352.5
3491.071429, 0, -352.5
3491.071429, 16.261375, -352.5
3491.071429, 32.522751, -352.499996
3491.071429, 48.784126, -352.49991
3491.071429, 65.045501, -352.499098
3491.071429, 81.306877, -352.494621
3491.071429, 97.568252, -352.476872
3491.071429, 113.829627, -352.420621
3491.071429, 130.091003, -352.268986
3491.071429, 146.352378, -351.907267
3491.071429, 162.613754, -351.123047
3491.071429, 178.875129, -349.548379
3491.071429, 195.136504, -346.579354
3491.071429, 211.39788, -341.26777
3491.071429, 227.659255, -332.179076
3491.071429, 243.92063, -317.210197
3491.071429, 260.182006, -293.360314
3491.071429, 276.443381, -256.44709
3491.071429, 292.704756, -200.760308
3491.071429, 308.966132, -118.644298
3491.071429, 325.227507, 0
3593.75, -322.707961, 0
3593.75, -306.572563, -118.644298
3593.75, -290.437165, -200.760308
3593.75, -274.301767, -256.44709
3593.75, -258.166369, -293.360314
3593.75, -242.030971, -317.210197
3593.75, -225.895573, -332.179076
3593.75, -209.760175, -341.26777
3593.75, -193.624777, -346.579354
3593.75, -177.489379, -349.548379
3593.75, -161.353981, -351.123047
3593.75, -145.218583, -351.907267
3593.75, -129.083185, -352.268986
3593.75, -112.947786, -352.420621
3593.75, -96.812388, -352.476872
3593.75, -80.67699, -352.494621
3593.75, -64.541592, -352.499098
3593.75, -48.406194, -352.49991
3593.75, -32.270796, -352.499996
3593.75, -16.135398, -352.5
3593.75, 0, -352.5
3593.75, 16.135398, -352.5
3593.75, 32.270796, -352.499996
3593.75, 48.406194, -352.49991
3593.75, 64.541592, -352.499098
3593.75, 80.67699, -352.494621
3593.75, 96.812388, -352.476872
3593.75, 112.947786, -352.420621
3593.75, 129.083185, -352.268986
3593.75, 145.218583, -351.907267
3593.75, 161.353981, -351.123047
3593.75, 177.489379, -349.548379
3593.75, 193.624777, -346.579354
3593.75, 209.760175, -341.26777
3593.75, 225.895573, -332.179076
3593.75, 242.030971, -317.210197
3593.75, 258.166369, -293.360314
3593.75, 274.301767, -256.44709
3593.75, 290.437165, -200.760308
3593.75, 306.572563, -118.644298
3593.75, 322.707961, 0
3696.428571, -319.472462, 0
3696.428571, -303.498839, -118.644298
3696.428571, -287.525216, -200.760308
3696.428571, -271.551593, -256.44709
3696.428571, -255.57797, -293.360314
3696.428571, -239.604346, -317.210197
3696.428571, -223.630723, -332.179076
3696.428571, -207.6571, -341.26777
3696.428571, -191.683477, -346.579354
3696.428571, -175.709854, -349.548379
3696.428571, -159.736231, -351.123047
3696.428571, -143.762608, -351.907267
3696.428571, -127.788985, -352.268986
3696.428571, -111.815362, -352.420621
3696.428571, -95.841739, -352.476872
3696.428571, -79.868115, -352.494621
3696.428571, -63.894492, -352.499098
3696.428571, -47.920869, -352.49991
3696.428571, -31.947246, -352.499996
3696.428571, -15.973623, -352.5
3696.428571, 0, -352.5
3696.428571, 15.973623, -352.5
3696.428571, 31.947246, -352.499996
3696.428571, 47.920869, -352.49991
3696.428571, 63.894492, -352.499098
3696.428571, 79.868115, -352.494621
3696.428571, 95.841739, -352.476872
3696.428571, 111.815362, -352.420621
3696.428571, 127.788985, -352.268986
3696.428571, 143.762608, -351.907267
3696.428571, 159.736231, -351.123047
3696.428571, 175.709854, -349.548379
3696.428571, 191.683477, -346.579354
3696.428571, 207.6571, -341.26777
3696.428571, 223.630723, -332.179076
3696.428571, 239.604346, -317.210197
3696.428571, 255.57797, -293.360314
3696.428571, 271.551593, -256.44709
3696.428571, 287.525216, -200.760308
3696.428571, 303.498839, -118.644298
3696.428571, 319.472462, 0
3799.107143, -315.445535, 0
3799.107143, -299.673258, -118.644298
3799.107143, -283.900981, -200.760308
3799.107143, -268.128705, -256.44709
3799.107143, -252.356428, -293.360314
3799.107143, -236.584151, -317.210197
3799.107143, -220.811874, -332.179076
3799.107143, -205.039598, -341.26777
3799.107143, -189.267321, -346.579354
3799.107143, -173.495044, -349.548379
3799.107143, -157.722767, -351.123047
3799.107143, -141.950491, -351.907267
3799.107143, -126.178214, -352.268986
3799.107143, -110.405937, -352.420621
3799.107143, -94.63366, -352.476872
3799.107143, -78.861384, -352.494621
3799.107143, -63.089107, -352.499098
3799.107143, -47.31683, -352.49991
3799.107143, -31.544553, -352.499996
3799.107143, -15.772277, -352.5
3799.107143, 0, -352.5
3799.107143, 15.772277, -352.5
3799.107143, 31.544553, -352.499996
3799.107143, 47.31683, -352.49991
3799.107143, 63.089107, -352.499098
3799.107143, 78.861384, -352.494621
3799.107143, 94.63366, -352.476872
3799.107143, 110.405937, -352.420621
3799.107143, 126.178214, -352.268986
3799.107143, 141.950491, -351.907267
3799.107143, 157.722767, -351.123047
3799.107143, 173.495044, -349.548379
3799.107143, 189.267321, -346.579354
3799.107143, 205.039598, -341.26777
3799.107143, 220.811874, -332.179076
3799.107143, 236.584151, -317.210197
3799.107143, 252.356428, -293.360314
3799.107143, 268.128705, -256.44709
3799.107143, 283.900981, -200.760308
3799.107143, 299.673258, -118.644298
3799.107143, 315.445535, 0
3901.785714, -310.554042, 0
3901.785714, -295.026339, -118.644298
3901.785714, -279.498637, -200.760308
3901.785714, -263.970935, -256.44709
3901.785714, -248.443233, -293.360314
3901.785714, -232.915531, -317.210197
3901.785714, -217.387829, -332.179076
3901.785714, -201.860127, -341.26777
3901.785714, -186.332425, -346.579354
3901.785714, -170.804723, -349.548379
3901.785714, -155.277021, -351.123047
3901.785714, -139.749319, -351.907267
3901.785714, -124.221617, -352.268986
3901.785714, -108.693915, -352.420621
3901.785714, -93.166212, -352.476872
3901.785714, -77.63851, -352.494621
3901.785714, -62.110808, -352.499098
3901.785714, -46.583106, -352.49991
3901.785714, -31.055404, -352.499996
3901.785714, -15.527702, -352.5
3901.785714, 0, -352.5
3901.785714, 15.527702, -352.5
3901.785714, 31.055404, -352.499996
3901.785714, 46.583106, -352.49991
3901.785714, 62.110808, -352.499098
3901.785714, 77.63851, -352.494621
3901.785714, 93.166212, -352.476872
3901.785714, 108.693915, -352.420621
3901.785714, 124.221617, -352.268986
3901.785714, 139.749319, -351.907267
3901.785714, 155.277021, -351.123047
3901.785714, 170.804723, -349.548379
3901.785714, 186.332425, -346.579354
3901.785714, 201.860127, -341.26777
3901.785714, 217.387829, -332.179076
3901.785714, 232.915531, -317.210197
3901.785714, 248.443233, -293.360314
3901.785714, 263.970935, -256.44709
3901.785714, 279.498637, -200.760308
3901.785714, 295.026339, -118.644298
3901.785714, 310.554042, 0
4004.464286, -304.726858, 0
4004.464286, -289.490515, -118.644298
4004.464286, -274.254172, -200.760308
4004.464286, -259.017829, -256.44709
4004.464286, -243.781486, -293.360314
4004.464286, -228.545143, -317.210197
4004.464286, -213.308801, -332.179076
4004.464286, -198.072458, -341.26777
4004.464286, -182.836115, -346.579354
4004.464286, -167.599772, -349.548379
4004.464286, -152.363429, -351.123047
4004.464286, -137.127086, -351.907267
4004.464286, -121.890743, -352.268986
4004.464286, -106.6544, -352.420621
4004.464286, -91.418057, -352.476872
4004.464286, -76.181714, -352.494621
4004.464286, -60.945372, -352.499098
4004.464286, -45.709029, -352.49991
4004.464286, -30.472686, -352.499996
4004.464286, -15.236343, -352.5
4004.464286, 0, -352.5
4004.464286, 15.236343, -352.5
4004.464286, 30.472686, -352.499996
4004.464286, 45.709029, -352.49991
4004.464286, 60.945372, -352.499098
4004.464286, 76.181714, -352.494621
4004.464286, 91.418057, -352.476872
4004.464286, 106.6544, -352.420621
4004.464286, 121.890743, -352.268986
4004.464286, 137.127086, -351.907267
4004.464286, 152.363429, -351.123047
4004.464286, 167.599772, -349.548379
4004.464286, 182.836115, -346.579354
4004.464286, 198.072458, -341.26777
4004.464286, 213.308801, -332.179076
4004.464286, 228.545143, -317.210197
4004.464286, 243.781486, -293.360314
4004.464286, 259.017829, -256.44709
4004.464286, 274.254172, -200.760308
4004.464286, 289.490515, -118.644298
4004.464286, 304.726858, 0
4107.142857, -297.894623, 0
4107.142857, -282.999891, -118.644298
4107.142857, -268.10516, -200.760308
4107.142857, -253.210429, -256.44709
4107.142857, -238.315698, -293.360314
4107.142857, -223.420967, -317.210197
4107.142857, -208.526236, -332.179076
4107.142857, -193.631505, -341.26777
4107.142857, -178.736774, -346.579354
4107.142857, -163.842042, -349.548379
4107.142857, -148.947311, -351.123047
4107.142857, -134.05258, -351.907267
4107.142857, -119.157849, -352.268986
4107.142857, -104.263118, -352.420621
4107.142857, -89.368387, -352.476872
4107.142857, -74.473656, -352.494621
4107.142857, -59.578925, -352.499098
4107.142857, -44.684193, -352.49991
4107.142857, -29.789462, -352.499996
4107.142857, -14.894731, -352.5
4107.142857, 0, -352.5
4107.142857, 14.894731, -352.5
4107.142857, 29.789462, -352.499996
4107.142857, 44.684193, -352.49991
4107.142857, 59.578925, -352.499098
4107.142857, 74.473656, -352.494621
4107.142857, 89.368387, -352.476872
4107.142857, 104.263118, -352.420621
4107.142857, 119.157849, -352.268986
4107.142857, 134.05258, -351.907267
4107.142857, 148.947311, -351.123047
4107.142857, 163.842042, -349.548379
4107.142857, 178.736774, -346.579354
4107.142857, 193.631505, -341.26777
4107.142857, 208.526236, -332.179076
4107.142857, 223.420967, -317.210197
4107.142857, 238.315698, -293.360314
4107.142857, 253.210429, -256.44709
4107.142857, 268.10516, -200.760308
4107.142857, 282.999891, -118.644298
4107.142857, 297.894623, 0
4209.821429, -289.989537, 0
4209.821429, -275.490061, -118.644298
4209.821429, -260.990584, -200.760308
4209.821429, -246.491107, -256.44709
4209.821429, -231.99163, -293.360314
4209.821429, -217.492153, -317.210197
4209.821429, -202.992676, -332.179076
4209.821429, -188.493199, -341.26777
4209.821429, -173.993722, -346.579354
4209.821429, -159.494246, -349.548379
4209.821429, -144.994769, -351.123047
4209.821429, -130.495292, -351.907267
4209.821429, -115.995815, -352.268986
4209.821429, -101.496338, -352.420621
4209.821429, -86.996861, -352.476872
4209.821429, -72.497384, -352.494621
4209.821429, -57.997907, -352.499098
4209.821429, -43.498431, -352.49991
4209.821429, -28.998954, -352.499996
4209.821429, -14.499477, -352.5
4209.821429, 0, -352.5
4209.821429, 14.499477, -352.5
4209.821429, 28.998954, -352.499996
4209.821429, 43.498431, -352.49991
4209.821429, 57.997907, -352.499098
4209.821429, 72.497384, -352.494621
4209.821429, 86.996861, -352.476872
4209.821429, 101.496338, -352.420621
4209.821429, 115.995815, -352.268986
4209.821429, 130.495292, -351.907267
4209.821429, 144.994769, -351.123047
4209.821429, 159.494246, -349.548379
4209.821429, 173.993722, -346.579354
4209.821429, 188.493199, -341.26777
4209.821429, 202.992676, -332.179076
4209.821429, 217.492153, -317.210197
4209.821429, 231.99163, -293.360314
4209.821429, 246.491107, -256.44709
4209.821429, 260.990584, -200.760308
4209.821429, 275.490061, -118.644298
4209.821429, 289.989537, 0
4312.5, -280.945207, 0
4312.5, -266.897946, -118.644298
4312.5, -252.850686, -200.760308
4312.5, -238.803426, -256.44709
4312.5, -224.756165, -293.360314
4312.5, -210.708905, -317.210197
4312.5, -196.661645, -332.179076
4312.5, -182.614384, -341.26777
4312.5, -168.567124, -346.579354
4312.5, -154.519864, -349.548379
4312.5, -140.472603, -351.123047
4312.5, -126.425343, -351.907267
4312.5, -112.378083, -352.268986
4312.5, -98.330822, -352.420621
4312.5, -84.283562, -352.476872
4312.5, -70.236302, -352.494621
4312.5, -56.189041, -352.499098
4312.5, -42.141781, -352.49991
4312.5, -28.094521, -352.499996
4312.5, -14.04726, -352.5
4312.5, 0, -352.5
4312.5, 14.04726, -352.5
4312.5, 28.094521, -352.499996
4312.5, 42.141781, -352.49991
4312.5, 56.189041, -352.499098
4312.5, 70.236302, -352.494621
4312.5, 84.283562, -352.476872
4312.5, 98.330822, -352.420621
4312.5, 112.378083, -352.268986
4312.5, 126.425343, -351.907267
4312.5, 140.472603, -351.123047
4312.5, 154.519864, -349.548379
4312.5, 168.567124, -346.579354
4312.5, 182.614384, -341.26777
4312.5, 196.661645, -332.179076
4312.5, 210.708905, -317.210197
4312.5, 224.756165, -293.360314
4312.5, 238.803426, -256.44709
4312.5, 252.850686, -200.760308
4312.5, 266.897946, -118.644298
4312.5, 280.945207, 0
4415.178571, -270.696501, 0
4415.178571, -257.161676, -118.644298
4415.178571, -243.626851, -200.760308
4415.178571, -230.092026, -256.44709
4415.178571, -216.557201, -293.360314
4415.178571, -203.022376, -317.210197
4415.178571, -189.487551, -332.179076
4415.178571, -175.952726, -341.26777
4415.178571, -162.417901, -346.579354
4415.178571, -148.883076, -349.548379
4415.178571, -135.348251, -351.123047
4415.178571, -121.813426, -351.907267
4415.178571, -108.278601, -352.268986
4415.178571, -94.743775, -352.420621
4415.178571, -81.20895, -352.476872
4415.178571, -67.674125, -352.494621
4415.178571, -54.1393, -352.499098
4415.178571, -40.604475, -352.49991
4415.178571, -27.06965, -352.499996
4415.178571, -13.534825, -352.5
4415.178571, 0, -352.5
4415.178571, 13.534825, -352.5
4415.178571, 27.06965, -352.499996
4415.178571, 40.604475, -352.49991
4415.178571, 54.1393, -352.499098
4415.178571, 67.674125, -352.494621
4415.178571, 81.20895, -352.476872
4415.178571, 94.743775, -352.420621
4415.178571, 108.278601, -352.268986
4415.178571, 121.813426, -351.907267
4415.178571, 135.348251, -351.123047
4415.178571, 148.883076, -349.548379
4415.178571, 162.417901, -346.579354
4415.178571, 175.952726, -341.26777
4415.178571, 189.487551, -332.179076
4415.178571, 203.022376, -317.210197
4415.178571, 216.557201, -293.360314
4415.178571, 230.092026, -256.44709
4415.178571, 243.626851, -200.760308
4415.178571, 257.161676, -118.644298
4415.178571, 270.696501, 0
4517.857143, -259.179448, 0
4517.857143, -246.220476, -118.644298
4517.857143, -233.261503, -200.760308
4517.857143, -220.302531, -256.44709
4517.857143, -207.343559, -293.360314
4517.857143, -194.384586, -317.210197
4517.857143, -181.425614, -332.179076
4517.857143, -168.466641, -341.26777
4517.857143, -155.507669, -346.579354
4517.857143, -142.548697, -349.548379
4517.857143, -129.589724, -351.123047
4517.857143, -116.630752, -351.907267
4517.857143, -103.671779, -352.268986
4517.857143, -90.712807, -352.420621
4517.857143, -77.753834, -352.476872
4517.857143, -64.794862, -352.494621
4517.857143, -51.83589, -352.499098
4517.857143, -38.876917, -352.49991
4517.857143, -25.917945, -352.499996
4517.857143, -12.958972, -352.5
4517.857143, 0, -352.5
4517.857143, 12.958972, -352.5
4517.857143, 25.917945, -352.499996
4517.857143, 38.876917, -352.49991
4517.857143, 51.83589, -352.499098
4517.857143, 64.794862, -352.494621
4517.857143, 77.753834, -352.476872
4517.857143, 90.712807, -352.420621
4517.857143, 103.671779, -352.268986
4517.857143, 116.630752, -351.907267
4517.857143, 129.589724, -351.123047
4517.857143, 142.548697, -349.548379
4517.857143, 155.507669, -346.579354
4517.857143, 168.466641, -341.26777
4517.857143, 181.425614, -332.179076
4517.857143, 194.384586, -317.210197
4517.857143, 207.343559, -293.360314
4517.857143, 220.302531, -256.44709
4517.857143, 233.261503, -200.760308
4517.857143, 246.220476, -118.644298
4517.857143, 259.179448, 0
4620.535714, -246.331133, 0
4620.535714, -234.014576, -118.644298
4620.535714, -221.69802, -200.760308
4620.535714, -209.381463, -256.447089
4620.535714, -197.064906, -293.360313
4620.535714, -184.74835, -317.210197
4620.535714, -172.431793, -332.179076
4620.535714, -160.115237, -341.26777
4620.535714, -147.79868, -346.579353
4620.535714, -135.482123, -349.548378
4620.535714, -123.165567, -351.123046
4620.535714, -110.84901, -351.907266
4620.535714, -98.532453, -352.268985
4620.535714, -86.215897, -352.420621
4620.535714, -73.89934, -352.476872
4620.535714, -61.582783, -352.49462
4620.535714, -49.266227, -352.499097
4620.535714, -36.94967, -352.499909
4620.535714, -24.633113, -352.499996
4620.535714, -12.316557, -352.499999
4620.535714, 0, -352.499999
4620.535714, 12.316557, -352.499999
4620.535714, 24.633113, -352.499996
4620.535714, 36.94967, -352.499909
4620.535714, 49.266227, -352.499097
4620.535714, 61.582783, -352.49462
4620.535714, 73.89934, -352.476872
4620.535714, 86.215897, -352.420621
4620.535714, 98.532453, -352.268985
4620.535714, 110.84901, -351.907266
4620.535714, 123.165567, -351.123046
4620.535714, 135.482123, -349.548378
4620.535714, 147.79868, -346.579353
4620.535714, 160.115237, -341.26777
4620.535714, 172.431793, -332.179076
4620.535714, 184.74835, -317.210197
4620.535714, 197.064906, -293.360313
4620.535714, 209.381463, -256.447089
4620.535714, 221.69802, -200.760308
4620.535714, 234.014576, -118.644298
4620.535714, 246.331133, 0
4723.214286, -232.089619, 0
4723.214286, -220.485138, -118.644295
4723.214286, -208.880657, -200.760304
4723.214286, -197.276176, -256.447084
4723.214286, -185.671695, -293.360307
4723.214286, -174.067214, -317.210191
4723.214286, -162.462733, -332.179069
4723.214286, -150.858252, -341.267763
4723.214286, -139.253771, -346.579346
4723.214286, -127.64929, -349.548371
4723.214286, -116.044809, -351.123039
4723.214286, -104.440328, -351.907259
4723.214286, -92.835847, -352.268978
4723.214286, -81.231366, -352.420614
4723.214286, -69.626886, -352.476865
4723.214286, -58.022405, -352.494614
4723.214286, -46.417924, -352.49909
4723.214286, -34.813443, -352.499902
4723.214286, -23.208962, -352.499989
4723.214286, -11.604481, -352.499992
4723.214286, 0, -352.499992
4723.214286, 11.604481, -352.499992
4723.214286, 23.208962, -352.499989
4723.214286, 34.813443, -352.499902
4723.214286, 46.417924, -352.49909
4723.214286, 58.022405, -352.494614
4723.214286, 69.626886, -352.476865
4723.214286, 81.231366, -352.420614
4723.214286, 92.835847, -352.268978
4723.214286, 104.440328, -351.907259
4723.214286, 116.044809, -351.123039
4723.214286, 127.64929, -349.548371
4723.214286, 139.253771, -346.579346
4723.214286, 150.858252, -341.267763
4723.214286, 162.462733, -332.179069
4723.214286, 174.067214, -317.210191
4723.214286, 185.671695, -293.360307
4723.214286, 197.276176, -256.447084
4723.214286, 208.880657, -200.760304
4723.214286, 220.485138, -118.644295
4723.214286, 232.089619, 0
4825.892857, -216.393872, 0
4825.892857, -205.574179, -118.644275
4825.892857, -194.754485, -200.76027
4825.892857, -183.934792, -256.447041
4825.892857, -173.115098, -293.360258
4825.892857, -162.295404, -317.210137
4825.892857, -151.475711, -332.179013
4825.892857, -140.656017, -341.267705
4825.892857, -129.836323, -346.579288
4825.892857, -119.01663, -349.548312
4825.892857, -108.196936, -351.12298
4825.892857, -97.377243, -351.9072
4825.892857, -86.557549, -352.268919
4825.892857, -75.737855, -352.420554
4825.892857, -64.918162, -352.476805
4825.892857, -54.098468, -352.494554
4825.892857, -43.278774, -352.499031
4825.892857, -32.459081, -352.499843
4825.892857, -21.639387, -352.499929
4825.892857, -10.819694, -352.499933
4825.892857, 0, -352.499933
4825.892857, 10.819694, -352.499933
4825.892857, 21.639387, -352.499929
4825.892857, 32.459081, -352.499843
4825.892857, 43.278774, -352.499031
4825.892857, 54.098468, -352.494554
4825.892857, 64.918162, -352.476805
4825.892857, 75.737855, -352.420554
4825.892857, 86.557549, -352.268919
4825.892857, 97.377243, -351.9072
4825.892857, 108.196936, -351.12298
4825.892857, 119.01663, -349.548312
4825.892857, 129.836323, -346.579288
4825.892857, 140.656017, -341.267705
4825.892857, 151.475711, -332.179013
4825.892857, 162.295404, -317.210137
4825.892857, 173.115098, -293.360258
4825.892857, 183.934792, -256.447041
4825.892857, 194.754485, -200.76027
4825.892857, 205.574179, -118.644275
4825.892857, 216.393872, 0
4928.571429, -199.183706, 0
4928.571429, -189.224521, -118.644122
4928.571429, -179.265335, -200.760012
4928.571429, -169.30615, -256.446711
4928.571429, -159.346965, -293.35988
4928.571429, -149.387779, -317.209728
4928.571429, -139.428594, -332.178585
4928.571429, -129.469409, -341.267266
4928.571429, -119.510224, -346.578841
4928.571429, -109.551038, -349.547862
4928.571429, -99.591853, -351.122528
4928.571429, -89.632668, -351.906746
4928.571429, -79.673482, -352.268465
4928.571429, -69.714297, -352.4201
4928.571429, -59.755112, -352.476351
4928.571429, -49.795926, -352.4941
4928.571429, -39.836741, -352.498576
4928.571429, -29.877556, -352.499388
4928.571429, -19.918371, -352.499475
4928.571429, -9.959185, -352.499479
4928.571429, 0, -352.499479
4928.571429, 9.959185, -352.499479
4928.571429, 19.918371, -352.499475
4928.571429, 29.877556, -352.499388
4928.571429, 39.836741, -352.498576
4928.571429, 49.795926, -352.4941
4928.571429, 59.755112, -352.476351
4928.571429, 69.714297, -352.4201
4928.571429, 79.673482, -352.268465
4928.571429, 89.632668, -351.906746
4928.571429, 99.591853, -351.122528
4928.571429, 109.551038, -349.547862
4928.571429, 119.510224, -346.578841
4928.571429, 129.469409, -341.267266
4928.571429, 139.428594, -332.178585
4928.571429, 149.387779, -317.209728
4928.571429, 159.346965, -293.35988
4928.571429, 169.30615, -256.446711
4928.571429, 179.265335, -200.760012
4928.571429, 189.224521, -118.644122
4928.571429, 199.183706, 0
5031.25, -180.399717, 0
5031.25, -171.379731, -118.643063
5031.25, -162.359746, -200.758218
5031.25, -153.33976, -256.444419
5031.25, -144.319774, -293.357259
5031.25, -135.299788, -317.206894
5031.25, -126.279802, -332.175617
5031.25, -117.259816, -341.264217
5031.25, -108.23983, -346.575745
5031.25, -99.219845, -349.544739
5031.25, -90.199859, -351.119391
5031.25, -81.179873, -351.903602
5031.25, -72.159887, -352.265317
5031.25, -63.139901, -352.416952
5031.25, -54.119915, -352.473202
5031.25, -45.099929, -352.490951
5031.25, -36.079943, -352.495427
5031.25, -27.059958, -352.496239
5031.25, -18.039972, -352.496326
5031.25, -9.019986, -352.496329
5031.25, 0, -352.496329
5031.25, 9.019986, -352.496329
5031.25, 18.039972, -352.496326
5031.25, 27.059958, -352.496239
5031.25, 36.079943, -352.495427
5031.25, 45.099929, -352.490951
5031.25, 54.119915, -352.473202
5031.25, 63.139901, -352.416952
5031.25, 72.159887, -352.265317
5031.25, 81.179873, -351.903602
5031.25, 90.199859, -351.119391
5031.25, 99.219845, -349.544739
5031.25, 108.23983, -346.575745
5031.25, 117.259816, -341.264217
5031.25, 126.279802, -332.175617
5031.25, 135.299788, -317.206894
5031.25, 144.319774, -293.357259
5031.25, 153.33976, -256.444419
5031.25, 162.359746, -200.758218
5031.25, 171.379731, -118.643063
5031.25, 180.399717, 0
5133.928571, -159.983244, 0
5133.928571, -151.984082, -118.636355
5133.928571, -143.984919, -200.746869
5133.928571, -135.985757, -256.429922
5133.928571, -127.986595, -293.340675
5133.928571, -119.987433, -317.188962
5133.928571, -111.988271, -332.156839
5133.928571, -103.989108, -341.244924
5133.928571, -95.989946, -346.556152
5133.928571, -87.990784, -349.524978
5133.928571, -79.991622, -351.099541
5133.928571, -71.99246, -351.883708
5133.928571, -63.993298, -352.245403
5133.928571, -55.994135, -352.397029
5133.928571, -47.994973, -352.453276
5133.928571, -39.995811, -352.471023
5133.928571, -31.996649, -352.475499
5133.928571, -23.997487, -352.476311
5133.928571, -15.998324, -352.476398
5133.928571, -7.999162, -352.476402
5133.928571, 0, -352.476402
5133.928571, 7.999162, -352.476402
5133.928571, 15.998324, -352.476398
5133.928571, 23.997487, -352.476311
5133.928571, 31.996649, -352.475499
5133.928571, 39.995811, -352.471023
5133.928571, 47.994973, -352.453276
5133.928571, 55.994135, -352.397029
5133.928571, 63.993298, -352.245403
5133.928571, 71.99246, -351.883708
5133.928571, 79.991622, -351.099541
5133.928571, 87.990784, -349.524978
5133.928571, 95.989946, -346.556152
5133.928571, 103.989108, -341.244924
5133.928571, 111.988271, -332.156839
5133.928571, 119.987433, -317.188962
5133.928571, 127.986595, -293.340675
5133.928571, 135.985757, -256.429922
5133.928571, 143.984919, -200.746869
5133.928571, 151.984082, -118.636355
5133.928571, 159.983244, 0
5236.607143, -137.876317, 0
5236.607143, -130.982501, -118.59729
5236.607143, -124.088686, -200.680765
5236.607143, -117.19487, -256.345483
5236.607143, -110.301054, -293.244081
5236.607143, -103.407238, -317.084515
5236.607143, -96.513422, -332.047464
5236.607143, -89.619606, -341.132556
5236.607143, -82.72579, -346.442035
5236.607143, -75.831975, -349.409884
5236.607143, -68.938159, -350.983928
5236.607143, -62.044343, -351.767837
5236.607143, -55.150527, -352.129413
5236.607143, -48.256711, -352.280989
5236.607143, -41.362895, -352.337217
5236.607143, -34.469079, -352.354959
5236.607143, -27.575263, -352.359434
5236.607143, -20.681448, -352.360246
5236.607143, -13.787632, -352.360332
5236.607143, -6.893816, -352.360336
5236.607143, 0, -352.360336
5236.607143, 6.893816, -352.360336
5236.607143, 13.787632, -352.360332
5236.607143, 20.681448, -352.360246
5236.607143, 27.575263, -352.359434
5236.607143, 34.469079, -352.354959
5236.607143, 41.362895, -352.337217
5236.607143, 48.256711, -352.280989
5236.607143, 55.150527, -352.129413
5236.607143, 62.044343, -351.767837
5236.607143, 68.938159, -350.983928
5236.607143, 75.831975, -349.409884
5236.607143, 82.72579, -346.442035
5236.607143, 89.619606, -341.132556
5236.607143, 96.513422, -332.047464
5236.607143, 103.407238, -317.084515
5236.607143, 110.301054, -293.244081
5236.607143, 117.19487, -256.345483
5236.607143, 124.088686, -200.680765
5236.607143, 130.982501, -118.59729
5236.607143, 137.876317, 0
5339.285714, -114.021625, 0
5339.285714, -108.320544, -118.386364
5339.285714, -102.619463, -200.323853
5339.285714, -96.918382, -255.889571
5339.285714, -91.2173, -292.722544
5339.285714, -85.516219, -316.520578
5339.285714, -79.815138, -331.456915
5339.285714, -74.114057, -340.52585
5339.285714, -68.412975, -345.825886
5339.285714, -62.711894, -348.788456
5339.285714, -57.010813, -350.359701
5339.285714, -51.309731, -351.142216
5339.285714, -45.60865, -351.503148
5339.285714, -39.907569, -351.654454
5339.285714, -34.206488, -351.710583
5339.285714, -28.505406, -351.728293
5339.285714, -22.804325, -351.73276
5339.285714, -17.103244, -351.73357
5339.285714, -11.402163, -351.733657
5339.285714, -5.701081, -351.73366
5339.285714, 0, -351.73366
5339.285714, 5.701081, -351.73366
5339.285714, 11.402163, -351.733657
5339.285714, 17.103244, -351.73357
5339.285714, 22.804325, -351.73276
5339.285714, 28.505406, -351.728293
5339.285714, 34.206488, -351.710583
5339.285714, 39.907569, -351.654454
5339.285714, 45.60865, -351.503148
5339.285714, 51.309731, -351.142216
5339.285714, 57.010813, -350.359701
5339.285714, 62.711894, -348.788456
5339.285714, 68.412975, -345.825886
5339.285714, 74.114057, -340.52585
5339.285714, 79.815138, -331.456915
5339.285714, 85.516219, -316.520578
5339.285714, 91.2173, -292.722544
5339.285714, 96.918382, -255.889571
5339.285714, 102.619463, -200.323853
5339.285714, 108.320544, -118.386364
5339.285714, 114.021625, 0
5441.964286, -88.362476, 0
5441.964286, -83.944352, -117.324037
5441.964286, -79.526228, -198.52627
5441.964286, -75.108104, -253.593375
5441.964286, -70.689981, -290.095832
5441.964286, -66.271857, -313.680317
5441.964286, -61.853733, -328.482624
5441.964286, -57.435609, -337.47018
5441.964286, -53.017485, -342.722657
5441.964286, -48.599362, -345.658643
5441.964286, -44.181238, -347.215788
5441.964286, -39.763114, -347.991281
5441.964286, -35.34499, -348.348975
5441.964286, -30.926866, -348.498923
5441.964286, -26.508743, -348.554548
5441.964286, -22.090619, -348.5721
5441.964286, -17.672495, -348.576526
5441.964286, -13.254371, -348.577329
5441.964286, -8.836248, -348.577415
5441.964286, -4.418124, -348.577419
5441.964286, 0, -348.577419
5441.964286, 4.418124, -348.577419
5441.964286, 8.836248, -348.577415
5441.964286, 13.254371, -348.577329
5441.964286, 17.672495, -348.576526
5441.964286, 22.090619, -348.5721
5441.964286, 26.508743, -348.554548
5441.964286, 30.926866, -348.498923
5441.964286, 35.34499, -348.348975
5441.964286, 39.763114, -347.991281
5441.964286, 44.181238, -347.215788
5441.964286, 48.599362, -345.658643
5441.964286, 53.017485, -342.722657
5441.964286, 57.435609, -337.47018
5441.964286, 61.853733, -328.482624
5441.964286, 66.271857, -313.680317
5441.964286, 70.689981, -290.095832
5441.964286, 75.108104, -253.593375
5441.964286, 79.526228, -198.52627
5441.964286, 83.944352, -117.324037
5441.964286, 88.362476, 0
5544.642857, -60.842764, 0
5544.642857, -57.800625, -112.305699
5544.642857, -54.758487, -190.034643
5544.642857, -51.716349, -242.746345
5544.642857, -48.674211, -277.687471
5544.642857, -45.632073, -300.263169
5544.642857, -42.589934, -314.432333
5544.642857, -39.547796, -323.035461
5544.642857, -36.505658, -328.063272
5544.642857, -33.46352, -330.873676
5544.642857, -30.421382, -332.364217
5544.642857, -27.379244, -333.10654
5544.642857, -24.337105, -333.448934
5544.642857, -21.294967, -333.592468
5544.642857, -18.252829, -333.645714
5544.642857, -15.210691, -333.662515
5544.642857, -12.168553, -333.666752
5544.642857, -9.126415, -333.667521
5544.642857, -6.084276, -333.667603
5544.642857, -3.042138, -333.667606
5544.642857, 0, -333.667606
5544.642857, 3.042138, -333.667606
5544.642857, 6.084276, -333.667603
5544.642857, 9.126415, -333.667521
5544.642857, 12.168553, -333.666752
5544.642857, 15.210691, -333.662515
5544.642857, 18.252829, -333.645714
5544.642857, 21.294967, -333.592468
5544.642857, 24.337105, -333.448934
5544.642857, 27.379244, -333.10654
5544.642857, 30.421382, -332.364217
5544.642857, 33.46352, -330.873676
5544.642857, 36.505658, -328.063272
5544.642857, 39.547796, -323.035461
5544.642857, 42.589934, -314.432333
5544.642857, 45.632073, -300.263169
5544.642857, 48.674211, -277.687471
5544.642857, 51.716349, -242.746345
5544.642857, 54.758487, -190.034643
5544.642857, 57.800625, -112.305699
5544.642857, 60.842764, 0
5647.321429, -31.406943, 0
5647.321429, -29.836596, -75.335608
5647.321429, -28.266249, -127.476837
5647.321429, -26.695902, -162.836291
5647.321429, -25.125554, -186.275092
5647.321429, -23.555207, -201.419061
5647.321429, -21.98486, -210.923855
5647.321429, -20.414513, -216.694905
5647.321429, -18.844166, -220.067603
5647.321429, -17.273819, -221.952846
5647.321429, -15.703472, -222.952714
5647.321429, -14.133124, -223.45067
5647.321429, -12.562777, -223.680351
5647.321429, -10.99243, -223.776635
5647.321429, -9.422083, -223.812353
5647.321429, -7.851736, -223.823623
5647.321429, -6.281389, -223.826465
5647.321429, -4.711041, -223.826981
5647.321429, -3.140694, -223.827036
5647.321429, -1.570347, -223.827038
5647.321429, 0, -223.827038
5647.321429, 1.570347, -223.827038
5647.321429, 3.140694, -223.827036
5647.321429, 4.711041, -223.826981
5647.321429, 6.281389, -223.826465
5647.321429, 7.851736, -223.823623
5647.321429, 9.422083, -223.812353
5647.321429, 10.99243, -223.776635
5647.321429, 12.562777, -223.680351
5647.321429, 14.133124, -223.45067
5647.321429, 15.703472, -222.952714
5647.321429, 17.273819, -221.952846
5647.321429, 18.844166, -220.067603
5647.321429, 20.414513, -216.694905
5647.321429, 21.98486, -210.923855
5647.321429, 23.555207, -201.419061
5647.321429, 25.125554, -186.275092
5647.321429, 26.695902, -162.836291
5647.321429, 28.266249, -127.476837
5647.321429, 29.836596, -75.335608
5647.321429, 31.406943, 0
5750, 0, 0
