{2825,226.000381, 24}
{2825,226.000381, 19.2}
{2825,226.000381, 14.4}
{2825,226.000381, 9.6}
{2825,226.000381, 4.8}
{2825,226.000381, 0}
{2825,-226.000381, 0}
{2825,-226.000381, 4.8}
{2825,-226.000381, 9.6}
{2825,-226.000381, 14.4}
{2825,-226.000381, 19.2}
{2825,-226.000381, 24}
{2925.892857,225.872488, 24}
{2925.892857,225.872488, 19.2}
{2925.892857,225.872488, 14.4}
{2925.892857,225.872488, 9.6}
{2925.892857,225.872488, 4.8}
{2925.892857,225.872488, 0}
{2925.892857,-225.863253, 0}
{2925.892857,-225.863253, 4.8}
{2925.892857,-225.863253, 9.6}
{2925.892857,-225.863253, 14.4}
{2925.892857,-225.863253, 19.2}
{2925.892857,-225.863253, 24}
{3026.785714,225.304195, 24}
{3026.785714,225.304195, 19.2}
{3026.785714,225.304195, 14.4}
{3026.785714,225.304195, 9.6}
{3026.785714,225.304195, 4.8}
{3026.785714,225.304195, 0}
{3026.785714,-225.306508, 0}
{3026.785714,-225.306508, 4.8}
{3026.785714,-225.306508, 9.6}
{3026.785714,-225.306508, 14.4}
{3026.785714,-225.306508, 19.2}
{3026.785714,-225.306508, 24}
{3127.678571,224.304916, 24}
{3127.678571,224.304916, 19.2}
{3127.678571,224.304916, 14.4}
{3127.678571,224.304916, 9.6}
{3127.678571,224.304916, 4.8}
{3127.678571,224.304916, 0}
{3127.678571,-224.299961, 0}
{3127.678571,-224.299961, 4.8}
{3127.678571,-224.299961, 9.6}
{3127.678571,-224.299961, 14.4}
{3127.678571,-224.299961, 19.2}
{3127.678571,-224.299961, 24}
{3228.571429,222.801954, 24}
{3228.571429,222.801954, 19.2}
{3228.571429,222.801954, 14.4}
{3228.571429,222.801954, 9.6}
{3228.571429,222.801954, 4.8}
{3228.571429,222.801954, 0}
{3228.571429,-222.808145, 0}
{3228.571429,-222.808145, 4.8}
{3228.571429,-222.808145, 9.6}
{3228.571429,-222.808145, 14.4}
{3228.571429,-222.808145, 19.2}
{3228.571429,-222.808145, 24}
{3329.464286,220.758104, 24}
{3329.464286,220.758104, 19.2}
{3329.464286,220.758104, 14.4}
{3329.464286,220.758104, 9.6}
{3329.464286,220.758104, 4.8}
{3329.464286,220.758104, 0}
{3329.464286,-220.754873, 0}
{3329.464286,-220.754873, 4.8}
{3329.464286,-220.754873, 9.6}
{3329.464286,-220.754873, 14.4}
{3329.464286,-220.754873, 19.2}
{3329.464286,-220.754873, 24}
{3430.357143,218.127436, 24}
{3430.357143,218.127436, 19.2}
{3430.357143,218.127436, 14.4}
{3430.357143,218.127436, 9.6}
{3430.357143,218.127436, 4.8}
{3430.357143,218.127436, 0}
{3430.357143,-218.127212, 0}
{3430.357143,-218.127212, 4.8}
{3430.357143,-218.127212, 9.6}
{3430.357143,-218.127212, 14.4}
{3430.357143,-218.127212, 19.2}
{3430.357143,-218.127212, 24}
{3531.25,214.897969, 24}
{3531.25,214.897969, 19.2}
{3531.25,214.897969, 14.4}
{3531.25,214.897969, 9.6}
{3531.25,214.897969, 4.8}
{3531.25,214.897969, 0}
{3531.25,-214.896401, 0}
{3531.25,-214.896401, 4.8}
{3531.25,-214.896401, 9.6}
{3531.25,-214.896401, 14.4}
{3531.25,-214.896401, 19.2}
{3531.25,-214.896401, 24}
{3632.142857,211.041501, 24}
{3632.142857,211.041501, 19.2}
{3632.142857,211.041501, 14.4}
{3632.142857,211.041501, 9.6}
{3632.142857,211.041501, 4.8}
{3632.142857,211.041501, 0}
{3632.142857,-211.041635, 0}
{3632.142857,-211.041635, 4.8}
{3632.142857,-211.041635, 9.6}
{3632.142857,-211.041635, 14.4}
{3632.142857,-211.041635, 19.2}
{3632.142857,-211.041635, 24}
{3733.035714,206.511782, 24}
{3733.035714,206.511782, 19.2}
{3733.035714,206.511782, 14.4}
{3733.035714,206.511782, 9.6}
{3733.035714,206.511782, 4.8}
{3733.035714,206.511782, 0}
{3733.035714,-206.511767, 0}
{3733.035714,-206.511767, 4.8}
{3733.035714,-206.511767, 9.6}
{3733.035714,-206.511767, 14.4}
{3733.035714,-206.511767, 19.2}
{3733.035714,-206.511767, 24}
{3833.928571,201.274417, 24}
{3833.928571,201.274417, 19.2}
{3833.928571,201.274417, 14.4}
{3833.928571,201.274417, 9.6}
{3833.928571,201.274417, 4.8}
{3833.928571,201.274417, 0}
{3833.928571,-201.274422, 0}
{3833.928571,-201.274422, 4.8}
{3833.928571,-201.274422, 9.6}
{3833.928571,-201.274422, 14.4}
{3833.928571,-201.274422, 19.2}
{3833.928571,-201.274422, 24}
{3934.821429,195.349709, 24}
{3934.821429,195.349709, 19.2}
{3934.821429,195.349709, 14.4}
{3934.821429,195.349709, 9.6}
{3934.821429,195.349709, 4.8}
{3934.821429,195.349709, 0}
{3934.821429,-195.34972, 0}
{3934.821429,-195.34972, 4.8}
{3934.821429,-195.34972, 9.6}
{3934.821429,-195.34972, 14.4}
{3934.821429,-195.34972, 19.2}
{3934.821429,-195.34972, 24}
{4035.714286,188.719076, 24}
{4035.714286,188.719076, 19.2}
{4035.714286,188.719076, 14.4}
{4035.714286,188.719076, 9.6}
{4035.714286,188.719076, 4.8}
{4035.714286,188.719076, 0}
{4035.714286,-188.719082, 0}
{4035.714286,-188.719082, 4.8}
{4035.714286,-188.719082, 9.6}
{4035.714286,-188.719082, 14.4}
{4035.714286,-188.719082, 19.2}
{4035.714286,-188.719082, 24}
{4136.607143,181.371822, 24}
{4136.607143,181.371822, 19.2}
{4136.607143,181.371822, 14.4}
{4136.607143,181.371822, 9.6}
{4136.607143,181.371822, 4.8}
{4136.607143,181.371822, 0}
{4136.607143,-181.37183, 0}
{4136.607143,-181.37183, 4.8}
{4136.607143,-181.37183, 9.6}
{4136.607143,-181.37183, 14.4}
{4136.607143,-181.37183, 19.2}
{4136.607143,-181.37183, 24}
{4237.5,173.290363, 24}
{4237.5,173.290363, 19.2}
{4237.5,173.290363, 14.4}
{4237.5,173.290363, 9.6}
{4237.5,173.290363, 4.8}
{4237.5,173.290363, 0}
{4237.5,-173.290353, 0}
{4237.5,-173.290353, 4.8}
{4237.5,-173.290353, 9.6}
{4237.5,-173.290353, 14.4}
{4237.5,-173.290353, 19.2}
{4237.5,-173.290353, 24}
{4338.392857,164.462263, 24}
{4338.392857,164.462263, 19.2}
{4338.392857,164.462263, 14.4}
{4338.392857,164.462263, 9.6}
{4338.392857,164.462263, 4.8}
{4338.392857,164.462263, 0}
{4338.392857,-164.462271, 0}
{4338.392857,-164.462271, 4.8}
{4338.392857,-164.462271, 9.6}
{4338.392857,-164.462271, 14.4}
{4338.392857,-164.462271, 19.2}
{4338.392857,-164.462271, 24}
{4439.285714,154.87735, 24}
{4439.285714,154.87735, 19.2}
{4439.285714,154.87735, 14.4}
{4439.285714,154.87735, 9.6}
{4439.285714,154.87735, 4.8}
{4439.285714,154.87735, 0}
{4439.285714,-154.874871, 0}
{4439.285714,-154.874871, 4.8}
{4439.285714,-154.874871, 9.6}
{4439.285714,-154.874871, 14.4}
{4439.285714,-154.874871, 19.2}
{4439.285714,-154.874871, 24}
{4540.178571,144.515648, 24}
{4540.178571,144.515648, 19.2}
{4540.178571,144.515648, 14.4}
{4540.178571,144.515648, 9.6}
{4540.178571,144.515648, 4.8}
{4540.178571,144.515648, 0}
{4540.178571,-144.514321, 0}
{4540.178571,-144.514321, 4.8}
{4540.178571,-144.514321, 9.6}
{4540.178571,-144.514321, 14.4}
{4540.178571,-144.514321, 19.2}
{4540.178571,-144.514321, 24}
{4641.071429,133.296014, 24}
{4641.071429,133.296014, 19.2}
{4641.071429,133.296014, 14.4}
{4641.071429,133.296014, 9.6}
{4641.071429,133.296014, 4.8}
{4641.071429,133.296014, 0}
{4641.071429,-133.296013, 0}
{4641.071429,-133.296013, 4.8}
{4641.071429,-133.296013, 9.6}
{4641.071429,-133.296013, 14.4}
{4641.071429,-133.296013, 19.2}
{4641.071429,-133.296013, 24}
{4741.964286,121.280434, 24}
{4741.964286,121.280434, 19.2}
{4741.964286,121.280434, 14.4}
{4741.964286,121.280434, 9.6}
{4741.964286,121.280434, 4.8}
{4741.964286,121.280434, 0}
{4741.964286,-121.28043, 0}
{4741.964286,-121.28043, 4.8}
{4741.964286,-121.28043, 9.6}
{4741.964286,-121.28043, 14.4}
{4741.964286,-121.28043, 19.2}
{4741.964286,-121.28043, 24}
{4842.857143,108.458468, 24}
{4842.857143,108.458468, 19.2}
{4842.857143,108.458468, 14.4}
{4842.857143,108.458468, 9.6}
{4842.857143,108.458468, 4.8}
{4842.857143,108.458468, 0}
{4842.857143,-108.458467, 0}
{4842.857143,-108.458467, 4.8}
{4842.857143,-108.458467, 9.6}
{4842.857143,-108.458467, 14.4}
{4842.857143,-108.458467, 19.2}
{4842.857143,-108.458467, 24}
{4943.75,94.818308, 24}
{4943.75,94.818308, 19.2}
{4943.75,94.818308, 14.4}
{4943.75,94.818308, 9.6}
{4943.75,94.818308, 4.8}
{4943.75,94.818308, 0}
{4943.75,-94.820187, 0}
{4943.75,-94.820187, 4.8}
{4943.75,-94.820187, 9.6}
{4943.75,-94.820187, 14.4}
{4943.75,-94.820187, 19.2}
{4943.75,-94.820187, 24}
{5044.642857,80.357476, 24}
{5044.642857,80.357476, 19.2}
{5044.642857,80.357476, 14.4}
{5044.642857,80.357476, 9.6}
{5044.642857,80.357476, 4.8}
{5044.642857,80.357476, 0}
{5044.642857,-80.3622, 0}
{5044.642857,-80.3622, 4.8}
{5044.642857,-80.3622, 9.6}
{5044.642857,-80.3622, 14.4}
{5044.642857,-80.3622, 19.2}
{5044.642857,-80.3622, 24}
{5145.535714,65.056752, 24}
{5145.535714,65.056752, 19.2}
{5145.535714,65.056752, 14.4}
{5145.535714,65.056752, 9.6}
{5145.535714,65.056752, 4.8}
{5145.535714,65.056752, 0}
{5145.535714,-65.043612, 0}
{5145.535714,-65.043612, 4.8}
{5145.535714,-65.043612, 9.6}
{5145.535714,-65.043612, 14.4}
{5145.535714,-65.043612, 19.2}
{5145.535714,-65.043612, 24}
{5246.428571,48.913579, 24}
{5246.428571,48.913579, 19.2}
{5246.428571,48.913579, 14.4}
{5246.428571,48.913579, 9.6}
{5246.428571,48.913579, 4.8}
{5246.428571,48.913579, 0}
{5246.428571,-48.915166, 0}
{5246.428571,-48.915166, 4.8}
{5246.428571,-48.915166, 9.6}
{5246.428571,-48.915166, 14.4}
{5246.428571,-48.915166, 19.2}
{5246.428571,-48.915166, 24}
{5347.321429,31.907076, 24}
{5347.321429,31.907076, 19.2}
{5347.321429,31.907076, 14.4}
{5347.321429,31.907076, 9.6}
{5347.321429,31.907076, 4.8}
{5347.321429,31.907076, 0}
{5347.321429,-31.907024, 0}
{5347.321429,-31.907024, 4.8}
{5347.321429,-31.907024, 9.6}
{5347.321429,-31.907024, 14.4}
{5347.321429,-31.907024, 19.2}
{5347.321429,-31.907024, 24}
{5448.214286,13.956217, 24}
{5448.214286,13.956217, 19.2}
{5448.214286,13.956217, 14.4}
{5448.214286,13.956217, 9.6}
{5448.214286,13.956217, 4.8}
{5448.214286,13.956217, 0}
{5448.214286,-13.959189, 0}
{5448.214286,-13.959189, 4.8}
{5448.214286,-13.959189, 9.6}
{5448.214286,-13.959189, 14.4}
{5448.214286,-13.959189, 19.2}
{5448.214286,-13.959189, 24}
{2724.107143,225.863253, 24}
{2724.107143,225.863253, 19.2}
{2724.107143,225.863253, 14.4}
{2724.107143,225.863253, 9.6}
{2724.107143,225.863253, 4.8}
{2724.107143,225.863253, 0}
{2724.107143,-225.872488, 0}
{2724.107143,-225.872488, 4.8}
{2724.107143,-225.872488, 9.6}
{2724.107143,-225.872488, 14.4}
{2724.107143,-225.872488, 19.2}
{2724.107143,-225.872488, 24}
{2623.214286,225.306508, 24}
{2623.214286,225.306508, 19.2}
{2623.214286,225.306508, 14.4}
{2623.214286,225.306508, 9.6}
{2623.214286,225.306508, 4.8}
{2623.214286,225.306508, 0}
{2623.214286,-225.304195, 0}
{2623.214286,-225.304195, 4.8}
{2623.214286,-225.304195, 9.6}
{2623.214286,-225.304195, 14.4}
{2623.214286,-225.304195, 19.2}
{2623.214286,-225.304195, 24}
{2522.321429,224.299961, 24}
{2522.321429,224.299961, 19.2}
{2522.321429,224.299961, 14.4}
{2522.321429,224.299961, 9.6}
{2522.321429,224.299961, 4.8}
{2522.321429,224.299961, 0}
{2522.321429,-224.304916, 0}
{2522.321429,-224.304916, 4.8}
{2522.321429,-224.304916, 9.6}
{2522.321429,-224.304916, 14.4}
{2522.321429,-224.304916, 19.2}
{2522.321429,-224.304916, 24}
{2421.428571,222.808145, 24}
{2421.428571,222.808145, 19.2}
{2421.428571,222.808145, 14.4}
{2421.428571,222.808145, 9.6}
{2421.428571,222.808145, 4.8}
{2421.428571,222.808145, 0}
{2421.428571,-222.801954, 0}
{2421.428571,-222.801954, 4.8}
{2421.428571,-222.801954, 9.6}
{2421.428571,-222.801954, 14.4}
{2421.428571,-222.801954, 19.2}
{2421.428571,-222.801954, 24}
{2320.535714,220.754873, 24}
{2320.535714,220.754873, 19.2}
{2320.535714,220.754873, 14.4}
{2320.535714,220.754873, 9.6}
{2320.535714,220.754873, 4.8}
{2320.535714,220.754873, 0}
{2320.535714,-220.758104, 0}
{2320.535714,-220.758104, 4.8}
{2320.535714,-220.758104, 9.6}
{2320.535714,-220.758104, 14.4}
{2320.535714,-220.758104, 19.2}
{2320.535714,-220.758104, 24}
{2219.642857,218.127212, 24}
{2219.642857,218.127212, 19.2}
{2219.642857,218.127212, 14.4}
{2219.642857,218.127212, 9.6}
{2219.642857,218.127212, 4.8}
{2219.642857,218.127212, 0}
{2219.642857,-218.127436, 0}
{2219.642857,-218.127436, 4.8}
{2219.642857,-218.127436, 9.6}
{2219.642857,-218.127436, 14.4}
{2219.642857,-218.127436, 19.2}
{2219.642857,-218.127436, 24}
{2118.75,214.896401, 24}
{2118.75,214.896401, 19.2}
{2118.75,214.896401, 14.4}
{2118.75,214.896401, 9.6}
{2118.75,214.896401, 4.8}
{2118.75,214.896401, 0}
{2118.75,-214.897969, 0}
{2118.75,-214.897969, 4.8}
{2118.75,-214.897969, 9.6}
{2118.75,-214.897969, 14.4}
{2118.75,-214.897969, 19.2}
{2118.75,-214.897969, 24}
{2017.857143,211.041635, 24}
{2017.857143,211.041635, 19.2}
{2017.857143,211.041635, 14.4}
{2017.857143,211.041635, 9.6}
{2017.857143,211.041635, 4.8}
{2017.857143,211.041635, 0}
{2017.857143,-211.041501, 0}
{2017.857143,-211.041501, 4.8}
{2017.857143,-211.041501, 9.6}
{2017.857143,-211.041501, 14.4}
{2017.857143,-211.041501, 19.2}
{2017.857143,-211.041501, 24}
{1916.964286,206.511767, 24}
{1916.964286,206.511767, 19.2}
{1916.964286,206.511767, 14.4}
{1916.964286,206.511767, 9.6}
{1916.964286,206.511767, 4.8}
{1916.964286,206.511767, 0}
{1916.964286,-206.511782, 0}
{1916.964286,-206.511782, 4.8}
{1916.964286,-206.511782, 9.6}
{1916.964286,-206.511782, 14.4}
{1916.964286,-206.511782, 19.2}
{1916.964286,-206.511782, 24}
{1816.071429,201.274422, 24}
{1816.071429,201.274422, 19.2}
{1816.071429,201.274422, 14.4}
{1816.071429,201.274422, 9.6}
{1816.071429,201.274422, 4.8}
{1816.071429,201.274422, 0}
{1816.071429,-201.274417, 0}
{1816.071429,-201.274417, 4.8}
{1816.071429,-201.274417, 9.6}
{1816.071429,-201.274417, 14.4}
{1816.071429,-201.274417, 19.2}
{1816.071429,-201.274417, 24}
{1715.178571,195.34972, 24}
{1715.178571,195.34972, 19.2}
{1715.178571,195.34972, 14.4}
{1715.178571,195.34972, 9.6}
{1715.178571,195.34972, 4.8}
{1715.178571,195.34972, 0}
{1715.178571,-195.349709, 0}
{1715.178571,-195.349709, 4.8}
{1715.178571,-195.349709, 9.6}
{1715.178571,-195.349709, 14.4}
{1715.178571,-195.349709, 19.2}
{1715.178571,-195.349709, 24}
{1614.285714,188.719082, 24}
{1614.285714,188.719082, 19.2}
{1614.285714,188.719082, 14.4}
{1614.285714,188.719082, 9.6}
{1614.285714,188.719082, 4.8}
{1614.285714,188.719082, 0}
{1614.285714,-188.719076, 0}
{1614.285714,-188.719076, 4.8}
{1614.285714,-188.719076, 9.6}
{1614.285714,-188.719076, 14.4}
{1614.285714,-188.719076, 19.2}
{1614.285714,-188.719076, 24}
{1513.392857,181.37183, 24}
{1513.392857,181.37183, 19.2}
{1513.392857,181.37183, 14.4}
{1513.392857,181.37183, 9.6}
{1513.392857,181.37183, 4.8}
{1513.392857,181.37183, 0}
{1513.392857,-181.371822, 0}
{1513.392857,-181.371822, 4.8}
{1513.392857,-181.371822, 9.6}
{1513.392857,-181.371822, 14.4}
{1513.392857,-181.371822, 19.2}
{1513.392857,-181.371822, 24}
{1412.5,173.290353, 24}
{1412.5,173.290353, 19.2}
{1412.5,173.290353, 14.4}
{1412.5,173.290353, 9.6}
{1412.5,173.290353, 4.8}
{1412.5,173.290353, 0}
{1412.5,-173.290363, 0}
{1412.5,-173.290363, 4.8}
{1412.5,-173.290363, 9.6}
{1412.5,-173.290363, 14.4}
{1412.5,-173.290363, 19.2}
{1412.5,-173.290363, 24}
{1311.607143,164.462271, 24}
{1311.607143,164.462271, 19.2}
{1311.607143,164.462271, 14.4}
{1311.607143,164.462271, 9.6}
{1311.607143,164.462271, 4.8}
{1311.607143,164.462271, 0}
{1311.607143,-164.462263, 0}
{1311.607143,-164.462263, 4.8}
{1311.607143,-164.462263, 9.6}
{1311.607143,-164.462263, 14.4}
{1311.607143,-164.462263, 19.2}
{1311.607143,-164.462263, 24}
{1210.714286,154.874871, 24}
{1210.714286,154.874871, 19.2}
{1210.714286,154.874871, 14.4}
{1210.714286,154.874871, 9.6}
{1210.714286,154.874871, 4.8}
{1210.714286,154.874871, 0}
{1210.714286,-154.87735, 0}
{1210.714286,-154.87735, 4.8}
{1210.714286,-154.87735, 9.6}
{1210.714286,-154.87735, 14.4}
{1210.714286,-154.87735, 19.2}
{1210.714286,-154.87735, 24}
{1109.821429,144.514321, 24}
{1109.821429,144.514321, 19.2}
{1109.821429,144.514321, 14.4}
{1109.821429,144.514321, 9.6}
{1109.821429,144.514321, 4.8}
{1109.821429,144.514321, 0}
{1109.821429,-144.515648, 0}
{1109.821429,-144.515648, 4.8}
{1109.821429,-144.515648, 9.6}
{1109.821429,-144.515648, 14.4}
{1109.821429,-144.515648, 19.2}
{1109.821429,-144.515648, 24}
{1008.928571,133.296013, 24}
{1008.928571,133.296013, 19.2}
{1008.928571,133.296013, 14.4}
{1008.928571,133.296013, 9.6}
{1008.928571,133.296013, 4.8}
{1008.928571,133.296013, 0}
{1008.928571,-133.296014, 0}
{1008.928571,-133.296014, 4.8}
{1008.928571,-133.296014, 9.6}
{1008.928571,-133.296014, 14.4}
{1008.928571,-133.296014, 19.2}
{1008.928571,-133.296014, 24}
{908.035714,121.28043, 24}
{908.035714,121.28043, 19.2}
{908.035714,121.28043, 14.4}
{908.035714,121.28043, 9.6}
{908.035714,121.28043, 4.8}
{908.035714,121.28043, 0}
{908.035714,-121.280434, 0}
{908.035714,-121.280434, 4.8}
{908.035714,-121.280434, 9.6}
{908.035714,-121.280434, 14.4}
{908.035714,-121.280434, 19.2}
{908.035714,-121.280434, 24}
{807.142857,108.458467, 24}
{807.142857,108.458467, 19.2}
{807.142857,108.458467, 14.4}
{807.142857,108.458467, 9.6}
{807.142857,108.458467, 4.8}
{807.142857,108.458467, 0}
{807.142857,-108.458468, 0}
{807.142857,-108.458468, 4.8}
{807.142857,-108.458468, 9.6}
{807.142857,-108.458468, 14.4}
{807.142857,-108.458468, 19.2}
{807.142857,-108.458468, 24}
{706.25,94.820187, 24}
{706.25,94.820187, 19.2}
{706.25,94.820187, 14.4}
{706.25,94.820187, 9.6}
{706.25,94.820187, 4.8}
{706.25,94.820187, 0}
{706.25,-94.818308, 0}
{706.25,-94.818308, 4.8}
{706.25,-94.818308, 9.6}
{706.25,-94.818308, 14.4}
{706.25,-94.818308, 19.2}
{706.25,-94.818308, 24}
{605.357143,80.3622, 24}
{605.357143,80.3622, 19.2}
{605.357143,80.3622, 14.4}
{605.357143,80.3622, 9.6}
{605.357143,80.3622, 4.8}
{605.357143,80.3622, 0}
{605.357143,-80.357476, 0}
{605.357143,-80.357476, 4.8}
{605.357143,-80.357476, 9.6}
{605.357143,-80.357476, 14.4}
{605.357143,-80.357476, 19.2}
{605.357143,-80.357476, 24}
{504.464286,65.043612, 24}
{504.464286,65.043612, 19.2}
{504.464286,65.043612, 14.4}
{504.464286,65.043612, 9.6}
{504.464286,65.043612, 4.8}
{504.464286,65.043612, 0}
{504.464286,-65.056752, 0}
{504.464286,-65.056752, 4.8}
{504.464286,-65.056752, 9.6}
{504.464286,-65.056752, 14.4}
{504.464286,-65.056752, 19.2}
{504.464286,-65.056752, 24}
{403.571429,48.915166, 24}
{403.571429,48.915166, 19.2}
{403.571429,48.915166, 14.4}
{403.571429,48.915166, 9.6}
{403.571429,48.915166, 4.8}
{403.571429,48.915166, 0}
{403.571429,-48.913579, 0}
{403.571429,-48.913579, 4.8}
{403.571429,-48.913579, 9.6}
{403.571429,-48.913579, 14.4}
{403.571429,-48.913579, 19.2}
{403.571429,-48.913579, 24}
{302.678571,31.907024, 24}
{302.678571,31.907024, 19.2}
{302.678571,31.907024, 14.4}
{302.678571,31.907024, 9.6}
{302.678571,31.907024, 4.8}
{302.678571,31.907024, 0}
{302.678571,-31.907076, 0}
{302.678571,-31.907076, 4.8}
{302.678571,-31.907076, 9.6}
{302.678571,-31.907076, 14.4}
{302.678571,-31.907076, 19.2}
{302.678571,-31.907076, 24}
{201.785714,13.959189, 24}
{201.785714,13.959189, 19.2}
{201.785714,13.959189, 14.4}
{201.785714,13.959189, 9.6}
{201.785714,13.959189, 4.8}
{201.785714,13.959189, 0}
{201.785714,-13.956217, 0}
{201.785714,-13.956217, 4.8}
{201.785714,-13.956217, 9.6}
{201.785714,-13.956217, 14.4}
{201.785714,-13.956217, 19.2}
{201.785714,-13.956217, 24}
{0,0, 0}
{5650,0, 0}
{100.892857,0, 0}
{100.892857,0, 0}
{100.892857,0, 0}
{100.892857,0, 0}
{100.892857,0, 0}
{100.892857,0, 0}
{100.892857,0, 0}
{100.892857,0, 0}
{100.892857,0, 0}
{100.892857,0, 0}
{100.892857,0, 0}
{100.892857,0, 0}
{5549.107143,0, 0}
{5549.107143,0, 0}
{5549.107143,0, 0}
{5549.107143,0, 0}
{5549.107143,0, 0}
{5549.107143,0, 0}
{5549.107143,0, 0}
{5549.107143,0, 0}
{5549.107143,0, 0}
{5549.107143,0, 0}
{5549.107143,0, 0}
{5549.107143,0, 0}
