{2825,250, 24}
{2825,250, 19.2}
{2825,250, 14.4}
{2825,250, 9.6}
{2825,250, 4.8}
{2825,250, 0}
{2825,-250, 0}
{2825,-250, 4.8}
{2825,-250, 9.6}
{2825,-250, 14.4}
{2825,-250, 19.2}
{2825,-250, 24}
{2925.892857,249.880006, 24}
{2925.892857,249.880006, 19.2}
{2925.892857,249.880006, 14.4}
{2925.892857,249.880006, 9.6}
{2925.892857,249.880006, 4.8}
{2925.892857,249.880006, 0}
{2925.892857,-249.87998, 0}
{2925.892857,-249.87998, 4.8}
{2925.892857,-249.87998, 9.6}
{2925.892857,-249.87998, 14.4}
{2925.892857,-249.87998, 19.2}
{2925.892857,-249.87998, 24}
{3026.785714,249.331394, 24}
{3026.785714,249.331394, 19.2}
{3026.785714,249.331394, 14.4}
{3026.785714,249.331394, 9.6}
{3026.785714,249.331394, 4.8}
{3026.785714,249.331394, 0}
{3026.785714,-249.331395, 0}
{3026.785714,-249.331395, 4.8}
{3026.785714,-249.331395, 9.6}
{3026.785714,-249.331395, 14.4}
{3026.785714,-249.331395, 19.2}
{3026.785714,-249.331395, 24}
{3127.678571,248.347568, 24}
{3127.678571,248.347568, 19.2}
{3127.678571,248.347568, 14.4}
{3127.678571,248.347568, 9.6}
{3127.678571,248.347568, 4.8}
{3127.678571,248.347568, 0}
{3127.678571,-248.347566, 0}
{3127.678571,-248.347566, 4.8}
{3127.678571,-248.347566, 9.6}
{3127.678571,-248.347566, 14.4}
{3127.678571,-248.347566, 19.2}
{3127.678571,-248.347566, 24}
{3228.571429,246.860405, 24}
{3228.571429,246.860405, 19.2}
{3228.571429,246.860405, 14.4}
{3228.571429,246.860405, 9.6}
{3228.571429,246.860405, 4.8}
{3228.571429,246.860405, 0}
{3228.571429,-246.860393, 0}
{3228.571429,-246.860393, 4.8}
{3228.571429,-246.860393, 9.6}
{3228.571429,-246.860393, 14.4}
{3228.571429,-246.860393, 19.2}
{3228.571429,-246.860393, 24}
{3329.464286,244.817869, 24}
{3329.464286,244.817869, 19.2}
{3329.464286,244.817869, 14.4}
{3329.464286,244.817869, 9.6}
{3329.464286,244.817869, 4.8}
{3329.464286,244.817869, 0}
{3329.464286,-244.81788, 0}
{3329.464286,-244.81788, 4.8}
{3329.464286,-244.81788, 9.6}
{3329.464286,-244.81788, 14.4}
{3329.464286,-244.81788, 19.2}
{3329.464286,-244.81788, 24}
{3430.357143,242.184598, 24}
{3430.357143,242.184598, 19.2}
{3430.357143,242.184598, 14.4}
{3430.357143,242.184598, 9.6}
{3430.357143,242.184598, 4.8}
{3430.357143,242.184598, 0}
{3430.357143,-242.184748, 0}
{3430.357143,-242.184748, 4.8}
{3430.357143,-242.184748, 9.6}
{3430.357143,-242.184748, 14.4}
{3430.357143,-242.184748, 19.2}
{3430.357143,-242.184748, 24}
{3531.25,238.944109, 24}
{3531.25,238.944109, 19.2}
{3531.25,238.944109, 14.4}
{3531.25,238.944109, 9.6}
{3531.25,238.944109, 4.8}
{3531.25,238.944109, 0}
{3531.25,-238.944111, 0}
{3531.25,-238.944111, 4.8}
{3531.25,-238.944111, 9.6}
{3531.25,-238.944111, 14.4}
{3531.25,-238.944111, 19.2}
{3531.25,-238.944111, 24}
{3632.142857,235.071634, 24}
{3632.142857,235.071634, 19.2}
{3632.142857,235.071634, 14.4}
{3632.142857,235.071634, 9.6}
{3632.142857,235.071634, 4.8}
{3632.142857,235.071634, 0}
{3632.142857,-235.071637, 0}
{3632.142857,-235.071637, 4.8}
{3632.142857,-235.071637, 9.6}
{3632.142857,-235.071637, 14.4}
{3632.142857,-235.071637, 19.2}
{3632.142857,-235.071637, 24}
{3733.035714,230.546024, 24}
{3733.035714,230.546024, 19.2}
{3733.035714,230.546024, 14.4}
{3733.035714,230.546024, 9.6}
{3733.035714,230.546024, 4.8}
{3733.035714,230.546024, 0}
{3733.035714,-230.546021, 0}
{3733.035714,-230.546021, 4.8}
{3733.035714,-230.546021, 9.6}
{3733.035714,-230.546021, 14.4}
{3733.035714,-230.546021, 19.2}
{3733.035714,-230.546021, 24}
{3833.928571,225.348163, 24}
{3833.928571,225.348163, 19.2}
{3833.928571,225.348163, 14.4}
{3833.928571,225.348163, 9.6}
{3833.928571,225.348163, 4.8}
{3833.928571,225.348163, 0}
{3833.928571,-225.348021, 0}
{3833.928571,-225.348021, 4.8}
{3833.928571,-225.348021, 9.6}
{3833.928571,-225.348021, 14.4}
{3833.928571,-225.348021, 19.2}
{3833.928571,-225.348021, 24}
{3934.821429,219.447924, 24}
{3934.821429,219.447924, 19.2}
{3934.821429,219.447924, 14.4}
{3934.821429,219.447924, 9.6}
{3934.821429,219.447924, 4.8}
{3934.821429,219.447924, 0}
{3934.821429,-219.447924, 0}
{3934.821429,-219.447924, 4.8}
{3934.821429,-219.447924, 9.6}
{3934.821429,-219.447924, 14.4}
{3934.821429,-219.447924, 19.2}
{3934.821429,-219.447924, 24}
{4035.714286,212.838813, 24}
{4035.714286,212.838813, 19.2}
{4035.714286,212.838813, 14.4}
{4035.714286,212.838813, 9.6}
{4035.714286,212.838813, 4.8}
{4035.714286,212.838813, 0}
{4035.714286,-212.838815, 0}
{4035.714286,-212.838815, 4.8}
{4035.714286,-212.838815, 9.6}
{4035.714286,-212.838815, 14.4}
{4035.714286,-212.838815, 19.2}
{4035.714286,-212.838815, 24}
{4136.607143,205.506883, 24}
{4136.607143,205.506883, 19.2}
{4136.607143,205.506883, 14.4}
{4136.607143,205.506883, 9.6}
{4136.607143,205.506883, 4.8}
{4136.607143,205.506883, 0}
{4136.607143,-205.506889, 0}
{4136.607143,-205.506889, 4.8}
{4136.607143,-205.506889, 9.6}
{4136.607143,-205.506889, 14.4}
{4136.607143,-205.506889, 19.2}
{4136.607143,-205.506889, 24}
{4237.5,197.437982, 24}
{4237.5,197.437982, 19.2}
{4237.5,197.437982, 14.4}
{4237.5,197.437982, 9.6}
{4237.5,197.437982, 4.8}
{4237.5,197.437982, 0}
{4237.5,-197.437977, 0}
{4237.5,-197.437977, 4.8}
{4237.5,-197.437977, 9.6}
{4237.5,-197.437977, 14.4}
{4237.5,-197.437977, 19.2}
{4237.5,-197.437977, 24}
{4338.392857,188.617121, 24}
{4338.392857,188.617121, 19.2}
{4338.392857,188.617121, 14.4}
{4338.392857,188.617121, 9.6}
{4338.392857,188.617121, 4.8}
{4338.392857,188.617121, 0}
{4338.392857,-188.618097, 0}
{4338.392857,-188.618097, 4.8}
{4338.392857,-188.618097, 9.6}
{4338.392857,-188.618097, 14.4}
{4338.392857,-188.618097, 19.2}
{4338.392857,-188.618097, 24}
{4439.285714,179.018365, 24}
{4439.285714,179.018365, 19.2}
{4439.285714,179.018365, 14.4}
{4439.285714,179.018365, 9.6}
{4439.285714,179.018365, 4.8}
{4439.285714,179.018365, 0}
{4439.285714,-179.018365, 0}
{4439.285714,-179.018365, 4.8}
{4439.285714,-179.018365, 9.6}
{4439.285714,-179.018365, 14.4}
{4439.285714,-179.018365, 19.2}
{4439.285714,-179.018365, 24}
{4540.178571,168.643101, 24}
{4540.178571,168.643101, 19.2}
{4540.178571,168.643101, 14.4}
{4540.178571,168.643101, 9.6}
{4540.178571,168.643101, 4.8}
{4540.178571,168.643101, 0}
{4540.178571,-168.643091, 0}
{4540.178571,-168.643091, 4.8}
{4540.178571,-168.643091, 9.6}
{4540.178571,-168.643091, 14.4}
{4540.178571,-168.643091, 19.2}
{4540.178571,-168.643091, 24}
{4641.071429,157.479119, 24}
{4641.071429,157.479119, 19.2}
{4641.071429,157.479119, 14.4}
{4641.071429,157.479119, 9.6}
{4641.071429,157.479119, 4.8}
{4641.071429,157.479119, 0}
{4641.071429,-157.47912, 0}
{4641.071429,-157.47912, 4.8}
{4641.071429,-157.47912, 9.6}
{4641.071429,-157.47912, 14.4}
{4641.071429,-157.47912, 19.2}
{4641.071429,-157.47912, 24}
{4741.964286,145.516081, 24}
{4741.964286,145.516081, 19.2}
{4741.964286,145.516081, 14.4}
{4741.964286,145.516081, 9.6}
{4741.964286,145.516081, 4.8}
{4741.964286,145.516081, 0}
{4741.964286,-145.516088, 0}
{4741.964286,-145.516088, 4.8}
{4741.964286,-145.516088, 9.6}
{4741.964286,-145.516088, 14.4}
{4741.964286,-145.516088, 19.2}
{4741.964286,-145.516088, 24}
{4842.857143,132.736381, 24}
{4842.857143,132.736381, 19.2}
{4842.857143,132.736381, 14.4}
{4842.857143,132.736381, 9.6}
{4842.857143,132.736381, 4.8}
{4842.857143,132.736381, 0}
{4842.857143,-132.736377, 0}
{4842.857143,-132.736377, 4.8}
{4842.857143,-132.736377, 9.6}
{4842.857143,-132.736377, 14.4}
{4842.857143,-132.736377, 19.2}
{4842.857143,-132.736377, 24}
{4943.75,119.125217, 24}
{4943.75,119.125217, 19.2}
{4943.75,119.125217, 14.4}
{4943.75,119.125217, 9.6}
{4943.75,119.125217, 4.8}
{4943.75,119.125217, 0}
{4943.75,-119.125215, 0}
{4943.75,-119.125215, 4.8}
{4943.75,-119.125215, 9.6}
{4943.75,-119.125215, 14.4}
{4943.75,-119.125215, 19.2}
{4943.75,-119.125215, 24}
{5044.642857,104.683254, 24}
{5044.642857,104.683254, 19.2}
{5044.642857,104.683254, 14.4}
{5044.642857,104.683254, 9.6}
{5044.642857,104.683254, 4.8}
{5044.642857,104.683254, 0}
{5044.642857,-104.683248, 0}
{5044.642857,-104.683248, 4.8}
{5044.642857,-104.683248, 9.6}
{5044.642857,-104.683248, 14.4}
{5044.642857,-104.683248, 19.2}
{5044.642857,-104.683248, 24}
{5145.535714,89.401419, 24}
{5145.535714,89.401419, 19.2}
{5145.535714,89.401419, 14.4}
{5145.535714,89.401419, 9.6}
{5145.535714,89.401419, 4.8}
{5145.535714,89.401419, 0}
{5145.535714,-89.4024, 0}
{5145.535714,-89.4024, 4.8}
{5145.535714,-89.4024, 9.6}
{5145.535714,-89.4024, 14.4}
{5145.535714,-89.4024, 19.2}
{5145.535714,-89.4024, 24}
{5246.428571,73.270022, 24}
{5246.428571,73.270022, 19.2}
{5246.428571,73.270022, 14.4}
{5246.428571,73.270022, 9.6}
{5246.428571,73.270022, 4.8}
{5246.428571,73.270022, 0}
{5246.428571,-73.270035, 0}
{5246.428571,-73.270035, 4.8}
{5246.428571,-73.270035, 9.6}
{5246.428571,-73.270035, 14.4}
{5246.428571,-73.270035, 19.2}
{5246.428571,-73.270035, 24}
{5347.321429,56.261159, 24}
{5347.321429,56.261159, 19.2}
{5347.321429,56.261159, 14.4}
{5347.321429,56.261159, 9.6}
{5347.321429,56.261159, 4.8}
{5347.321429,56.261159, 0}
{5347.321429,-56.261482, 0}
{5347.321429,-56.261482, 4.8}
{5347.321429,-56.261482, 9.6}
{5347.321429,-56.261482, 14.4}
{5347.321429,-56.261482, 19.2}
{5347.321429,-56.261482, 24}
{5448.214286,38.385068, 24}
{5448.214286,38.385068, 19.2}
{5448.214286,38.385068, 14.4}
{5448.214286,38.385068, 9.6}
{5448.214286,38.385068, 4.8}
{5448.214286,38.385068, 0}
{5448.214286,-38.385167, 0}
{5448.214286,-38.385167, 4.8}
{5448.214286,-38.385167, 9.6}
{5448.214286,-38.385167, 14.4}
{5448.214286,-38.385167, 19.2}
{5448.214286,-38.385167, 24}
{5549.107143,19.63381, 24}
{5549.107143,19.63381, 19.2}
{5549.107143,19.63381, 14.4}
{5549.107143,19.63381, 9.6}
{5549.107143,19.63381, 4.8}
{5549.107143,19.63381, 0}
{5549.107143,-19.634128, 0}
{5549.107143,-19.634128, 4.8}
{5549.107143,-19.634128, 9.6}
{5549.107143,-19.634128, 14.4}
{5549.107143,-19.634128, 19.2}
{5549.107143,-19.634128, 24}
{2724.107143,249.87998, 24}
{2724.107143,249.87998, 19.2}
{2724.107143,249.87998, 14.4}
{2724.107143,249.87998, 9.6}
{2724.107143,249.87998, 4.8}
{2724.107143,249.87998, 0}
{2724.107143,-249.880006, 0}
{2724.107143,-249.880006, 4.8}
{2724.107143,-249.880006, 9.6}
{2724.107143,-249.880006, 14.4}
{2724.107143,-249.880006, 19.2}
{2724.107143,-249.880006, 24}
{2623.214286,249.331395, 24}
{2623.214286,249.331395, 19.2}
{2623.214286,249.331395, 14.4}
{2623.214286,249.331395, 9.6}
{2623.214286,249.331395, 4.8}
{2623.214286,249.331395, 0}
{2623.214286,-249.331394, 0}
{2623.214286,-249.331394, 4.8}
{2623.214286,-249.331394, 9.6}
{2623.214286,-249.331394, 14.4}
{2623.214286,-249.331394, 19.2}
{2623.214286,-249.331394, 24}
{2522.321429,248.347566, 24}
{2522.321429,248.347566, 19.2}
{2522.321429,248.347566, 14.4}
{2522.321429,248.347566, 9.6}
{2522.321429,248.347566, 4.8}
{2522.321429,248.347566, 0}
{2522.321429,-248.347568, 0}
{2522.321429,-248.347568, 4.8}
{2522.321429,-248.347568, 9.6}
{2522.321429,-248.347568, 14.4}
{2522.321429,-248.347568, 19.2}
{2522.321429,-248.347568, 24}
{2421.428571,246.860393, 24}
{2421.428571,246.860393, 19.2}
{2421.428571,246.860393, 14.4}
{2421.428571,246.860393, 9.6}
{2421.428571,246.860393, 4.8}
{2421.428571,246.860393, 0}
{2421.428571,-246.860405, 0}
{2421.428571,-246.860405, 4.8}
{2421.428571,-246.860405, 9.6}
{2421.428571,-246.860405, 14.4}
{2421.428571,-246.860405, 19.2}
{2421.428571,-246.860405, 24}
{2320.535714,244.81788, 24}
{2320.535714,244.81788, 19.2}
{2320.535714,244.81788, 14.4}
{2320.535714,244.81788, 9.6}
{2320.535714,244.81788, 4.8}
{2320.535714,244.81788, 0}
{2320.535714,-244.817869, 0}
{2320.535714,-244.817869, 4.8}
{2320.535714,-244.817869, 9.6}
{2320.535714,-244.817869, 14.4}
{2320.535714,-244.817869, 19.2}
{2320.535714,-244.817869, 24}
{2219.642857,242.184748, 24}
{2219.642857,242.184748, 19.2}
{2219.642857,242.184748, 14.4}
{2219.642857,242.184748, 9.6}
{2219.642857,242.184748, 4.8}
{2219.642857,242.184748, 0}
{2219.642857,-242.184598, 0}
{2219.642857,-242.184598, 4.8}
{2219.642857,-242.184598, 9.6}
{2219.642857,-242.184598, 14.4}
{2219.642857,-242.184598, 19.2}
{2219.642857,-242.184598, 24}
{2118.75,238.944111, 24}
{2118.75,238.944111, 19.2}
{2118.75,238.944111, 14.4}
{2118.75,238.944111, 9.6}
{2118.75,238.944111, 4.8}
{2118.75,238.944111, 0}
{2118.75,-238.944109, 0}
{2118.75,-238.944109, 4.8}
{2118.75,-238.944109, 9.6}
{2118.75,-238.944109, 14.4}
{2118.75,-238.944109, 19.2}
{2118.75,-238.944109, 24}
{2017.857143,235.071637, 24}
{2017.857143,235.071637, 19.2}
{2017.857143,235.071637, 14.4}
{2017.857143,235.071637, 9.6}
{2017.857143,235.071637, 4.8}
{2017.857143,235.071637, 0}
{2017.857143,-235.071634, 0}
{2017.857143,-235.071634, 4.8}
{2017.857143,-235.071634, 9.6}
{2017.857143,-235.071634, 14.4}
{2017.857143,-235.071634, 19.2}
{2017.857143,-235.071634, 24}
{1916.964286,230.546021, 24}
{1916.964286,230.546021, 19.2}
{1916.964286,230.546021, 14.4}
{1916.964286,230.546021, 9.6}
{1916.964286,230.546021, 4.8}
{1916.964286,230.546021, 0}
{1916.964286,-230.546024, 0}
{1916.964286,-230.546024, 4.8}
{1916.964286,-230.546024, 9.6}
{1916.964286,-230.546024, 14.4}
{1916.964286,-230.546024, 19.2}
{1916.964286,-230.546024, 24}
{1816.071429,225.348021, 24}
{1816.071429,225.348021, 19.2}
{1816.071429,225.348021, 14.4}
{1816.071429,225.348021, 9.6}
{1816.071429,225.348021, 4.8}
{1816.071429,225.348021, 0}
{1816.071429,-225.348163, 0}
{1816.071429,-225.348163, 4.8}
{1816.071429,-225.348163, 9.6}
{1816.071429,-225.348163, 14.4}
{1816.071429,-225.348163, 19.2}
{1816.071429,-225.348163, 24}
{1715.178571,219.447924, 24}
{1715.178571,219.447924, 19.2}
{1715.178571,219.447924, 14.4}
{1715.178571,219.447924, 9.6}
{1715.178571,219.447924, 4.8}
{1715.178571,219.447924, 0}
{1715.178571,-219.447924, 0}
{1715.178571,-219.447924, 4.8}
{1715.178571,-219.447924, 9.6}
{1715.178571,-219.447924, 14.4}
{1715.178571,-219.447924, 19.2}
{1715.178571,-219.447924, 24}
{1614.285714,212.838815, 24}
{1614.285714,212.838815, 19.2}
{1614.285714,212.838815, 14.4}
{1614.285714,212.838815, 9.6}
{1614.285714,212.838815, 4.8}
{1614.285714,212.838815, 0}
{1614.285714,-212.838813, 0}
{1614.285714,-212.838813, 4.8}
{1614.285714,-212.838813, 9.6}
{1614.285714,-212.838813, 14.4}
{1614.285714,-212.838813, 19.2}
{1614.285714,-212.838813, 24}
{1513.392857,205.506889, 24}
{1513.392857,205.506889, 19.2}
{1513.392857,205.506889, 14.4}
{1513.392857,205.506889, 9.6}
{1513.392857,205.506889, 4.8}
{1513.392857,205.506889, 0}
{1513.392857,-205.506883, 0}
{1513.392857,-205.506883, 4.8}
{1513.392857,-205.506883, 9.6}
{1513.392857,-205.506883, 14.4}
{1513.392857,-205.506883, 19.2}
{1513.392857,-205.506883, 24}
{1412.5,197.437977, 24}
{1412.5,197.437977, 19.2}
{1412.5,197.437977, 14.4}
{1412.5,197.437977, 9.6}
{1412.5,197.437977, 4.8}
{1412.5,197.437977, 0}
{1412.5,-197.437982, 0}
{1412.5,-197.437982, 4.8}
{1412.5,-197.437982, 9.6}
{1412.5,-197.437982, 14.4}
{1412.5,-197.437982, 19.2}
{1412.5,-197.437982, 24}
{1311.607143,188.618097, 24}
{1311.607143,188.618097, 19.2}
{1311.607143,188.618097, 14.4}
{1311.607143,188.618097, 9.6}
{1311.607143,188.618097, 4.8}
{1311.607143,188.618097, 0}
{1311.607143,-188.617121, 0}
{1311.607143,-188.617121, 4.8}
{1311.607143,-188.617121, 9.6}
{1311.607143,-188.617121, 14.4}
{1311.607143,-188.617121, 19.2}
{1311.607143,-188.617121, 24}
{1210.714286,179.018365, 24}
{1210.714286,179.018365, 19.2}
{1210.714286,179.018365, 14.4}
{1210.714286,179.018365, 9.6}
{1210.714286,179.018365, 4.8}
{1210.714286,179.018365, 0}
{1210.714286,-179.018365, 0}
{1210.714286,-179.018365, 4.8}
{1210.714286,-179.018365, 9.6}
{1210.714286,-179.018365, 14.4}
{1210.714286,-179.018365, 19.2}
{1210.714286,-179.018365, 24}
{1109.821429,168.643091, 24}
{1109.821429,168.643091, 19.2}
{1109.821429,168.643091, 14.4}
{1109.821429,168.643091, 9.6}
{1109.821429,168.643091, 4.8}
{1109.821429,168.643091, 0}
{1109.821429,-168.643101, 0}
{1109.821429,-168.643101, 4.8}
{1109.821429,-168.643101, 9.6}
{1109.821429,-168.643101, 14.4}
{1109.821429,-168.643101, 19.2}
{1109.821429,-168.643101, 24}
{1008.928571,157.47912, 24}
{1008.928571,157.47912, 19.2}
{1008.928571,157.47912, 14.4}
{1008.928571,157.47912, 9.6}
{1008.928571,157.47912, 4.8}
{1008.928571,157.47912, 0}
{1008.928571,-157.479119, 0}
{1008.928571,-157.479119, 4.8}
{1008.928571,-157.479119, 9.6}
{1008.928571,-157.479119, 14.4}
{1008.928571,-157.479119, 19.2}
{1008.928571,-157.479119, 24}
{908.035714,145.516088, 24}
{908.035714,145.516088, 19.2}
{908.035714,145.516088, 14.4}
{908.035714,145.516088, 9.6}
{908.035714,145.516088, 4.8}
{908.035714,145.516088, 0}
{908.035714,-145.516081, 0}
{908.035714,-145.516081, 4.8}
{908.035714,-145.516081, 9.6}
{908.035714,-145.516081, 14.4}
{908.035714,-145.516081, 19.2}
{908.035714,-145.516081, 24}
{807.142857,132.736377, 24}
{807.142857,132.736377, 19.2}
{807.142857,132.736377, 14.4}
{807.142857,132.736377, 9.6}
{807.142857,132.736377, 4.8}
{807.142857,132.736377, 0}
{807.142857,-132.736381, 0}
{807.142857,-132.736381, 4.8}
{807.142857,-132.736381, 9.6}
{807.142857,-132.736381, 14.4}
{807.142857,-132.736381, 19.2}
{807.142857,-132.736381, 24}
{706.25,119.125215, 24}
{706.25,119.125215, 19.2}
{706.25,119.125215, 14.4}
{706.25,119.125215, 9.6}
{706.25,119.125215, 4.8}
{706.25,119.125215, 0}
{706.25,-119.125217, 0}
{706.25,-119.125217, 4.8}
{706.25,-119.125217, 9.6}
{706.25,-119.125217, 14.4}
{706.25,-119.125217, 19.2}
{706.25,-119.125217, 24}
{605.357143,104.683248, 24}
{605.357143,104.683248, 19.2}
{605.357143,104.683248, 14.4}
{605.357143,104.683248, 9.6}
{605.357143,104.683248, 4.8}
{605.357143,104.683248, 0}
{605.357143,-104.683254, 0}
{605.357143,-104.683254, 4.8}
{605.357143,-104.683254, 9.6}
{605.357143,-104.683254, 14.4}
{605.357143,-104.683254, 19.2}
{605.357143,-104.683254, 24}
{504.464286,89.4024, 24}
{504.464286,89.4024, 19.2}
{504.464286,89.4024, 14.4}
{504.464286,89.4024, 9.6}
{504.464286,89.4024, 4.8}
{504.464286,89.4024, 0}
{504.464286,-89.401419, 0}
{504.464286,-89.401419, 4.8}
{504.464286,-89.401419, 9.6}
{504.464286,-89.401419, 14.4}
{504.464286,-89.401419, 19.2}
{504.464286,-89.401419, 24}
{403.571429,73.270035, 24}
{403.571429,73.270035, 19.2}
{403.571429,73.270035, 14.4}
{403.571429,73.270035, 9.6}
{403.571429,73.270035, 4.8}
{403.571429,73.270035, 0}
{403.571429,-73.270022, 0}
{403.571429,-73.270022, 4.8}
{403.571429,-73.270022, 9.6}
{403.571429,-73.270022, 14.4}
{403.571429,-73.270022, 19.2}
{403.571429,-73.270022, 24}
{302.678571,56.261482, 24}
{302.678571,56.261482, 19.2}
{302.678571,56.261482, 14.4}
{302.678571,56.261482, 9.6}
{302.678571,56.261482, 4.8}
{302.678571,56.261482, 0}
{302.678571,-56.261159, 0}
{302.678571,-56.261159, 4.8}
{302.678571,-56.261159, 9.6}
{302.678571,-56.261159, 14.4}
{302.678571,-56.261159, 19.2}
{302.678571,-56.261159, 24}
{201.785714,38.385167, 24}
{201.785714,38.385167, 19.2}
{201.785714,38.385167, 14.4}
{201.785714,38.385167, 9.6}
{201.785714,38.385167, 4.8}
{201.785714,38.385167, 0}
{201.785714,-38.385068, 0}
{201.785714,-38.385068, 4.8}
{201.785714,-38.385068, 9.6}
{201.785714,-38.385068, 14.4}
{201.785714,-38.385068, 19.2}
{201.785714,-38.385068, 24}
{100.892857,19.634128, 24}
{100.892857,19.634128, 19.2}
{100.892857,19.634128, 14.4}
{100.892857,19.634128, 9.6}
{100.892857,19.634128, 4.8}
{100.892857,19.634128, 0}
{100.892857,-19.63381, 0}
{100.892857,-19.63381, 4.8}
{100.892857,-19.63381, 9.6}
{100.892857,-19.63381, 14.4}
{100.892857,-19.63381, 19.2}
{100.892857,-19.63381, 24}
{0,0, 0}
{5650,0, 0}
