{2825,280.002718, 0}
{2825,168.001631, 4.8}
{2825,56.000544, 9.6}
{2825,-56.000544, 14.4}
{2825,-168.001631, 19.2}
{2825,-280.002718, 24}
{2825,280.002718, 24}
{2825,168.001631, 19.2}
{2825,56.000544, 14.4}
{2825,-56.000544, 9.6}
{2825,-168.001631, 4.8}
{2825,-280.002718, 0}
{2925.892857,279.828582, 0}
{2925.892857,167.897169, 4.8}
{2925.892857,55.965756, 9.6}
{2925.892857,-55.965657, 14.4}
{2925.892857,-167.897069, 19.2}
{2925.892857,-279.828482, 24}
{2925.892857,279.827407, 24}
{2925.892857,167.896464, 19.2}
{2925.892857,55.96552, 14.4}
{2925.892857,-55.965424, 9.6}
{2925.892857,-167.896368, 4.8}
{2925.892857,-279.827311, 0}
{3026.785714,279.201615, 0}
{3026.785714,167.520973, 4.8}
{3026.785714,55.84033, 9.6}
{3026.785714,-55.840312, 14.4}
{3026.785714,-167.520954, 19.2}
{3026.785714,-279.201596, 24}
{3026.785714,279.201976, 24}
{3026.785714,167.521189, 19.2}
{3026.785714,55.840402, 14.4}
{3026.785714,-55.840385, 9.6}
{3026.785714,-167.521173, 4.8}
{3026.785714,-279.20196, 0}
{3127.678571,278.013346, 0}
{3127.678571,166.80801, 4.8}
{3127.678571,55.602675, 9.6}
{3127.678571,-55.602661, 14.4}
{3127.678571,-166.807996, 19.2}
{3127.678571,-278.013331, 24}
{3127.678571,278.012364, 24}
{3127.678571,166.807421, 19.2}
{3127.678571,55.602479, 14.4}
{3127.678571,-55.602464, 9.6}
{3127.678571,-166.807406, 4.8}
{3127.678571,-278.012349, 0}
{3228.571429,276.221513, 0}
{3228.571429,165.732902, 4.8}
{3228.571429,55.24429, 9.6}
{3228.571429,-55.244321, 14.4}
{3228.571429,-165.732932, 19.2}
{3228.571429,-276.221543, 24}
{3228.571429,276.221513, 24}
{3228.571429,165.732902, 19.2}
{3228.571429,55.24429, 14.4}
{3228.571429,-55.244321, 9.6}
{3228.571429,-165.732932, 4.8}
{3228.571429,-276.221543, 0}
{3329.464286,273.766921, 0}
{3329.464286,164.260158, 4.8}
{3329.464286,54.753394, 9.6}
{3329.464286,-54.75337, 14.4}
{3329.464286,-164.260134, 19.2}
{3329.464286,-273.766898, 24}
{3329.464286,273.76952, 24}
{3329.464286,164.261717, 19.2}
{3329.464286,54.753914, 14.4}
{3329.464286,-54.753888, 9.6}
{3329.464286,-164.261691, 4.8}
{3329.464286,-273.769494, 0}
{3430.357143,270.598591, 0}
{3430.357143,162.359176, 4.8}
{3430.357143,54.119761, 9.6}
{3430.357143,-54.119654, 14.4}
{3430.357143,-162.359069, 19.2}
{3430.357143,-270.598485, 24}
{3430.357143,270.598541, 24}
{3430.357143,162.359146, 19.2}
{3430.357143,54.119751, 14.4}
{3430.357143,-54.119644, 9.6}
{3430.357143,-162.359039, 4.8}
{3430.357143,-270.598435, 0}
{3531.25,266.711243, 0}
{3531.25,160.026815, 4.8}
{3531.25,53.342388, 9.6}
{3531.25,-53.342039, 14.4}
{3531.25,-160.026466, 19.2}
{3531.25,-266.710893, 24}
{3531.25,266.710466, 24}
{3531.25,160.026349, 19.2}
{3531.25,53.342233, 14.4}
{3531.25,-53.341884, 9.6}
{3531.25,-160.026, 4.8}
{3531.25,-266.710117, 0}
{3632.142857,262.06444, 0}
{3632.142857,157.238664, 4.8}
{3632.142857,52.412888, 9.6}
{3632.142857,-52.412888, 14.4}
{3632.142857,-157.238664, 19.2}
{3632.142857,-262.06444, 24}
{3632.142857,262.06444, 24}
{3632.142857,157.238664, 19.2}
{3632.142857,52.412888, 14.4}
{3632.142857,-52.412888, 9.6}
{3632.142857,-157.238664, 4.8}
{3632.142857,-262.06444, 0}
{3733.035714,256.610407, 0}
{3733.035714,153.966243, 4.8}
{3733.035714,51.322079, 9.6}
{3733.035714,-51.322085, 14.4}
{3733.035714,-153.966249, 19.2}
{3733.035714,-256.610413, 24}
{3733.035714,256.610407, 24}
{3733.035714,153.966243, 19.2}
{3733.035714,51.322079, 14.4}
{3733.035714,-51.322085, 9.6}
{3733.035714,-153.966249, 4.8}
{3733.035714,-256.610413, 0}
{3833.928571,250.360156, 0}
{3833.928571,150.216094, 4.8}
{3833.928571,50.072031, 9.6}
{3833.928571,-50.072031, 14.4}
{3833.928571,-150.216094, 19.2}
{3833.928571,-250.360156, 24}
{3833.928571,250.360649, 24}
{3833.928571,150.216389, 19.2}
{3833.928571,50.07213, 14.4}
{3833.928571,-50.07213, 9.6}
{3833.928571,-150.216389, 4.8}
{3833.928571,-250.360649, 0}
{3934.821429,243.280896, 0}
{3934.821429,145.968538, 4.8}
{3934.821429,48.656179, 9.6}
{3934.821429,-48.656179, 14.4}
{3934.821429,-145.968538, 19.2}
{3934.821429,-243.280896, 24}
{3934.821429,243.283071, 24}
{3934.821429,145.96984, 19.2}
{3934.821429,48.656609, 14.4}
{3934.821429,-48.656623, 9.6}
{3934.821429,-145.969854, 4.8}
{3934.821429,-243.283086, 0}
{4035.714286,235.328593, 0}
{4035.714286,141.197156, 4.8}
{4035.714286,47.065719, 9.6}
{4035.714286,-47.065719, 14.4}
{4035.714286,-141.197156, 19.2}
{4035.714286,-235.328593, 24}
{4035.714286,235.328593, 24}
{4035.714286,141.197156, 19.2}
{4035.714286,47.065719, 14.4}
{4035.714286,-47.065719, 9.6}
{4035.714286,-141.197156, 4.8}
{4035.714286,-235.328593, 0}
{4136.607143,226.519068, 0}
{4136.607143,135.911442, 4.8}
{4136.607143,45.303816, 9.6}
{4136.607143,-45.303809, 14.4}
{4136.607143,-135.911435, 19.2}
{4136.607143,-226.51906, 24}
{4136.607143,226.519068, 24}
{4136.607143,135.91144, 19.2}
{4136.607143,45.303812, 14.4}
{4136.607143,-45.303816, 9.6}
{4136.607143,-135.911444, 4.8}
{4136.607143,-226.519072, 0}
{4237.5,216.826601, 0}
{4237.5,130.095961, 4.8}
{4237.5,43.36532, 9.6}
{4237.5,-43.36532, 14.4}
{4237.5,-130.095961, 19.2}
{4237.5,-216.826601, 24}
{4237.5,216.826601, 24}
{4237.5,130.095961, 19.2}
{4237.5,43.36532, 14.4}
{4237.5,-43.36532, 9.6}
{4237.5,-130.095961, 4.8}
{4237.5,-216.826601, 0}
{4338.392857,206.201671, 0}
{4338.392857,123.721002, 4.8}
{4338.392857,41.240334, 9.6}
{4338.392857,-41.240334, 14.4}
{4338.392857,-123.721002, 19.2}
{4338.392857,-206.201671, 24}
{4338.392857,206.201671, 24}
{4338.392857,123.721002, 19.2}
{4338.392857,41.240334, 14.4}
{4338.392857,-41.240334, 9.6}
{4338.392857,-123.721002, 4.8}
{4338.392857,-206.201671, 0}
{4439.285714,194.673141, 0}
{4439.285714,116.803885, 4.8}
{4439.285714,38.934628, 9.6}
{4439.285714,-38.934628, 14.4}
{4439.285714,-116.803885, 19.2}
{4439.285714,-194.673141, 24}
{4439.285714,194.673666, 24}
{4439.285714,116.8042, 19.2}
{4439.285714,38.934733, 14.4}
{4439.285714,-38.934733, 9.6}
{4439.285714,-116.8042, 4.8}
{4439.285714,-194.673666, 0}
{4540.178571,182.21269, 0}
{4540.178571,109.327614, 4.8}
{4540.178571,36.442538, 9.6}
{4540.178571,-36.442538, 14.4}
{4540.178571,-109.327614, 19.2}
{4540.178571,-182.21269, 24}
{4540.178571,182.21297, 24}
{4540.178571,109.327782, 19.2}
{4540.178571,36.442594, 14.4}
{4540.178571,-36.442594, 9.6}
{4540.178571,-109.327782, 4.8}
{4540.178571,-182.21297, 0}
{4641.071429,168.775599, 0}
{4641.071429,101.265358, 4.8}
{4641.071429,33.755116, 9.6}
{4641.071429,-33.755125, 14.4}
{4641.071429,-101.265366, 19.2}
{4641.071429,-168.775608, 24}
{4641.071429,168.775599, 24}
{4641.071429,101.265358, 19.2}
{4641.071429,33.755116, 14.4}
{4641.071429,-33.755125, 9.6}
{4641.071429,-101.265366, 4.8}
{4641.071429,-168.775608, 0}
{4741.964286,154.393544, 0}
{4741.964286,92.636129, 4.8}
{4741.964286,30.878713, 9.6}
{4741.964286,-30.878702, 14.4}
{4741.964286,-92.636117, 19.2}
{4741.964286,-154.393532, 24}
{4741.964286,154.393544, 24}
{4741.964286,92.636129, 19.2}
{4741.964286,30.878713, 14.4}
{4741.964286,-30.878702, 9.6}
{4741.964286,-92.636117, 4.8}
{4741.964286,-154.393532, 0}
{4842.857143,139.032512, 0}
{4842.857143,83.419504, 4.8}
{4842.857143,27.806496, 9.6}
{4842.857143,-27.806512, 14.4}
{4842.857143,-83.419519, 19.2}
{4842.857143,-139.032527, 24}
{4842.857143,139.032512, 24}
{4842.857143,83.419504, 19.2}
{4842.857143,27.806496, 14.4}
{4842.857143,-27.806512, 9.6}
{4842.857143,-83.419519, 4.8}
{4842.857143,-139.032527, 0}
{4943.75,122.661116, 0}
{4943.75,73.59667, 4.8}
{4943.75,24.532225, 9.6}
{4943.75,-24.532221, 14.4}
{4943.75,-73.596666, 19.2}
{4943.75,-122.661112, 24}
{4943.75,122.661116, 24}
{4943.75,73.59667, 19.2}
{4943.75,24.532225, 14.4}
{4943.75,-24.532221, 9.6}
{4943.75,-73.596666, 4.8}
{4943.75,-122.661112, 0}
{5044.642857,105.308727, 0}
{5044.642857,63.18524, 4.8}
{5044.642857,21.061753, 9.6}
{5044.642857,-21.061735, 14.4}
{5044.642857,-63.185222, 19.2}
{5044.642857,-105.30871, 24}
{5044.642857,105.308727, 24}
{5044.642857,63.18524, 19.2}
{5044.642857,21.061753, 14.4}
{5044.642857,-21.061735, 9.6}
{5044.642857,-63.185222, 4.8}
{5044.642857,-105.30871, 0}
{5145.535714,86.929173, 0}
{5145.535714,52.157504, 4.8}
{5145.535714,17.385835, 9.6}
{5145.535714,-17.385835, 14.4}
{5145.535714,-52.157504, 19.2}
{5145.535714,-86.929173, 24}
{5145.535714,86.929173, 24}
{5145.535714,52.157504, 19.2}
{5145.535714,17.385835, 14.4}
{5145.535714,-17.385835, 9.6}
{5145.535714,-52.157504, 4.8}
{5145.535714,-86.929173, 0}
{5246.428571,67.515277, 0}
{5246.428571,40.509164, 4.8}
{5246.428571,13.503051, 9.6}
{5246.428571,-13.503062, 14.4}
{5246.428571,-40.509175, 19.2}
{5246.428571,-67.515288, 24}
{5246.428571,67.514299, 24}
{5246.428571,40.508577, 19.2}
{5246.428571,13.502855, 14.4}
{5246.428571,-13.502866, 9.6}
{5246.428571,-40.508588, 4.8}
{5246.428571,-67.51431, 0}
{5347.321429,47.09007, 0}
{5347.321429,28.254042, 4.8}
{5347.321429,9.418015, 9.6}
{5347.321429,-9.418012, 14.4}
{5347.321429,-28.254039, 19.2}
{5347.321429,-47.090066, 24}
{5347.321429,47.090214, 24}
{5347.321429,28.254129, 19.2}
{5347.321429,9.418044, 14.4}
{5347.321429,-9.418041, 9.6}
{5347.321429,-28.254126, 4.8}
{5347.321429,-47.09021, 0}
{5448.214286,25.584966, 0}
{5448.214286,15.35098, 4.8}
{5448.214286,5.116994, 9.6}
{5448.214286,-5.116991, 14.4}
{5448.214286,-15.350977, 19.2}
{5448.214286,-25.584963, 24}
{5448.214286,25.588053, 24}
{5448.214286,15.352833, 19.2}
{5448.214286,5.117612, 14.4}
{5448.214286,-5.117608, 9.6}
{5448.214286,-15.352828, 4.8}
{5448.214286,-25.588048, 0}
{5549.107143,3.053852, 0}
{5549.107143,1.832303, 4.8}
{5549.107143,0.610754, 9.6}
{5549.107143,-0.610795, 14.4}
{5549.107143,-1.832343, 19.2}
{5549.107143,-3.053892, 24}
{5549.107143,3.053852, 24}
{5549.107143,1.832303, 19.2}
{5549.107143,0.610754, 14.4}
{5549.107143,-0.610795, 9.6}
{5549.107143,-1.832343, 4.8}
{5549.107143,-3.053892, 0}
{2724.107143,279.827311, 0}
{2724.107143,167.896368, 4.8}
{2724.107143,55.965424, 9.6}
{2724.107143,-55.96552, 14.4}
{2724.107143,-167.896464, 19.2}
{2724.107143,-279.827407, 24}
{2724.107143,279.828482, 24}
{2724.107143,167.897069, 19.2}
{2724.107143,55.965657, 14.4}
{2724.107143,-55.965756, 9.6}
{2724.107143,-167.897169, 4.8}
{2724.107143,-279.828582, 0}
{2623.214286,279.20196, 0}
{2623.214286,167.521173, 4.8}
{2623.214286,55.840385, 9.6}
{2623.214286,-55.840402, 14.4}
{2623.214286,-167.521189, 19.2}
{2623.214286,-279.201976, 24}
{2623.214286,279.201596, 24}
{2623.214286,167.520954, 19.2}
{2623.214286,55.840312, 14.4}
{2623.214286,-55.84033, 9.6}
{2623.214286,-167.520973, 4.8}
{2623.214286,-279.201615, 0}
{2522.321429,278.012349, 0}
{2522.321429,166.807406, 4.8}
{2522.321429,55.602464, 9.6}
{2522.321429,-55.602479, 14.4}
{2522.321429,-166.807421, 19.2}
{2522.321429,-278.012364, 24}
{2522.321429,278.013331, 24}
{2522.321429,166.807996, 19.2}
{2522.321429,55.602661, 14.4}
{2522.321429,-55.602675, 9.6}
{2522.321429,-166.80801, 4.8}
{2522.321429,-278.013346, 0}
{2421.428571,276.221543, 0}
{2421.428571,165.732932, 4.8}
{2421.428571,55.244321, 9.6}
{2421.428571,-55.24429, 14.4}
{2421.428571,-165.732902, 19.2}
{2421.428571,-276.221513, 24}
{2421.428571,276.221543, 24}
{2421.428571,165.732932, 19.2}
{2421.428571,55.244321, 14.4}
{2421.428571,-55.24429, 9.6}
{2421.428571,-165.732902, 4.8}
{2421.428571,-276.221513, 0}
{2320.535714,273.769494, 0}
{2320.535714,164.261691, 4.8}
{2320.535714,54.753888, 9.6}
{2320.535714,-54.753914, 14.4}
{2320.535714,-164.261717, 19.2}
{2320.535714,-273.76952, 24}
{2320.535714,273.766898, 24}
{2320.535714,164.260134, 19.2}
{2320.535714,54.753371, 14.4}
{2320.535714,-54.753393, 9.6}
{2320.535714,-164.260157, 4.8}
{2320.535714,-273.766921, 0}
{2219.642857,270.598434, 0}
{2219.642857,162.359039, 4.8}
{2219.642857,54.119644, 9.6}
{2219.642857,-54.119751, 14.4}
{2219.642857,-162.359146, 19.2}
{2219.642857,-270.59854, 24}
{2219.642857,270.598484, 24}
{2219.642857,162.359069, 19.2}
{2219.642857,54.119654, 14.4}
{2219.642857,-54.119761, 9.6}
{2219.642857,-162.359175, 4.8}
{2219.642857,-270.59859, 0}
{2118.75,266.710115, 0}
{2118.75,160.025999, 4.8}
{2118.75,53.341883, 9.6}
{2118.75,-53.342232, 14.4}
{2118.75,-160.026348, 19.2}
{2118.75,-266.710464, 24}
{2118.75,266.71089, 24}
{2118.75,160.026463, 19.2}
{2118.75,53.342035, 14.4}
{2118.75,-53.342392, 9.6}
{2118.75,-160.026819, 4.8}
{2118.75,-266.711247, 0}
{2017.857143,262.06444, 0}
{2017.857143,157.238664, 4.8}
{2017.857143,52.412888, 9.6}
{2017.857143,-52.412888, 14.4}
{2017.857143,-157.238664, 19.2}
{2017.857143,-262.06444, 24}
{2017.857143,262.06444, 24}
{2017.857143,157.238664, 19.2}
{2017.857143,52.412888, 14.4}
{2017.857143,-52.412888, 9.6}
{2017.857143,-157.238664, 4.8}
{2017.857143,-262.06444, 0}
{1916.964286,256.610413, 0}
{1916.964286,153.966249, 4.8}
{1916.964286,51.322085, 9.6}
{1916.964286,-51.322079, 14.4}
{1916.964286,-153.966243, 19.2}
{1916.964286,-256.610407, 24}
{1916.964286,256.610413, 24}
{1916.964286,153.966249, 19.2}
{1916.964286,51.322085, 14.4}
{1916.964286,-51.322079, 9.6}
{1916.964286,-153.966243, 4.8}
{1916.964286,-256.610407, 0}
{1816.071429,250.360649, 0}
{1816.071429,150.216389, 4.8}
{1816.071429,50.07213, 9.6}
{1816.071429,-50.07213, 14.4}
{1816.071429,-150.216389, 19.2}
{1816.071429,-250.360649, 24}
{1816.071429,250.360156, 24}
{1816.071429,150.216094, 19.2}
{1816.071429,50.072031, 14.4}
{1816.071429,-50.072031, 9.6}
{1816.071429,-150.216094, 4.8}
{1816.071429,-250.360156, 0}
{1715.178571,243.283086, 0}
{1715.178571,145.969854, 4.8}
{1715.178571,48.656623, 9.6}
{1715.178571,-48.656609, 14.4}
{1715.178571,-145.96984, 19.2}
{1715.178571,-243.283071, 24}
{1715.178571,243.280896, 24}
{1715.178571,145.968538, 19.2}
{1715.178571,48.656179, 14.4}
{1715.178571,-48.656179, 9.6}
{1715.178571,-145.968538, 4.8}
{1715.178571,-243.280896, 0}
{1614.285714,235.328593, 0}
{1614.285714,141.197156, 4.8}
{1614.285714,47.065719, 9.6}
{1614.285714,-47.065719, 14.4}
{1614.285714,-141.197156, 19.2}
{1614.285714,-235.328593, 24}
{1614.285714,235.328593, 24}
{1614.285714,141.197156, 19.2}
{1614.285714,47.065719, 14.4}
{1614.285714,-47.065719, 9.6}
{1614.285714,-141.197156, 4.8}
{1614.285714,-235.328593, 0}
{1513.392857,226.519072, 0}
{1513.392857,135.911444, 4.8}
{1513.392857,45.303816, 9.6}
{1513.392857,-45.303812, 14.4}
{1513.392857,-135.91144, 19.2}
{1513.392857,-226.519068, 24}
{1513.392857,226.51906, 24}
{1513.392857,135.911435, 19.2}
{1513.392857,45.303809, 14.4}
{1513.392857,-45.303816, 9.6}
{1513.392857,-135.911442, 4.8}
{1513.392857,-226.519068, 0}
{1412.5,216.826601, 0}
{1412.5,130.095961, 4.8}
{1412.5,43.36532, 9.6}
{1412.5,-43.36532, 14.4}
{1412.5,-130.095961, 19.2}
{1412.5,-216.826601, 24}
{1412.5,216.826601, 24}
{1412.5,130.095961, 19.2}
{1412.5,43.36532, 14.4}
{1412.5,-43.36532, 9.6}
{1412.5,-130.095961, 4.8}
{1412.5,-216.826601, 0}
{1311.607143,206.201671, 0}
{1311.607143,123.721002, 4.8}
{1311.607143,41.240334, 9.6}
{1311.607143,-41.240334, 14.4}
{1311.607143,-123.721002, 19.2}
{1311.607143,-206.201671, 24}
{1311.607143,206.201671, 24}
{1311.607143,123.721002, 19.2}
{1311.607143,41.240334, 14.4}
{1311.607143,-41.240334, 9.6}
{1311.607143,-123.721002, 4.8}
{1311.607143,-206.201671, 0}
{1210.714286,194.673666, 0}
{1210.714286,116.8042, 4.8}
{1210.714286,38.934733, 9.6}
{1210.714286,-38.934733, 14.4}
{1210.714286,-116.8042, 19.2}
{1210.714286,-194.673666, 24}
{1210.714286,194.673141, 24}
{1210.714286,116.803885, 19.2}
{1210.714286,38.934628, 14.4}
{1210.714286,-38.934628, 9.6}
{1210.714286,-116.803885, 4.8}
{1210.714286,-194.673141, 0}
{1109.821429,182.21297, 0}
{1109.821429,109.327782, 4.8}
{1109.821429,36.442594, 9.6}
{1109.821429,-36.442594, 14.4}
{1109.821429,-109.327782, 19.2}
{1109.821429,-182.21297, 24}
{1109.821429,182.21269, 24}
{1109.821429,109.327614, 19.2}
{1109.821429,36.442538, 14.4}
{1109.821429,-36.442538, 9.6}
{1109.821429,-109.327614, 4.8}
{1109.821429,-182.21269, 0}
{1008.928571,168.775608, 0}
{1008.928571,101.265366, 4.8}
{1008.928571,33.755125, 9.6}
{1008.928571,-33.755116, 14.4}
{1008.928571,-101.265358, 19.2}
{1008.928571,-168.775599, 24}
{1008.928571,168.775608, 24}
{1008.928571,101.265366, 19.2}
{1008.928571,33.755125, 14.4}
{1008.928571,-33.755116, 9.6}
{1008.928571,-101.265358, 4.8}
{1008.928571,-168.775599, 0}
{908.035714,154.393532, 0}
{908.035714,92.636117, 4.8}
{908.035714,30.878702, 9.6}
{908.035714,-30.878713, 14.4}
{908.035714,-92.636129, 19.2}
{908.035714,-154.393544, 24}
{908.035714,154.393532, 24}
{908.035714,92.636117, 19.2}
{908.035714,30.878702, 14.4}
{908.035714,-30.878713, 9.6}
{908.035714,-92.636129, 4.8}
{908.035714,-154.393544, 0}
{807.142857,139.032527, 0}
{807.142857,83.419519, 4.8}
{807.142857,27.806512, 9.6}
{807.142857,-27.806496, 14.4}
{807.142857,-83.419504, 19.2}
{807.142857,-139.032512, 24}
{807.142857,139.032527, 24}
{807.142857,83.419519, 19.2}
{807.142857,27.806512, 14.4}
{807.142857,-27.806496, 9.6}
{807.142857,-83.419504, 4.8}
{807.142857,-139.032512, 0}
{706.25,122.661112, 0}
{706.25,73.596666, 4.8}
{706.25,24.532221, 9.6}
{706.25,-24.532225, 14.4}
{706.25,-73.59667, 19.2}
{706.25,-122.661116, 24}
{706.25,122.661112, 24}
{706.25,73.596666, 19.2}
{706.25,24.532221, 14.4}
{706.25,-24.532225, 9.6}
{706.25,-73.59667, 4.8}
{706.25,-122.661116, 0}
{605.357143,105.30871, 0}
{605.357143,63.185222, 4.8}
{605.357143,21.061735, 9.6}
{605.357143,-21.061753, 14.4}
{605.357143,-63.18524, 19.2}
{605.357143,-105.308727, 24}
{605.357143,105.30871, 24}
{605.357143,63.185222, 19.2}
{605.357143,21.061735, 14.4}
{605.357143,-21.061753, 9.6}
{605.357143,-63.18524, 4.8}
{605.357143,-105.308727, 0}
{504.464286,86.929173, 0}
{504.464286,52.157504, 4.8}
{504.464286,17.385835, 9.6}
{504.464286,-17.385835, 14.4}
{504.464286,-52.157504, 19.2}
{504.464286,-86.929173, 24}
{504.464286,86.929173, 24}
{504.464286,52.157504, 19.2}
{504.464286,17.385835, 14.4}
{504.464286,-17.385835, 9.6}
{504.464286,-52.157504, 4.8}
{504.464286,-86.929173, 0}
{403.571429,67.51431, 0}
{403.571429,40.508588, 4.8}
{403.571429,13.502866, 9.6}
{403.571429,-13.502855, 14.4}
{403.571429,-40.508577, 19.2}
{403.571429,-67.514299, 24}
{403.571429,67.515288, 24}
{403.571429,40.509175, 19.2}
{403.571429,13.503062, 14.4}
{403.571429,-13.503051, 9.6}
{403.571429,-40.509164, 4.8}
{403.571429,-67.515277, 0}
{302.678571,47.09021, 0}
{302.678571,28.254126, 4.8}
{302.678571,9.418041, 9.6}
{302.678571,-9.418044, 14.4}
{302.678571,-28.254129, 19.2}
{302.678571,-47.090214, 24}
{302.678571,47.090066, 24}
{302.678571,28.254039, 19.2}
{302.678571,9.418012, 14.4}
{302.678571,-9.418015, 9.6}
{302.678571,-28.254042, 4.8}
{302.678571,-47.09007, 0}
{201.785714,25.588048, 0}
{201.785714,15.352828, 4.8}
{201.785714,5.117608, 9.6}
{201.785714,-5.117612, 14.4}
{201.785714,-15.352833, 19.2}
{201.785714,-25.588053, 24}
{201.785714,25.584963, 24}
{201.785714,15.350977, 19.2}
{201.785714,5.116991, 14.4}
{201.785714,-5.116994, 9.6}
{201.785714,-15.35098, 4.8}
{201.785714,-25.584966, 0}
{100.892857,3.053892, 0}
{100.892857,1.832343, 4.8}
{100.892857,0.610795, 9.6}
{100.892857,-0.610754, 14.4}
{100.892857,-1.832303, 19.2}
{100.892857,-3.053852, 24}
{100.892857,3.053892, 24}
{100.892857,1.832343, 19.2}
{100.892857,0.610795, 14.4}
{100.892857,-0.610754, 9.6}
{100.892857,-1.832303, 4.8}
{100.892857,-3.053852, 0}
{0,0, 0}
{5650,0, 0}
