{2825,-300, 0}
{2825,-180, 4.8}
{2825,-60, 9.6}
{2825,60, 14.4}
{2825,180, 19.2}
{2825,300, 24}
{2825,-300, 24}
{2825,-180, 19.2}
{2825,-60, 14.4}
{2825,60, 9.6}
{2825,180, 4.8}
{2825,300, 0}
{2925.892857,-299.833649, 0}
{2925.892857,-179.900189, 4.8}
{2925.892857,-59.96673, 9.6}
{2925.892857,59.96673, 14.4}
{2925.892857,179.900189, 19.2}
{2925.892857,299.833649, 24}
{2925.892857,-299.833649, 24}
{2925.892857,-179.900189, 19.2}
{2925.892857,-59.96673, 14.4}
{2925.892857,59.96673, 9.6}
{2925.892857,179.900189, 4.8}
{2925.892857,299.833649, 0}
{3026.785714,-299.20871, 0}
{3026.785714,-179.525226, 4.8}
{3026.785714,-59.841742, 9.6}
{3026.785714,59.841742, 14.4}
{3026.785714,179.525226, 19.2}
{3026.785714,299.20871, 24}
{3026.785714,-299.20871, 24}
{3026.785714,-179.525226, 19.2}
{3026.785714,-59.841742, 14.4}
{3026.785714,59.841742, 9.6}
{3026.785714,179.525226, 4.8}
{3026.785714,299.20871, 0}
{3127.678571,-298.029663, 0}
{3127.678571,-178.817798, 4.8}
{3127.678571,-59.605933, 9.6}
{3127.678571,59.605933, 14.4}
{3127.678571,178.817798, 19.2}
{3127.678571,298.029663, 24}
{3127.678571,-298.029663, 24}
{3127.678571,-178.817798, 19.2}
{3127.678571,-59.605933, 14.4}
{3127.678571,59.605933, 9.6}
{3127.678571,178.817798, 4.8}
{3127.678571,298.029663, 0}
{3228.571429,-296.235993, 0}
{3228.571429,-177.741596, 4.8}
{3228.571429,-59.247199, 9.6}
{3228.571429,59.247199, 14.4}
{3228.571429,177.741596, 19.2}
{3228.571429,296.235993, 24}
{3228.571429,-296.235993, 24}
{3228.571429,-177.741596, 19.2}
{3228.571429,-59.247199, 14.4}
{3228.571429,59.247199, 9.6}
{3228.571429,177.741596, 4.8}
{3228.571429,296.235993, 0}
{3329.464286,-293.778027, 0}
{3329.464286,-176.266816, 4.8}
{3329.464286,-58.755605, 9.6}
{3329.464286,58.755605, 14.4}
{3329.464286,176.266816, 19.2}
{3329.464286,293.778027, 24}
{3329.464286,-293.779201, 24}
{3329.464286,-176.267521, 19.2}
{3329.464286,-58.75584, 14.4}
{3329.464286,58.75584, 9.6}
{3329.464286,176.267521, 4.8}
{3329.464286,293.779201, 0}
{3430.357143,-290.624099, 0}
{3430.357143,-174.374459, 4.8}
{3430.357143,-58.12482, 9.6}
{3430.357143,58.12482, 14.4}
{3430.357143,174.374459, 19.2}
{3430.357143,290.624099, 24}
{3430.357143,-290.62482, 24}
{3430.357143,-174.374892, 19.2}
{3430.357143,-58.124964, 14.4}
{3430.357143,58.124964, 9.6}
{3430.357143,174.374892, 4.8}
{3430.357143,290.62482, 0}
{3531.25,-286.738259, 0}
{3531.25,-172.042956, 4.8}
{3531.25,-57.347652, 9.6}
{3531.25,57.347652, 14.4}
{3531.25,172.042956, 19.2}
{3531.25,286.738259, 24}
{3531.25,-286.738475, 24}
{3531.25,-172.043085, 19.2}
{3531.25,-57.347695, 14.4}
{3531.25,57.347695, 9.6}
{3531.25,172.043085, 4.8}
{3531.25,286.738475, 0}
{3632.142857,-282.091731, 0}
{3632.142857,-169.255038, 4.8}
{3632.142857,-56.418346, 9.6}
{3632.142857,56.418346, 14.4}
{3632.142857,169.255038, 19.2}
{3632.142857,282.091731, 24}
{3632.142857,-282.091369, 24}
{3632.142857,-169.254822, 19.2}
{3632.142857,-56.418274, 14.4}
{3632.142857,56.418274, 9.6}
{3632.142857,169.254822, 4.8}
{3632.142857,282.091369, 0}
{3733.035714,-276.658537, 0}
{3733.035714,-165.995122, 4.8}
{3733.035714,-55.331707, 9.6}
{3733.035714,55.331707, 14.4}
{3733.035714,165.995122, 19.2}
{3733.035714,276.658537, 24}
{3733.035714,-276.657573, 24}
{3733.035714,-165.994544, 19.2}
{3733.035714,-55.331515, 14.4}
{3733.035714,55.331515, 9.6}
{3733.035714,165.994544, 4.8}
{3733.035714,276.657573, 0}
{3833.928571,-270.415202, 0}
{3833.928571,-162.249121, 4.8}
{3833.928571,-54.08304, 9.6}
{3833.928571,54.08304, 14.4}
{3833.928571,162.249121, 19.2}
{3833.928571,270.415202, 24}
{3833.928571,-270.413551, 24}
{3833.928571,-162.24813, 19.2}
{3833.928571,-54.08271, 14.4}
{3833.928571,54.08271, 9.6}
{3833.928571,162.24813, 4.8}
{3833.928571,270.413551, 0}
{3934.821429,-263.337644, 0}
{3934.821429,-158.002587, 4.8}
{3934.821429,-52.667529, 9.6}
{3934.821429,52.667529, 14.4}
{3934.821429,158.002587, 19.2}
{3934.821429,263.337644, 24}
{3934.821429,-263.337637, 24}
{3934.821429,-158.002582, 19.2}
{3934.821429,-52.667527, 14.4}
{3934.821429,52.667527, 9.6}
{3934.821429,158.002582, 4.8}
{3934.821429,263.337637, 0}
{4035.714286,-255.409779, 0}
{4035.714286,-153.245867, 4.8}
{4035.714286,-51.081956, 9.6}
{4035.714286,51.081956, 14.4}
{4035.714286,153.245867, 19.2}
{4035.714286,255.409779, 24}
{4035.714286,-255.409783, 24}
{4035.714286,-153.24587, 19.2}
{4035.714286,-51.081957, 14.4}
{4035.714286,51.081957, 9.6}
{4035.714286,153.24587, 4.8}
{4035.714286,255.409783, 0}
{4136.607143,-246.611194, 0}
{4136.607143,-147.966716, 4.8}
{4136.607143,-49.322239, 9.6}
{4136.607143,49.322239, 14.4}
{4136.607143,147.966716, 19.2}
{4136.607143,246.611194, 24}
{4136.607143,-246.61119, 24}
{4136.607143,-147.966714, 19.2}
{4136.607143,-49.322238, 14.4}
{4136.607143,49.322238, 9.6}
{4136.607143,147.966714, 4.8}
{4136.607143,246.61119, 0}
{4237.5,-236.924301, 0}
{4237.5,-142.15458, 4.8}
{4237.5,-47.38486, 9.6}
{4237.5,47.38486, 14.4}
{4237.5,142.15458, 19.2}
{4237.5,236.924301, 24}
{4237.5,-236.924293, 24}
{4237.5,-142.154576, 19.2}
{4237.5,-47.384859, 14.4}
{4237.5,47.384859, 9.6}
{4237.5,142.154576, 4.8}
{4237.5,236.924293, 0}
{4338.392857,-226.332458, 0}
{4338.392857,-135.799475, 4.8}
{4338.392857,-45.266492, 9.6}
{4338.392857,45.266492, 14.4}
{4338.392857,135.799475, 19.2}
{4338.392857,226.332458, 24}
{4338.392857,-226.332465, 24}
{4338.392857,-135.799479, 19.2}
{4338.392857,-45.266493, 14.4}
{4338.392857,45.266493, 9.6}
{4338.392857,135.799479, 4.8}
{4338.392857,226.332465, 0}
{4439.285714,-214.819966, 0}
{4439.285714,-128.89198, 4.8}
{4439.285714,-42.963993, 9.6}
{4439.285714,42.963993, 14.4}
{4439.285714,128.89198, 19.2}
{4439.285714,214.819966, 24}
{4439.285714,-214.819963, 24}
{4439.285714,-128.891978, 19.2}
{4439.285714,-42.963993, 14.4}
{4439.285714,42.963993, 9.6}
{4439.285714,128.891978, 4.8}
{4439.285714,214.819963, 0}
{4540.178571,-202.371848, 0}
{4540.178571,-121.423109, 4.8}
{4540.178571,-40.47437, 9.6}
{4540.178571,40.47437, 14.4}
{4540.178571,121.423109, 19.2}
{4540.178571,202.371848, 24}
{4540.178571,-202.371851, 24}
{4540.178571,-121.423111, 19.2}
{4540.178571,-40.47437, 14.4}
{4540.178571,40.47437, 9.6}
{4540.178571,121.423111, 4.8}
{4540.178571,202.371851, 0}
{4641.071429,-188.973853, 0}
{4641.071429,-113.384312, 4.8}
{4641.071429,-37.794771, 9.6}
{4641.071429,37.794771, 14.4}
{4641.071429,113.384312, 19.2}
{4641.071429,188.973853, 24}
{4641.071429,-188.973851, 24}
{4641.071429,-113.38431, 19.2}
{4641.071429,-37.79477, 14.4}
{4641.071429,37.79477, 9.6}
{4641.071429,113.38431, 4.8}
{4641.071429,188.973851, 0}
{4741.964286,-174.612335, 0}
{4741.964286,-104.767401, 4.8}
{4741.964286,-34.922467, 9.6}
{4741.964286,34.922467, 14.4}
{4741.964286,104.767401, 19.2}
{4741.964286,174.612335, 24}
{4741.964286,-174.612334, 24}
{4741.964286,-104.767401, 19.2}
{4741.964286,-34.922467, 14.4}
{4741.964286,34.922467, 9.6}
{4741.964286,104.767401, 4.8}
{4741.964286,174.612334, 0}
{4842.857143,-159.273216, 0}
{4842.857143,-95.563929, 4.8}
{4842.857143,-31.854643, 9.6}
{4842.857143,31.854643, 14.4}
{4842.857143,95.563929, 19.2}
{4842.857143,159.273216, 24}
{4842.857143,-159.274231, 24}
{4842.857143,-95.564539, 19.2}
{4842.857143,-31.854846, 14.4}
{4842.857143,31.854846, 9.6}
{4842.857143,95.564539, 4.8}
{4842.857143,159.274231, 0}
{4943.75,-142.947445, 0}
{4943.75,-85.768467, 4.8}
{4943.75,-28.589489, 9.6}
{4943.75,28.589489, 14.4}
{4943.75,85.768467, 19.2}
{4943.75,142.947445, 24}
{4943.75,-142.948, 24}
{4943.75,-85.7688, 19.2}
{4943.75,-28.5896, 14.4}
{4943.75,28.5896, 9.6}
{4943.75,85.7688, 4.8}
{4943.75,142.948, 0}
{5044.642857,-125.618565, 0}
{5044.642857,-75.371139, 4.8}
{5044.642857,-25.123713, 9.6}
{5044.642857,25.123713, 14.4}
{5044.642857,75.371139, 19.2}
{5044.642857,125.618565, 24}
{5044.642857,-125.61857, 24}
{5044.642857,-75.371142, 19.2}
{5044.642857,-25.123714, 14.4}
{5044.642857,25.123714, 9.6}
{5044.642857,75.371142, 4.8}
{5044.642857,125.61857, 0}
{5145.535714,-107.276451, 0}
{5145.535714,-64.365871, 4.8}
{5145.535714,-21.45529, 9.6}
{5145.535714,21.45529, 14.4}
{5145.535714,64.365871, 19.2}
{5145.535714,107.276451, 24}
{5145.535714,-107.27738, 24}
{5145.535714,-64.366428, 19.2}
{5145.535714,-21.455476, 14.4}
{5145.535714,21.455476, 9.6}
{5145.535714,64.366428, 4.8}
{5145.535714,107.27738, 0}
{5246.428571,-87.911373, 0}
{5246.428571,-52.746824, 4.8}
{5246.428571,-17.582275, 9.6}
{5246.428571,17.582275, 14.4}
{5246.428571,52.746824, 19.2}
{5246.428571,87.911373, 24}
{5246.428571,-87.912157, 24}
{5246.428571,-52.747294, 19.2}
{5246.428571,-17.582431, 14.4}
{5246.428571,17.582431, 9.6}
{5246.428571,52.747294, 4.8}
{5246.428571,87.912157, 0}
{5347.321429,-67.51134, 0}
{5347.321429,-40.506804, 4.8}
{5347.321429,-13.502268, 9.6}
{5347.321429,13.502268, 14.4}
{5347.321429,40.506804, 19.2}
{5347.321429,67.51134, 24}
{5347.321429,-67.512095, 24}
{5347.321429,-40.507257, 19.2}
{5347.321429,-13.502419, 14.4}
{5347.321429,13.502419, 9.6}
{5347.321429,40.507257, 4.8}
{5347.321429,67.512095, 0}
{5448.214286,-46.067046, 0}
{5448.214286,-27.640228, 4.8}
{5448.214286,-9.213409, 9.6}
{5448.214286,9.213409, 14.4}
{5448.214286,27.640228, 19.2}
{5448.214286,46.067046, 24}
{5448.214286,-46.066784, 24}
{5448.214286,-27.64007, 19.2}
{5448.214286,-9.213357, 14.4}
{5448.214286,9.213357, 9.6}
{5448.214286,27.64007, 4.8}
{5448.214286,46.066784, 0}
{5549.107143,-23.565988, 0}
{5549.107143,-14.139593, 4.8}
{5549.107143,-4.713198, 9.6}
{5549.107143,4.713198, 14.4}
{5549.107143,14.139593, 19.2}
{5549.107143,23.565988, 24}
{5549.107143,-23.564488, 24}
{5549.107143,-14.138693, 19.2}
{5549.107143,-4.712898, 14.4}
{5549.107143,4.712898, 9.6}
{5549.107143,14.138693, 4.8}
{5549.107143,23.564488, 0}
{2724.107143,-299.833649, 0}
{2724.107143,-179.900189, 4.8}
{2724.107143,-59.96673, 9.6}
{2724.107143,59.96673, 14.4}
{2724.107143,179.900189, 19.2}
{2724.107143,299.833649, 24}
{2724.107143,-299.833649, 24}
{2724.107143,-179.900189, 19.2}
{2724.107143,-59.96673, 14.4}
{2724.107143,59.96673, 9.6}
{2724.107143,179.900189, 4.8}
{2724.107143,299.833649, 0}
{2623.214286,-299.20871, 0}
{2623.214286,-179.525226, 4.8}
{2623.214286,-59.841742, 9.6}
{2623.214286,59.841742, 14.4}
{2623.214286,179.525226, 19.2}
{2623.214286,299.20871, 24}
{2623.214286,-299.20871, 24}
{2623.214286,-179.525226, 19.2}
{2623.214286,-59.841742, 14.4}
{2623.214286,59.841742, 9.6}
{2623.214286,179.525226, 4.8}
{2623.214286,299.20871, 0}
{2522.321429,-298.029663, 0}
{2522.321429,-178.817798, 4.8}
{2522.321429,-59.605933, 9.6}
{2522.321429,59.605933, 14.4}
{2522.321429,178.817798, 19.2}
{2522.321429,298.029663, 24}
{2522.321429,-298.029663, 24}
{2522.321429,-178.817798, 19.2}
{2522.321429,-59.605933, 14.4}
{2522.321429,59.605933, 9.6}
{2522.321429,178.817798, 4.8}
{2522.321429,298.029663, 0}
{2421.428571,-296.235993, 0}
{2421.428571,-177.741596, 4.8}
{2421.428571,-59.247199, 9.6}
{2421.428571,59.247199, 14.4}
{2421.428571,177.741596, 19.2}
{2421.428571,296.235993, 24}
{2421.428571,-296.235993, 24}
{2421.428571,-177.741596, 19.2}
{2421.428571,-59.247199, 14.4}
{2421.428571,59.247199, 9.6}
{2421.428571,177.741596, 4.8}
{2421.428571,296.235993, 0}
{2320.535714,-293.779201, 0}
{2320.535714,-176.267521, 4.8}
{2320.535714,-58.75584, 9.6}
{2320.535714,58.75584, 14.4}
{2320.535714,176.267521, 19.2}
{2320.535714,293.779201, 24}
{2320.535714,-293.778027, 24}
{2320.535714,-176.266816, 19.2}
{2320.535714,-58.755605, 14.4}
{2320.535714,58.755605, 9.6}
{2320.535714,176.266816, 4.8}
{2320.535714,293.778027, 0}
{2219.642857,-290.62482, 0}
{2219.642857,-174.374892, 4.8}
{2219.642857,-58.124964, 9.6}
{2219.642857,58.124964, 14.4}
{2219.642857,174.374892, 19.2}
{2219.642857,290.62482, 24}
{2219.642857,-290.624099, 24}
{2219.642857,-174.374459, 19.2}
{2219.642857,-58.12482, 14.4}
{2219.642857,58.12482, 9.6}
{2219.642857,174.374459, 4.8}
{2219.642857,290.624099, 0}
{2118.75,-286.738475, 0}
{2118.75,-172.043085, 4.8}
{2118.75,-57.347695, 9.6}
{2118.75,57.347695, 14.4}
{2118.75,172.043085, 19.2}
{2118.75,286.738475, 24}
{2118.75,-286.738259, 24}
{2118.75,-172.042956, 19.2}
{2118.75,-57.347652, 14.4}
{2118.75,57.347652, 9.6}
{2118.75,172.042956, 4.8}
{2118.75,286.738259, 0}
{2017.857143,-282.091369, 0}
{2017.857143,-169.254822, 4.8}
{2017.857143,-56.418274, 9.6}
{2017.857143,56.418274, 14.4}
{2017.857143,169.254822, 19.2}
{2017.857143,282.091369, 24}
{2017.857143,-282.091731, 24}
{2017.857143,-169.255038, 19.2}
{2017.857143,-56.418346, 14.4}
{2017.857143,56.418346, 9.6}
{2017.857143,169.255038, 4.8}
{2017.857143,282.091731, 0}
{1916.964286,-276.657573, 0}
{1916.964286,-165.994544, 4.8}
{1916.964286,-55.331515, 9.6}
{1916.964286,55.331515, 14.4}
{1916.964286,165.994544, 19.2}
{1916.964286,276.657573, 24}
{1916.964286,-276.658537, 24}
{1916.964286,-165.995122, 19.2}
{1916.964286,-55.331707, 14.4}
{1916.964286,55.331707, 9.6}
{1916.964286,165.995122, 4.8}
{1916.964286,276.658537, 0}
{1816.071429,-270.413551, 0}
{1816.071429,-162.24813, 4.8}
{1816.071429,-54.08271, 9.6}
{1816.071429,54.08271, 14.4}
{1816.071429,162.24813, 19.2}
{1816.071429,270.413551, 24}
{1816.071429,-270.415202, 24}
{1816.071429,-162.249121, 19.2}
{1816.071429,-54.08304, 14.4}
{1816.071429,54.08304, 9.6}
{1816.071429,162.249121, 4.8}
{1816.071429,270.415202, 0}
{1715.178571,-263.337637, 0}
{1715.178571,-158.002582, 4.8}
{1715.178571,-52.667527, 9.6}
{1715.178571,52.667527, 14.4}
{1715.178571,158.002582, 19.2}
{1715.178571,263.337637, 24}
{1715.178571,-263.337644, 24}
{1715.178571,-158.002587, 19.2}
{1715.178571,-52.667529, 14.4}
{1715.178571,52.667529, 9.6}
{1715.178571,158.002587, 4.8}
{1715.178571,263.337644, 0}
{1614.285714,-255.409783, 0}
{1614.285714,-153.24587, 4.8}
{1614.285714,-51.081957, 9.6}
{1614.285714,51.081957, 14.4}
{1614.285714,153.24587, 19.2}
{1614.285714,255.409783, 24}
{1614.285714,-255.409779, 24}
{1614.285714,-153.245867, 19.2}
{1614.285714,-51.081956, 14.4}
{1614.285714,51.081956, 9.6}
{1614.285714,153.245867, 4.8}
{1614.285714,255.409779, 0}
{1513.392857,-246.61119, 0}
{1513.392857,-147.966714, 4.8}
{1513.392857,-49.322238, 9.6}
{1513.392857,49.322238, 14.4}
{1513.392857,147.966714, 19.2}
{1513.392857,246.61119, 24}
{1513.392857,-246.611194, 24}
{1513.392857,-147.966716, 19.2}
{1513.392857,-49.322239, 14.4}
{1513.392857,49.322239, 9.6}
{1513.392857,147.966716, 4.8}
{1513.392857,246.611194, 0}
{1412.5,-236.924293, 0}
{1412.5,-142.154576, 4.8}
{1412.5,-47.384859, 9.6}
{1412.5,47.384859, 14.4}
{1412.5,142.154576, 19.2}
{1412.5,236.924293, 24}
{1412.5,-236.924301, 24}
{1412.5,-142.15458, 19.2}
{1412.5,-47.38486, 14.4}
{1412.5,47.38486, 9.6}
{1412.5,142.15458, 4.8}
{1412.5,236.924301, 0}
{1311.607143,-226.332465, 0}
{1311.607143,-135.799479, 4.8}
{1311.607143,-45.266493, 9.6}
{1311.607143,45.266493, 14.4}
{1311.607143,135.799479, 19.2}
{1311.607143,226.332465, 24}
{1311.607143,-226.332458, 24}
{1311.607143,-135.799475, 19.2}
{1311.607143,-45.266492, 14.4}
{1311.607143,45.266492, 9.6}
{1311.607143,135.799475, 4.8}
{1311.607143,226.332458, 0}
{1210.714286,-214.819963, 0}
{1210.714286,-128.891978, 4.8}
{1210.714286,-42.963993, 9.6}
{1210.714286,42.963993, 14.4}
{1210.714286,128.891978, 19.2}
{1210.714286,214.819963, 24}
{1210.714286,-214.819966, 24}
{1210.714286,-128.89198, 19.2}
{1210.714286,-42.963993, 14.4}
{1210.714286,42.963993, 9.6}
{1210.714286,128.89198, 4.8}
{1210.714286,214.819966, 0}
{1109.821429,-202.371851, 0}
{1109.821429,-121.423111, 4.8}
{1109.821429,-40.47437, 9.6}
{1109.821429,40.47437, 14.4}
{1109.821429,121.423111, 19.2}
{1109.821429,202.371851, 24}
{1109.821429,-202.371848, 24}
{1109.821429,-121.423109, 19.2}
{1109.821429,-40.47437, 14.4}
{1109.821429,40.47437, 9.6}
{1109.821429,121.423109, 4.8}
{1109.821429,202.371848, 0}
{1008.928571,-188.973851, 0}
{1008.928571,-113.38431, 4.8}
{1008.928571,-37.79477, 9.6}
{1008.928571,37.79477, 14.4}
{1008.928571,113.38431, 19.2}
{1008.928571,188.973851, 24}
{1008.928571,-188.973853, 24}
{1008.928571,-113.384312, 19.2}
{1008.928571,-37.794771, 14.4}
{1008.928571,37.794771, 9.6}
{1008.928571,113.384312, 4.8}
{1008.928571,188.973853, 0}
{908.035714,-174.612334, 0}
{908.035714,-104.767401, 4.8}
{908.035714,-34.922467, 9.6}
{908.035714,34.922467, 14.4}
{908.035714,104.767401, 19.2}
{908.035714,174.612334, 24}
{908.035714,-174.612335, 24}
{908.035714,-104.767401, 19.2}
{908.035714,-34.922467, 14.4}
{908.035714,34.922467, 9.6}
{908.035714,104.767401, 4.8}
{908.035714,174.612335, 0}
{807.142857,-159.274231, 0}
{807.142857,-95.564539, 4.8}
{807.142857,-31.854846, 9.6}
{807.142857,31.854846, 14.4}
{807.142857,95.564539, 19.2}
{807.142857,159.274231, 24}
{807.142857,-159.273216, 24}
{807.142857,-95.563929, 19.2}
{807.142857,-31.854643, 14.4}
{807.142857,31.854643, 9.6}
{807.142857,95.563929, 4.8}
{807.142857,159.273216, 0}
{706.25,-142.948, 0}
{706.25,-85.7688, 4.8}
{706.25,-28.5896, 9.6}
{706.25,28.5896, 14.4}
{706.25,85.7688, 19.2}
{706.25,142.948, 24}
{706.25,-142.947445, 24}
{706.25,-85.768467, 19.2}
{706.25,-28.589489, 14.4}
{706.25,28.589489, 9.6}
{706.25,85.768467, 4.8}
{706.25,142.947445, 0}
{605.357143,-125.61857, 0}
{605.357143,-75.371142, 4.8}
{605.357143,-25.123714, 9.6}
{605.357143,25.123714, 14.4}
{605.357143,75.371142, 19.2}
{605.357143,125.61857, 24}
{605.357143,-125.618565, 24}
{605.357143,-75.371139, 19.2}
{605.357143,-25.123713, 14.4}
{605.357143,25.123713, 9.6}
{605.357143,75.371139, 4.8}
{605.357143,125.618565, 0}
{504.464286,-107.27738, 0}
{504.464286,-64.366428, 4.8}
{504.464286,-21.455476, 9.6}
{504.464286,21.455476, 14.4}
{504.464286,64.366428, 19.2}
{504.464286,107.27738, 24}
{504.464286,-107.276451, 24}
{504.464286,-64.365871, 19.2}
{504.464286,-21.45529, 14.4}
{504.464286,21.45529, 9.6}
{504.464286,64.365871, 4.8}
{504.464286,107.276451, 0}
{403.571429,-87.912157, 0}
{403.571429,-52.747294, 4.8}
{403.571429,-17.582431, 9.6}
{403.571429,17.582431, 14.4}
{403.571429,52.747294, 19.2}
{403.571429,87.912157, 24}
{403.571429,-87.911373, 24}
{403.571429,-52.746824, 19.2}
{403.571429,-17.582275, 14.4}
{403.571429,17.582275, 9.6}
{403.571429,52.746824, 4.8}
{403.571429,87.911373, 0}
{302.678571,-67.512095, 0}
{302.678571,-40.507257, 4.8}
{302.678571,-13.502419, 9.6}
{302.678571,13.502419, 14.4}
{302.678571,40.507257, 19.2}
{302.678571,67.512095, 24}
{302.678571,-67.51134, 24}
{302.678571,-40.506804, 19.2}
{302.678571,-13.502268, 14.4}
{302.678571,13.502268, 9.6}
{302.678571,40.506804, 4.8}
{302.678571,67.51134, 0}
{201.785714,-46.066784, 0}
{201.785714,-27.64007, 4.8}
{201.785714,-9.213357, 9.6}
{201.785714,9.213357, 14.4}
{201.785714,27.64007, 19.2}
{201.785714,46.066784, 24}
{201.785714,-46.067046, 24}
{201.785714,-27.640228, 19.2}
{201.785714,-9.213409, 14.4}
{201.785714,9.213409, 9.6}
{201.785714,27.640228, 4.8}
{201.785714,46.067046, 0}
{100.892857,-23.564488, 0}
{100.892857,-14.138693, 4.8}
{100.892857,-4.712898, 9.6}
{100.892857,4.712898, 14.4}
{100.892857,14.138693, 19.2}
{100.892857,23.564488, 24}
{100.892857,-23.565988, 24}
{100.892857,-14.139593, 19.2}
{100.892857,-4.713198, 14.4}
{100.892857,4.713198, 9.6}
{100.892857,14.139593, 4.8}
{100.892857,23.565988, 0}
{0,0, 0}
{5650,0, 0}
