{2825,-288, 0}
{2825,-283.371115, -55.320981}
{2825,-277.109608, -110.481882}
{2825,-269.519395, -165.475949}
{2825,-259.725338, -220.113933}
{2825,-245.082226, -273.6184}
{2825,-217.387449, -321.148961}
{2825,-166.517956, -340.32275}
{2825,-111.033594, -341.734011}
{2825,-55.516805, -341.75997}
{2825,0, -341.76001}
{2825,55.516805, -341.75997}
{2825,111.033594, -341.734011}
{2825,166.517956, -340.32275}
{2825,217.387449, -321.148961}
{2825,245.082226, -273.6184}
{2825,259.725338, -220.113933}
{2825,269.519395, -165.475949}
{2825,277.109608, -110.481882}
{2825,283.371115, -55.320981}
{2825,288, 0}
{2925.892857,-287.823609, 0}
{2925.892857,-283.198991, -55.30685}
{2925.892857,-276.943443, -110.453897}
{2925.892857,-269.360662, -165.434415}
{2925.892857,-259.57778, -220.059754}
{2925.892857,-244.954954, -273.554973}
{2925.892857,-217.307355, -321.098883}
{2925.892857,-166.474394, -340.317691}
{2925.892857,-111.004711, -341.733929}
{2925.892857,-55.502364, -341.75997}
{2925.892857,0, -341.76001}
{2925.892857,55.502364, -341.75997}
{2925.892857,111.004711, -341.733929}
{2925.892857,166.474394, -340.317691}
{2925.892857,217.307355, -321.098883}
{2925.892857,244.954954, -273.554973}
{2925.892857,259.57778, -220.059754}
{2925.892857,269.360662, -165.434415}
{2925.892857,276.943443, -110.453897}
{2925.892857,283.198991, -55.30685}
{2925.892857,287.823609, 0}
{3026.785714,-287.165234, 0}
{3026.785714,-282.556476, -55.2541}
{3026.785714,-276.323103, -110.34942}
{3026.785714,-268.768103, -165.279367}
{3026.785714,-259.026846, -219.857479}
{3026.785714,-244.479549, -273.318073}
{3026.785714,-217.007657, -320.911222}
{3026.785714,-166.311776, -340.298616}
{3026.785714,-110.896901, -341.733577}
{3026.785714,-55.448459, -341.75997}
{3026.785714,0, -341.76001}
{3026.785714,55.448459, -341.75997}
{3026.785714,110.896901, -341.733577}
{3026.785714,166.311776, -340.298616}
{3026.785714,217.007657, -320.911222}
{3026.785714,244.479549, -273.318073}
{3026.785714,259.026846, -219.857479}
{3026.785714,268.768103, -165.279367}
{3026.785714,276.323103, -110.34942}
{3026.785714,282.556476, -55.2541}
{3026.785714,287.165234, 0}
{3127.678571,-285.922844, 0}
{3127.678571,-281.343965, -55.15458}
{3127.678571,-275.15235, -110.1523}
{3127.678571,-267.649577, -164.986799}
{3127.678571,-257.986516, -219.475707}
{3127.678571,-243.580865, -272.87053}
{3127.678571,-216.438832, -320.553563}
{3127.678571,-166.004926, -340.261693}
{3127.678571,-110.693524, -341.732903}
{3127.678571,-55.346771, -341.75997}
{3127.678571,0, -341.76001}
{3127.678571,55.346771, -341.75997}
{3127.678571,110.693524, -341.732903}
{3127.678571,166.004926, -340.261693}
{3127.678571,216.438832, -320.553563}
{3127.678571,243.580865, -272.87053}
{3127.678571,257.986516, -219.475707}
{3127.678571,267.649577, -164.986799}
{3127.678571,275.15235, -110.1523}
{3127.678571,281.343965, -55.15458}
{3127.678571,285.922844, 0}
{3228.571429,-284.034034, 0}
{3228.571429,-279.500417, -55.003335}
{3228.571429,-273.372007, -109.852695}
{3228.571429,-265.948226, -164.542063}
{3228.571429,-256.403217, -218.895155}
{3228.571429,-242.210696, -272.188922}
{3228.571429,-215.565753, -320.001172}
{3228.571429,-165.538473, -340.203325}
{3228.571429,-110.384501, -341.731833}
{3228.571429,-55.19226, -341.75997}
{3228.571429,0, -341.76001}
{3228.571429,55.19226, -341.75997}
{3228.571429,110.384501, -341.731833}
{3228.571429,165.538473, -340.203325}
{3228.571429,215.565753, -320.001172}
{3228.571429,242.210696, -272.188922}
{3228.571429,256.403217, -218.895155}
{3228.571429,265.948226, -164.542063}
{3228.571429,273.372007, -109.852695}
{3228.571429,279.500417, -55.003335}
{3228.571429,284.034034, 0}
{3329.464286,-281.450446, 0}
{3329.464286,-276.978398, -54.796564}
{3329.464286,-270.935912, -109.443038}
{3329.464286,-263.619354, -163.933843}
{3329.464286,-254.234179, -218.100781}
{3329.464286,-240.329002, -271.254317}
{3329.464286,-214.355062, -319.228971}
{3329.464286,-164.9005, -340.118794}
{3329.464286,-109.962143, -341.730313}
{3329.464286,-54.981082, -341.759961}
{3329.464286,0, -341.76001}
{3329.464286,54.981082, -341.759961}
{3329.464286,109.962143, -341.730313}
{3329.464286,164.9005, -340.118794}
{3329.464286,214.355062, -319.228971}
{3329.464286,240.329002, -271.254317}
{3329.464286,254.234179, -218.100781}
{3329.464286,263.619354, -163.933843}
{3329.464286,270.935912, -109.443038}
{3329.464286,276.978398, -54.796564}
{3329.464286,281.450446, 0}
{3430.357143,-278.12836, 0}
{3430.357143,-273.734857, -54.53085}
{3430.357143,-267.80197, -108.916507}
{3430.357143,-260.621942, -163.151908}
{3430.357143,-251.439488, -217.078826}
{3430.357143,-237.896771, -270.048751}
{3430.357143,-212.769715, -318.208338}
{3430.357143,-164.080098, -340.001512}
{3430.357143,-109.419588, -341.728178}
{3430.357143,-54.709807, -341.759961}
{3430.357143,0, -341.76001}
{3430.357143,54.709807, -341.759961}
{3430.357143,109.419588, -341.728178}
{3430.357143,164.080098, -340.001512}
{3430.357143,212.769715, -318.208338}
{3430.357143,237.896771, -270.048751}
{3430.357143,251.439488, -217.078826}
{3430.357143,260.621942, -163.151908}
{3430.357143,267.80197, -108.916507}
{3430.357143,273.734857, -54.53085}
{3430.357143,278.12836, 0}
{3531.25,-274.039521, 0}
{3531.25,-269.741761, -54.204112}
{3531.25,-263.942364, -108.2689}
{3531.25,-256.928353, -162.18988}
{3531.25,-247.991181, -215.82047}
{3531.25,-234.88398, -268.559601}
{3531.25,-210.773693, -316.911171}
{3531.25,-163.070152, -339.842638}
{3531.25,-108.752729, -341.725274}
{3531.25,-54.37638, -341.759922}
{3531.25,0, -341.759974}
{3531.25,54.37638, -341.759922}
{3531.25,108.752729, -341.725274}
{3531.25,163.070152, -339.842638}
{3531.25,210.773693, -316.911171}
{3531.25,234.88398, -268.559601}
{3531.25,247.991181, -215.82047}
{3531.25,256.928353, -162.18988}
{3531.25,263.942364, -108.2689}
{3531.25,269.741761, -54.204112}
{3531.25,274.039521, 0}
{3632.142857,-269.148343, 0}
{3632.142857,-264.963778, -53.813645}
{3632.142857,-259.322105, -107.494769}
{3632.142857,-252.503704, -161.039483}
{3632.142857,-243.853876, -214.314276}
{3632.142857,-231.252508, -266.770656}
{3632.142857,-208.319672, -315.302351}
{3632.142857,-161.861032, -339.628788}
{3632.142857,-107.956232, -341.721242}
{3632.142857,-53.978135, -341.75978}
{3632.142857,0, -341.759837}
{3632.142857,53.978135, -341.75978}
{3632.142857,107.956232, -341.721242}
{3632.142857,161.861032, -339.628788}
{3632.142857,208.319672, -315.302351}
{3632.142857,231.252508, -266.770656}
{3632.142857,243.853876, -214.314276}
{3632.142857,252.503704, -161.039483}
{3632.142857,259.322105, -107.494769}
{3632.142857,264.963778, -53.813645}
{3632.142857,269.148343, 0}
{3733.035714,-263.429873, 0}
{3733.035714,-259.375836, -53.357725}
{3733.035714,-253.915802, -106.590581}
{3733.035714,-247.322092, -159.695271}
{3733.035714,-238.999944, -212.552423}
{3733.035714,-226.969489, -264.669637}
{3733.035714,-205.3573, -313.347376}
{3733.035714,-160.444987, -339.340219}
{3733.035714,-107.026798, -341.715425}
{3733.035714,-53.513424, -341.759234}
{3733.035714,0, -341.759293}
{3733.035714,53.513424, -341.759234}
{3733.035714,107.026798, -341.715425}
{3733.035714,160.444987, -339.340219}
{3733.035714,205.3573, -313.347376}
{3733.035714,226.969489, -264.669637}
{3733.035714,238.999944, -212.552423}
{3733.035714,247.322092, -159.695271}
{3733.035714,253.915802, -106.590581}
{3733.035714,259.375836, -53.357725}
{3733.035714,263.429873, 0}
{3833.928571,-256.858939, 0}
{3833.928571,-252.952421, -52.834573}
{3833.928571,-247.69748, -105.552687}
{3833.928571,-241.356691, -158.151589}
{3833.928571,-233.400292, -210.526726}
{3833.928571,-221.999321, -262.243576}
{3833.928571,-201.828535, -311.010075}
{3833.928571,-158.811894, -338.946344}
{3833.928571,-105.96107, -341.706383}
{3833.928571,-52.980569, -341.757434}
{3833.928571,0, -341.757518}
{3833.928571,52.980569, -341.757434}
{3833.928571,105.96107, -341.706383}
{3833.928571,158.811894, -338.946344}
{3833.928571,201.828535, -311.010075}
{3833.928571,221.999321, -262.243576}
{3833.928571,233.400292, -210.526726}
{3833.928571,241.356691, -158.151589}
{3833.928571,247.69748, -105.552687}
{3833.928571,252.952421, -52.834573}
{3833.928571,256.858939, 0}
{3934.821429,-249.412831, 0}
{3934.821429,-245.670344, -52.242574}
{3934.821429,-240.643099, -104.377726}
{3934.821429,-234.582255, -156.403191}
{3934.821429,-227.026655, -208.229466}
{3934.821429,-216.305821, -259.479944}
{3934.821429,-197.668494, -308.2545}
{3934.821429,-156.947713, -338.399439}
{3934.821429,-104.75605, -341.690928}
{3934.821429,-52.378074, -341.752081}
{3934.821429,0, -341.752233}
{3934.821429,52.378074, -341.752081}
{3934.821429,104.75605, -341.690928}
{3934.821429,156.947713, -338.399439}
{3934.821429,197.668494, -308.2545}
{3934.821429,216.305821, -259.479944}
{3934.821429,227.026655, -208.229466}
{3934.821429,234.582255, -156.403191}
{3934.821429,240.643099, -104.377726}
{3934.821429,245.670344, -52.242574}
{3934.821429,249.412831, 0}
{4035.714286,-241.070215, 0}
{4035.714286,-237.507524, -51.580019}
{4035.714286,-232.729506, -103.062151}
{4035.714286,-226.97404, -154.444521}
{4035.714286,-219.850663, -205.652475}
{4035.714286,-209.851519, -256.365664}
{4035.714286,-192.81249, -305.049179}
{4035.714286,-154.829228, -337.623831}
{4035.714286,-103.408606, -341.662091}
{4035.714286,-51.704379, -341.737644}
{4035.714286,0, -341.738007}
{4035.714286,51.704379, -341.737644}
{4035.714286,103.408606, -341.662091}
{4035.714286,154.829228, -337.623831}
{4035.714286,192.81249, -305.049179}
{4035.714286,209.851519, -256.365664}
{4035.714286,219.850663, -205.652475}
{4035.714286,226.97404, -154.444521}
{4035.714286,232.729506, -103.062151}
{4035.714286,237.507524, -51.580019}
{4035.714286,241.070215, 0}
{4136.607143,-231.81156, 0}
{4136.607143,-228.443529, -50.84484}
{4136.607143,-223.934792, -101.601656}
{4136.607143,-218.508208, -152.268873}
{4136.607143,-211.844211, -202.786031}
{4136.607143,-202.598309, -252.8859}
{4136.607143,-187.186987, -301.360467}
{4136.607143,-152.413633, -336.498966}
{4136.607143,-101.914899, -341.605131}
{4136.607143,-50.957575, -341.701779}
{4136.607143,0, -341.702311}
{4136.607143,50.957575, -341.701779}
{4136.607143,101.914899, -341.605131}
{4136.607143,152.413633, -336.498966}
{4136.607143,187.186987, -301.360467}
{4136.607143,202.598309, -252.8859}
{4136.607143,211.844211, -202.786031}
{4136.607143,218.508208, -152.268873}
{4136.607143,223.934792, -101.601656}
{4136.607143,228.443529, -50.84484}
{4136.607143,231.81156, 0}
{4237.5,-221.618266, 0}
{4237.5,-218.458589, -50.033876}
{4237.5,-214.237413, -99.989752}
{4237.5,-209.16097, -149.866261}
{4237.5,-202.978744, -199.616065}
{4237.5,-194.507114, -249.020722}
{4237.5,-180.723048, -297.155638}
{4237.5,-149.618989, -334.841766}
{4237.5,-100.268929, -341.489946}
{4237.5,-50.134691, -341.618652}
{4237.5,0, -341.619457}
{4237.5,50.134691, -341.618652}
{4237.5,100.268929, -341.489946}
{4237.5,149.618989, -334.841766}
{4237.5,180.723048, -297.155638}
{4237.5,194.507114, -249.020722}
{4237.5,202.978744, -199.616065}
{4237.5,209.16097, -149.866261}
{4237.5,214.237413, -99.989752}
{4237.5,218.458589, -50.033876}
{4237.5,221.618266, 0}
{4338.392857,-210.472876, 0}
{4338.392857,-207.533836, -49.141808}
{4338.392857,-203.616397, -98.215614}
{4338.392857,-198.908717, -147.220179}
{4338.392857,-193.225462, -196.119874}
{4338.392857,-185.538395, -244.739852}
{4338.392857,-173.345643, -292.390892}
{4338.392857,-146.288008, -332.384209}
{4338.392857,-98.460308, -341.257184}
{4338.392857,-49.230604, -341.437022}
{4338.392857,0, -341.438341}
{4338.392857,49.230604, -341.437022}
{4338.392857,98.460308, -341.257184}
{4338.392857,146.288008, -332.384209}
{4338.392857,173.345643, -292.390892}
{4338.392857,185.538395, -244.739852}
{4338.392857,193.225462, -196.119874}
{4338.392857,198.908717, -147.220179}
{4338.392857,203.616397, -98.215614}
{4338.392857,207.533836, -49.141808}
{4338.392857,210.472876, 0}
{4439.285714,-198.358793, 0}
{4439.285714,-195.651054, -48.159255}
{4439.285714,-192.051073, -96.260293}
{4439.285714,-187.72787, -144.301948}
{4439.285714,-182.555222, -192.258608}
{4439.285714,-175.652574, -239.993376}
{4439.285714,-164.986355, -287.005043}
{4439.285714,-142.146523, -328.789511}
{4439.285714,-96.470302, -340.795106}
{4439.285714,-48.23615, -341.060221}
{4439.285714,0, -341.062802}
{4439.285714,48.23615, -341.060221}
{4439.285714,96.470302, -340.795106}
{4439.285714,142.146523, -328.789511}
{4439.285714,164.986355, -287.005043}
{4439.285714,175.652574, -239.993376}
{4439.285714,182.555222, -192.258608}
{4439.285714,187.72787, -144.301948}
{4439.285714,192.051073, -96.260293}
{4439.285714,195.651054, -48.159255}
{4439.285714,198.358793, 0}
{4540.178571,-185.261134, 0}
{4540.178571,-182.793491, -47.069711}
{4540.178571,-179.52189, -94.090584}
{4540.178571,-175.595601, -141.061503}
{4540.178571,-170.939521, -187.965028}
{4540.178571,-164.811493, -234.69648}
{4540.178571,-155.586243, -280.899765}
{4540.178571,-136.845536, -323.761791}
{4540.178571,-94.265052, -339.897746}
{4540.178571,-47.135038, -340.313597}
{4540.178571,0, -340.318877}
{4540.178571,47.135038, -340.313597}
{4540.178571,94.265052, -339.897746}
{4540.178571,136.845536, -323.761791}
{4540.178571,155.586243, -280.899765}
{4540.178571,164.811493, -234.69648}
{4540.178571,170.939521, -187.965028}
{4540.178571,175.595601, -141.061503}
{4540.178571,179.52189, -94.090584}
{4540.178571,182.793491, -47.069711}
{4540.178571,185.261134, 0}
{4641.071429,-171.161643, 0}
{4641.071429,-168.940911, -45.843285}
{4641.071429,-166.005599, -91.646528}
{4641.071429,-162.485235, -137.408667}
{4641.071429,-158.346196, -183.118561}
{4641.071429,-152.974697, -228.698257}
{4641.071429,-145.094733, -273.900968}
{4641.071429,-130.061496, -317.072924}
{4641.071429,-91.780544, -338.188565}
{4641.071429,-45.897584, -338.888972}
{4641.071429,0, -338.903559}
{4641.071429,45.897584, -338.888972}
{4641.071429,91.780544, -338.188565}
{4641.071429,130.061496, -317.072924}
{4641.071429,145.094733, -273.900968}
{4641.071429,152.974697, -228.698257}
{4641.071429,158.346196, -183.118561}
{4641.071429,162.485235, -137.408667}
{4641.071429,166.005599, -91.646528}
{4641.071429,168.940911, -45.843285}
{4641.071429,171.161643, 0}
{4741.964286,-156.049923, 0}
{4741.964286,-154.0807, -44.431698}
{4741.964286,-151.486316, -88.831402}
{4741.964286,-148.377119, -133.198139}
{4741.964286,-144.750365, -177.525303}
{4741.964286,-140.110551, -221.756632}
{4741.964286,-133.478392, -265.726457}
{4741.964286,-121.595259, -308.493487}
{4741.964286,-88.901506, -334.996871}
{4741.964286,-44.475709, -336.271616}
{4741.964286,0, -336.286353}
{4741.964286,44.475709, -336.271616}
{4741.964286,88.901506, -334.996871}
{4741.964286,121.595259, -308.493487}
{4741.964286,133.478392, -265.726457}
{4741.964286,140.110551, -221.756632}
{4741.964286,144.750365, -177.525303}
{4741.964286,148.377119, -133.198139}
{4741.964286,151.486316, -88.831402}
{4741.964286,154.0807, -44.431698}
{4741.964286,156.049923, 0}
{4842.857143,-139.910928, 0}
{4842.857143,-138.195656, -42.75323}
{4842.857143,-135.943683, -85.481642}
{4842.857143,-133.24711, -128.184386}
{4842.857143,-130.12368, -170.857885}
{4842.857143,-126.185783, -213.463063}
{4842.857143,-120.699004, -255.892482}
{4842.857143,-111.396598, -297.612938}
{4842.857143,-85.379544, -329.11961}
{4842.857143,-42.787859, -331.612338}
{4842.857143,0, -331.624319}
{4842.857143,42.787859, -331.612338}
{4842.857143,85.379544, -329.11961}
{4842.857143,111.396598, -297.612938}
{4842.857143,120.699004, -255.892482}
{4842.857143,126.185783, -213.463063}
{4842.857143,130.12368, -170.857885}
{4842.857143,133.24711, -128.184386}
{4842.857143,135.943683, -85.481642}
{4842.857143,138.195656, -42.75323}
{4842.857143,139.910928, 0}
{4943.75,-122.730831, 0}
{4943.75,-121.269996, -40.675947}
{4943.75,-119.358971, -81.333296}
{4943.75,-117.072907, -121.971343}
{4943.75,-114.44071, -162.588369}
{4943.75,-111.170992, -203.158463}
{4943.75,-106.722456, -243.614003}
{4943.75,-99.542582, -283.657301}
{4943.75,-80.594186, -318.518929}
{4943.75,-40.702413, -323.547205}
{4943.75,0, -323.555725}
{4943.75,40.702413, -323.547205}
{4943.75,80.594186, -318.518929}
{4943.75,99.542582, -283.657301}
{4943.75,106.722456, -243.614003}
{4943.75,111.170992, -203.158463}
{4943.75,114.44071, -162.588369}
{4943.75,117.072907, -121.971343}
{4943.75,119.358971, -81.333296}
{4943.75,121.269996, -40.675947}
{4943.75,122.730831, 0}
{5044.642857,-104.497957, 0}
{5044.642857,-103.290526, -37.994372}
{5044.642857,-101.716708, -75.975377}
{5044.642857,-99.836086, -113.942469}
{5044.642857,-97.681174, -151.894955}
{5044.642857,-95.043305, -189.816559}
{5044.642857,-91.529568, -227.665878}
{5044.642857,-86.102408, -265.280694}
{5044.642857,-73.375613, -300.723637}
{5044.642857,-38.013694, -309.959643}
{5044.642857,0, -309.963745}
{5044.642857,38.013694, -309.959643}
{5044.642857,73.375613, -300.723637}
{5044.642857,86.102408, -265.280694}
{5044.642857,91.529568, -227.665878}
{5044.642857,95.043305, -189.816559}
{5044.642857,97.681174, -151.894955}
{5044.642857,99.836086, -113.942469}
{5044.642857,101.716708, -75.975377}
{5044.642857,103.290526, -37.994372}
{5044.642857,104.497957, 0}
{5145.535714,-85.20153, 0}
{5145.535714,-84.24503, -34.391031}
{5145.535714,-83.002884, -68.77296}
{5145.535714,-81.520314, -103.145388}
{5145.535714,-79.827994, -137.508122}
{5145.535714,-77.785207, -171.851579}
{5145.535714,-75.113224, -206.151236}
{5145.535714,-71.13692, -240.320762}
{5145.535714,-62.919312, -273.624153}
{5145.535714,-34.404126, -287.593978}
{5145.535714,0, -287.597481}
{5145.535714,34.404126, -287.593978}
{5145.535714,62.919312, -273.624153}
{5145.535714,71.13692, -240.320762}
{5145.535714,75.113224, -206.151236}
{5145.535714,77.785207, -171.851579}
{5145.535714,79.827994, -137.508122}
{5145.535714,81.520314, -103.145388}
{5145.535714,83.002884, -68.77296}
{5145.535714,84.24503, -34.391031}
{5145.535714,85.20153, 0}
{5246.428571,-64.811767, 0}
{5246.428571,-64.107206, -29.351977}
{5246.428571,-63.194235, -58.698228}
{5246.428571,-62.105022, -88.038483}
{5246.428571,-60.864598, -117.372737}
{5246.428571,-59.385429, -146.695797}
{5246.428571,-57.478379, -175.99386}
{5246.428571,-54.722657, -205.22267}
{5246.428571,-49.569168, -234.095317}
{5246.428571,-29.352955, -251.234783}
{5246.428571,0, -251.574597}
{5246.428571,29.352955, -251.234783}
{5246.428571,49.569168, -234.095317}
{5246.428571,54.722657, -205.22267}
{5246.428571,57.478379, -175.99386}
{5246.428571,59.385429, -146.695797}
{5246.428571,60.864598, -117.372737}
{5246.428571,62.105022, -88.038483}
{5246.428571,63.194235, -58.698228}
{5246.428571,64.107206, -29.351977}
{5246.428571,64.811767, 0}
{5347.321429,-43.342925, 0}
{5347.321429,-42.886521, -22.236928}
{5347.321429,-42.296054, -44.470711}
{5347.321429,-41.591716, -66.701186}
{5347.321429,-40.790617, -88.928388}
{5347.321429,-39.845372, -111.149866}
{5347.321429,-38.640914, -133.358677}
{5347.321429,-36.942317, -155.534433}
{5347.321429,-33.993931, -177.570018}
{5347.321429,-22.225485, -194.315348}
{5347.321429,0, -194.7385}
{5347.321429,22.225485, -194.315348}
{5347.321429,33.993931, -177.570018}
{5347.321429,36.942317, -155.534433}
{5347.321429,38.640914, -133.358677}
{5347.321429,39.845372, -111.149866}
{5347.321429,40.790617, -88.928388}
{5347.321429,41.591716, -66.701186}
{5347.321429,42.296054, -44.470711}
{5347.321429,42.886521, -22.236928}
{5347.321429,43.342925, 0}
{5448.214286,-20.775261, 0}
{5448.214286,-20.580092, -12.954996}
{5448.214286,-20.322025, -25.908896}
{5448.214286,-20.010295, -38.861619}
{5448.214286,-19.653405, -51.813178}
{5448.214286,-19.233144, -64.762816}
{5448.214286,-18.698965, -77.708217}
{5448.214286,-17.957835, -90.643196}
{5448.214286,-16.742448, -103.540432}
{5448.214286,-12.770249, -115.579135}
{5448.214286,0, -116.38584}
{5448.214286,12.770249, -115.579135}
{5448.214286,16.742448, -103.540432}
{5448.214286,17.957835, -90.643196}
{5448.214286,18.698965, -77.708217}
{5448.214286,19.233144, -64.762816}
{5448.214286,19.653405, -51.813178}
{5448.214286,20.010295, -38.861619}
{5448.214286,20.322025, -25.908896}
{5448.214286,20.580092, -12.954996}
{5448.214286,20.775261, 0}
{2724.107143,-287.823609, 0}
{2724.107143,-283.198991, -55.30685}
{2724.107143,-276.943443, -110.453897}
{2724.107143,-269.360662, -165.434415}
{2724.107143,-259.57778, -220.059754}
{2724.107143,-244.954954, -273.554973}
{2724.107143,-217.307355, -321.098883}
{2724.107143,-166.474394, -340.317691}
{2724.107143,-111.004711, -341.733929}
{2724.107143,-55.502364, -341.75997}
{2724.107143,0, -341.76001}
{2724.107143,55.502364, -341.75997}
{2724.107143,111.004711, -341.733929}
{2724.107143,166.474394, -340.317691}
{2724.107143,217.307355, -321.098883}
{2724.107143,244.954954, -273.554973}
{2724.107143,259.57778, -220.059754}
{2724.107143,269.360662, -165.434415}
{2724.107143,276.943443, -110.453897}
{2724.107143,283.198991, -55.30685}
{2724.107143,287.823609, 0}
{2623.214286,-287.165234, 0}
{2623.214286,-282.556476, -55.2541}
{2623.214286,-276.323103, -110.34942}
{2623.214286,-268.768103, -165.279367}
{2623.214286,-259.026846, -219.857479}
{2623.214286,-244.479549, -273.318073}
{2623.214286,-217.007657, -320.911222}
{2623.214286,-166.311776, -340.298616}
{2623.214286,-110.896901, -341.733577}
{2623.214286,-55.448459, -341.75997}
{2623.214286,0, -341.76001}
{2623.214286,55.448459, -341.75997}
{2623.214286,110.896901, -341.733577}
{2623.214286,166.311776, -340.298616}
{2623.214286,217.007657, -320.911222}
{2623.214286,244.479549, -273.318073}
{2623.214286,259.026846, -219.857479}
{2623.214286,268.768103, -165.279367}
{2623.214286,276.323103, -110.34942}
{2623.214286,282.556476, -55.2541}
{2623.214286,287.165234, 0}
{2522.321429,-285.922844, 0}
{2522.321429,-281.343965, -55.15458}
{2522.321429,-275.15235, -110.1523}
{2522.321429,-267.649577, -164.986799}
{2522.321429,-257.986516, -219.475707}
{2522.321429,-243.580865, -272.87053}
{2522.321429,-216.438832, -320.553563}
{2522.321429,-166.004926, -340.261693}
{2522.321429,-110.693524, -341.732903}
{2522.321429,-55.346771, -341.75997}
{2522.321429,0, -341.76001}
{2522.321429,55.346771, -341.75997}
{2522.321429,110.693524, -341.732903}
{2522.321429,166.004926, -340.261693}
{2522.321429,216.438832, -320.553563}
{2522.321429,243.580865, -272.87053}
{2522.321429,257.986516, -219.475707}
{2522.321429,267.649577, -164.986799}
{2522.321429,275.15235, -110.1523}
{2522.321429,281.343965, -55.15458}
{2522.321429,285.922844, 0}
{2421.428571,-284.034034, 0}
{2421.428571,-279.500417, -55.003335}
{2421.428571,-273.372007, -109.852695}
{2421.428571,-265.948226, -164.542063}
{2421.428571,-256.403217, -218.895155}
{2421.428571,-242.210696, -272.188922}
{2421.428571,-215.565753, -320.001172}
{2421.428571,-165.538473, -340.203325}
{2421.428571,-110.384501, -341.731833}
{2421.428571,-55.19226, -341.75997}
{2421.428571,0, -341.76001}
{2421.428571,55.19226, -341.75997}
{2421.428571,110.384501, -341.731833}
{2421.428571,165.538473, -340.203325}
{2421.428571,215.565753, -320.001172}
{2421.428571,242.210696, -272.188922}
{2421.428571,256.403217, -218.895155}
{2421.428571,265.948226, -164.542063}
{2421.428571,273.372007, -109.852695}
{2421.428571,279.500417, -55.003335}
{2421.428571,284.034034, 0}
{2320.535714,-281.450446, 0}
{2320.535714,-276.978398, -54.796564}
{2320.535714,-270.935912, -109.443038}
{2320.535714,-263.619354, -163.933843}
{2320.535714,-254.234179, -218.100781}
{2320.535714,-240.329002, -271.254317}
{2320.535714,-214.355062, -319.228971}
{2320.535714,-164.9005, -340.118794}
{2320.535714,-109.962143, -341.730313}
{2320.535714,-54.981082, -341.759961}
{2320.535714,0, -341.76001}
{2320.535714,54.981082, -341.759961}
{2320.535714,109.962143, -341.730313}
{2320.535714,164.9005, -340.118794}
{2320.535714,214.355062, -319.228971}
{2320.535714,240.329002, -271.254317}
{2320.535714,254.234179, -218.100781}
{2320.535714,263.619354, -163.933843}
{2320.535714,270.935912, -109.443038}
{2320.535714,276.978398, -54.796564}
{2320.535714,281.450446, 0}
{2219.642857,-278.12836, 0}
{2219.642857,-273.734857, -54.53085}
{2219.642857,-267.80197, -108.916507}
{2219.642857,-260.621942, -163.151908}
{2219.642857,-251.439488, -217.078826}
{2219.642857,-237.896771, -270.048751}
{2219.642857,-212.769715, -318.208338}
{2219.642857,-164.080098, -340.001512}
{2219.642857,-109.419588, -341.728178}
{2219.642857,-54.709807, -341.759961}
{2219.642857,0, -341.76001}
{2219.642857,54.709807, -341.759961}
{2219.642857,109.419588, -341.728178}
{2219.642857,164.080098, -340.001512}
{2219.642857,212.769715, -318.208338}
{2219.642857,237.896771, -270.048751}
{2219.642857,251.439488, -217.078826}
{2219.642857,260.621942, -163.151908}
{2219.642857,267.80197, -108.916507}
{2219.642857,273.734857, -54.53085}
{2219.642857,278.12836, 0}
{2118.75,-274.039521, 0}
{2118.75,-269.741761, -54.204112}
{2118.75,-263.942364, -108.2689}
{2118.75,-256.928353, -162.18988}
{2118.75,-247.991181, -215.82047}
{2118.75,-234.88398, -268.559601}
{2118.75,-210.773693, -316.911171}
{2118.75,-163.070152, -339.842638}
{2118.75,-108.752729, -341.725274}
{2118.75,-54.37638, -341.759922}
{2118.75,0, -341.759974}
{2118.75,54.37638, -341.759922}
{2118.75,108.752729, -341.725274}
{2118.75,163.070152, -339.842638}
{2118.75,210.773693, -316.911171}
{2118.75,234.88398, -268.559601}
{2118.75,247.991181, -215.82047}
{2118.75,256.928353, -162.18988}
{2118.75,263.942364, -108.2689}
{2118.75,269.741761, -54.204112}
{2118.75,274.039521, 0}
{2017.857143,-269.148343, 0}
{2017.857143,-264.963778, -53.813645}
{2017.857143,-259.322105, -107.494769}
{2017.857143,-252.503704, -161.039483}
{2017.857143,-243.853876, -214.314276}
{2017.857143,-231.252508, -266.770656}
{2017.857143,-208.319672, -315.302351}
{2017.857143,-161.861032, -339.628788}
{2017.857143,-107.956232, -341.721242}
{2017.857143,-53.978135, -341.75978}
{2017.857143,0, -341.759837}
{2017.857143,53.978135, -341.75978}
{2017.857143,107.956232, -341.721242}
{2017.857143,161.861032, -339.628788}
{2017.857143,208.319672, -315.302351}
{2017.857143,231.252508, -266.770656}
{2017.857143,243.853876, -214.314276}
{2017.857143,252.503704, -161.039483}
{2017.857143,259.322105, -107.494769}
{2017.857143,264.963778, -53.813645}
{2017.857143,269.148343, 0}
{1916.964286,-263.429873, 0}
{1916.964286,-259.375836, -53.357725}
{1916.964286,-253.915802, -106.590581}
{1916.964286,-247.322092, -159.695271}
{1916.964286,-238.999944, -212.552423}
{1916.964286,-226.969489, -264.669637}
{1916.964286,-205.3573, -313.347376}
{1916.964286,-160.444987, -339.340219}
{1916.964286,-107.026798, -341.715425}
{1916.964286,-53.513424, -341.759234}
{1916.964286,0, -341.759293}
{1916.964286,53.513424, -341.759234}
{1916.964286,107.026798, -341.715425}
{1916.964286,160.444987, -339.340219}
{1916.964286,205.3573, -313.347376}
{1916.964286,226.969489, -264.669637}
{1916.964286,238.999944, -212.552423}
{1916.964286,247.322092, -159.695271}
{1916.964286,253.915802, -106.590581}
{1916.964286,259.375836, -53.357725}
{1916.964286,263.429873, 0}
{1816.071429,-256.858939, 0}
{1816.071429,-252.952421, -52.834573}
{1816.071429,-247.69748, -105.552687}
{1816.071429,-241.356691, -158.151589}
{1816.071429,-233.400292, -210.526726}
{1816.071429,-221.999321, -262.243576}
{1816.071429,-201.828535, -311.010075}
{1816.071429,-158.811894, -338.946344}
{1816.071429,-105.96107, -341.706383}
{1816.071429,-52.980569, -341.757434}
{1816.071429,0, -341.757518}
{1816.071429,52.980569, -341.757434}
{1816.071429,105.96107, -341.706383}
{1816.071429,158.811894, -338.946344}
{1816.071429,201.828535, -311.010075}
{1816.071429,221.999321, -262.243576}
{1816.071429,233.400292, -210.526726}
{1816.071429,241.356691, -158.151589}
{1816.071429,247.69748, -105.552687}
{1816.071429,252.952421, -52.834573}
{1816.071429,256.858939, 0}
{1715.178571,-249.412831, 0}
{1715.178571,-245.670344, -52.242574}
{1715.178571,-240.643099, -104.377726}
{1715.178571,-234.582255, -156.403191}
{1715.178571,-227.026655, -208.229466}
{1715.178571,-216.305821, -259.479944}
{1715.178571,-197.668494, -308.2545}
{1715.178571,-156.947713, -338.399439}
{1715.178571,-104.75605, -341.690928}
{1715.178571,-52.378074, -341.752081}
{1715.178571,0, -341.752233}
{1715.178571,52.378074, -341.752081}
{1715.178571,104.75605, -341.690928}
{1715.178571,156.947713, -338.399439}
{1715.178571,197.668494, -308.2545}
{1715.178571,216.305821, -259.479944}
{1715.178571,227.026655, -208.229466}
{1715.178571,234.582255, -156.403191}
{1715.178571,240.643099, -104.377726}
{1715.178571,245.670344, -52.242574}
{1715.178571,249.412831, 0}
{1614.285714,-241.070215, 0}
{1614.285714,-237.507524, -51.580019}
{1614.285714,-232.729506, -103.062151}
{1614.285714,-226.97404, -154.444521}
{1614.285714,-219.850663, -205.652475}
{1614.285714,-209.851519, -256.365664}
{1614.285714,-192.81249, -305.049179}
{1614.285714,-154.829228, -337.623831}
{1614.285714,-103.408606, -341.662091}
{1614.285714,-51.704379, -341.737644}
{1614.285714,0, -341.738007}
{1614.285714,51.704379, -341.737644}
{1614.285714,103.408606, -341.662091}
{1614.285714,154.829228, -337.623831}
{1614.285714,192.81249, -305.049179}
{1614.285714,209.851519, -256.365664}
{1614.285714,219.850663, -205.652475}
{1614.285714,226.97404, -154.444521}
{1614.285714,232.729506, -103.062151}
{1614.285714,237.507524, -51.580019}
{1614.285714,241.070215, 0}
{1513.392857,-231.81156, 0}
{1513.392857,-228.443529, -50.84484}
{1513.392857,-223.934792, -101.601656}
{1513.392857,-218.508208, -152.268873}
{1513.392857,-211.844211, -202.786031}
{1513.392857,-202.598309, -252.8859}
{1513.392857,-187.186987, -301.360467}
{1513.392857,-152.413633, -336.498966}
{1513.392857,-101.914899, -341.605131}
{1513.392857,-50.957575, -341.701779}
{1513.392857,0, -341.702311}
{1513.392857,50.957575, -341.701779}
{1513.392857,101.914899, -341.605131}
{1513.392857,152.413633, -336.498966}
{1513.392857,187.186987, -301.360467}
{1513.392857,202.598309, -252.8859}
{1513.392857,211.844211, -202.786031}
{1513.392857,218.508208, -152.268873}
{1513.392857,223.934792, -101.601656}
{1513.392857,228.443529, -50.84484}
{1513.392857,231.81156, 0}
{1412.5,-221.618266, 0}
{1412.5,-218.458589, -50.033876}
{1412.5,-214.237413, -99.989752}
{1412.5,-209.16097, -149.866261}
{1412.5,-202.978744, -199.616065}
{1412.5,-194.507114, -249.020722}
{1412.5,-180.723048, -297.155638}
{1412.5,-149.618989, -334.841766}
{1412.5,-100.268929, -341.489946}
{1412.5,-50.134691, -341.618652}
{1412.5,0, -341.619457}
{1412.5,50.134691, -341.618652}
{1412.5,100.268929, -341.489946}
{1412.5,149.618989, -334.841766}
{1412.5,180.723048, -297.155638}
{1412.5,194.507114, -249.020722}
{1412.5,202.978744, -199.616065}
{1412.5,209.16097, -149.866261}
{1412.5,214.237413, -99.989752}
{1412.5,218.458589, -50.033876}
{1412.5,221.618266, 0}
{1311.607143,-210.472876, 0}
{1311.607143,-207.533836, -49.141808}
{1311.607143,-203.616397, -98.215614}
{1311.607143,-198.908717, -147.220179}
{1311.607143,-193.225462, -196.119874}
{1311.607143,-185.538395, -244.739852}
{1311.607143,-173.345643, -292.390892}
{1311.607143,-146.288008, -332.384209}
{1311.607143,-98.460308, -341.257184}
{1311.607143,-49.230604, -341.437022}
{1311.607143,0, -341.438341}
{1311.607143,49.230604, -341.437022}
{1311.607143,98.460308, -341.257184}
{1311.607143,146.288008, -332.384209}
{1311.607143,173.345643, -292.390892}
{1311.607143,185.538395, -244.739852}
{1311.607143,193.225462, -196.119874}
{1311.607143,198.908717, -147.220179}
{1311.607143,203.616397, -98.215614}
{1311.607143,207.533836, -49.141808}
{1311.607143,210.472876, 0}
{1210.714286,-198.358793, 0}
{1210.714286,-195.651054, -48.159255}
{1210.714286,-192.051073, -96.260293}
{1210.714286,-187.72787, -144.301948}
{1210.714286,-182.555222, -192.258608}
{1210.714286,-175.652574, -239.993376}
{1210.714286,-164.986355, -287.005043}
{1210.714286,-142.146523, -328.789511}
{1210.714286,-96.470302, -340.795106}
{1210.714286,-48.23615, -341.060221}
{1210.714286,0, -341.062802}
{1210.714286,48.23615, -341.060221}
{1210.714286,96.470302, -340.795106}
{1210.714286,142.146523, -328.789511}
{1210.714286,164.986355, -287.005043}
{1210.714286,175.652574, -239.993376}
{1210.714286,182.555222, -192.258608}
{1210.714286,187.72787, -144.301948}
{1210.714286,192.051073, -96.260293}
{1210.714286,195.651054, -48.159255}
{1210.714286,198.358793, 0}
{1109.821429,-185.261134, 0}
{1109.821429,-182.793491, -47.069711}
{1109.821429,-179.52189, -94.090584}
{1109.821429,-175.595601, -141.061503}
{1109.821429,-170.939521, -187.965028}
{1109.821429,-164.811493, -234.69648}
{1109.821429,-155.586243, -280.899765}
{1109.821429,-136.845536, -323.761791}
{1109.821429,-94.265052, -339.897746}
{1109.821429,-47.135038, -340.313597}
{1109.821429,0, -340.318877}
{1109.821429,47.135038, -340.313597}
{1109.821429,94.265052, -339.897746}
{1109.821429,136.845536, -323.761791}
{1109.821429,155.586243, -280.899765}
{1109.821429,164.811493, -234.69648}
{1109.821429,170.939521, -187.965028}
{1109.821429,175.595601, -141.061503}
{1109.821429,179.52189, -94.090584}
{1109.821429,182.793491, -47.069711}
{1109.821429,185.261134, 0}
{1008.928571,-171.161643, 0}
{1008.928571,-168.940911, -45.843285}
{1008.928571,-166.005599, -91.646528}
{1008.928571,-162.485235, -137.408667}
{1008.928571,-158.346196, -183.118561}
{1008.928571,-152.974697, -228.698257}
{1008.928571,-145.094733, -273.900968}
{1008.928571,-130.061496, -317.072924}
{1008.928571,-91.780544, -338.188565}
{1008.928571,-45.897584, -338.888972}
{1008.928571,0, -338.903559}
{1008.928571,45.897584, -338.888972}
{1008.928571,91.780544, -338.188565}
{1008.928571,130.061496, -317.072924}
{1008.928571,145.094733, -273.900968}
{1008.928571,152.974697, -228.698257}
{1008.928571,158.346196, -183.118561}
{1008.928571,162.485235, -137.408667}
{1008.928571,166.005599, -91.646528}
{1008.928571,168.940911, -45.843285}
{1008.928571,171.161643, 0}
{908.035714,-156.049923, 0}
{908.035714,-154.0807, -44.431698}
{908.035714,-151.486316, -88.831402}
{908.035714,-148.377119, -133.198139}
{908.035714,-144.750365, -177.525303}
{908.035714,-140.110551, -221.756632}
{908.035714,-133.478392, -265.726457}
{908.035714,-121.595259, -308.493487}
{908.035714,-88.901506, -334.996871}
{908.035714,-44.475709, -336.271616}
{908.035714,0, -336.286353}
{908.035714,44.475709, -336.271616}
{908.035714,88.901506, -334.996871}
{908.035714,121.595259, -308.493487}
{908.035714,133.478392, -265.726457}
{908.035714,140.110551, -221.756632}
{908.035714,144.750365, -177.525303}
{908.035714,148.377119, -133.198139}
{908.035714,151.486316, -88.831402}
{908.035714,154.0807, -44.431698}
{908.035714,156.049923, 0}
{807.142857,-139.910928, 0}
{807.142857,-138.195656, -42.75323}
{807.142857,-135.943683, -85.481642}
{807.142857,-133.24711, -128.184386}
{807.142857,-130.12368, -170.857885}
{807.142857,-126.185783, -213.463063}
{807.142857,-120.699004, -255.892482}
{807.142857,-111.396598, -297.612938}
{807.142857,-85.379544, -329.11961}
{807.142857,-42.787859, -331.612338}
{807.142857,0, -331.624319}
{807.142857,42.787859, -331.612338}
{807.142857,85.379544, -329.11961}
{807.142857,111.396598, -297.612938}
{807.142857,120.699004, -255.892482}
{807.142857,126.185783, -213.463063}
{807.142857,130.12368, -170.857885}
{807.142857,133.24711, -128.184386}
{807.142857,135.943683, -85.481642}
{807.142857,138.195656, -42.75323}
{807.142857,139.910928, 0}
{706.25,-122.730831, 0}
{706.25,-121.269996, -40.675947}
{706.25,-119.358971, -81.333296}
{706.25,-117.072907, -121.971343}
{706.25,-114.44071, -162.588369}
{706.25,-111.170992, -203.158463}
{706.25,-106.722456, -243.614003}
{706.25,-99.542582, -283.657301}
{706.25,-80.594186, -318.518929}
{706.25,-40.702413, -323.547205}
{706.25,0, -323.555725}
{706.25,40.702413, -323.547205}
{706.25,80.594186, -318.518929}
{706.25,99.542582, -283.657301}
{706.25,106.722456, -243.614003}
{706.25,111.170992, -203.158463}
{706.25,114.44071, -162.588369}
{706.25,117.072907, -121.971343}
{706.25,119.358971, -81.333296}
{706.25,121.269996, -40.675947}
{706.25,122.730831, 0}
{605.357143,-104.497957, 0}
{605.357143,-103.290526, -37.994372}
{605.357143,-101.716708, -75.975377}
{605.357143,-99.836086, -113.942469}
{605.357143,-97.681174, -151.894955}
{605.357143,-95.043305, -189.816559}
{605.357143,-91.529568, -227.665878}
{605.357143,-86.102408, -265.280694}
{605.357143,-73.375613, -300.723637}
{605.357143,-38.013694, -309.959643}
{605.357143,0, -309.963745}
{605.357143,38.013694, -309.959643}
{605.357143,73.375613, -300.723637}
{605.357143,86.102408, -265.280694}
{605.357143,91.529568, -227.665878}
{605.357143,95.043305, -189.816559}
{605.357143,97.681174, -151.894955}
{605.357143,99.836086, -113.942469}
{605.357143,101.716708, -75.975377}
{605.357143,103.290526, -37.994372}
{605.357143,104.497957, 0}
{504.464286,-85.20153, 0}
{504.464286,-84.24503, -34.391031}
{504.464286,-83.002884, -68.77296}
{504.464286,-81.520314, -103.145388}
{504.464286,-79.827994, -137.508122}
{504.464286,-77.785207, -171.851579}
{504.464286,-75.113224, -206.151236}
{504.464286,-71.13692, -240.320762}
{504.464286,-62.919312, -273.624153}
{504.464286,-34.404126, -287.593978}
{504.464286,0, -287.597481}
{504.464286,34.404126, -287.593978}
{504.464286,62.919312, -273.624153}
{504.464286,71.13692, -240.320762}
{504.464286,75.113224, -206.151236}
{504.464286,77.785207, -171.851579}
{504.464286,79.827994, -137.508122}
{504.464286,81.520314, -103.145388}
{504.464286,83.002884, -68.77296}
{504.464286,84.24503, -34.391031}
{504.464286,85.20153, 0}
{403.571429,-64.811767, 0}
{403.571429,-64.107206, -29.351977}
{403.571429,-63.194235, -58.698228}
{403.571429,-62.105022, -88.038483}
{403.571429,-60.864598, -117.372737}
{403.571429,-59.385429, -146.695797}
{403.571429,-57.478379, -175.99386}
{403.571429,-54.722657, -205.22267}
{403.571429,-49.569168, -234.095317}
{403.571429,-29.352955, -251.234783}
{403.571429,0, -251.574597}
{403.571429,29.352955, -251.234783}
{403.571429,49.569168, -234.095317}
{403.571429,54.722657, -205.22267}
{403.571429,57.478379, -175.99386}
{403.571429,59.385429, -146.695797}
{403.571429,60.864598, -117.372737}
{403.571429,62.105022, -88.038483}
{403.571429,63.194235, -58.698228}
{403.571429,64.107206, -29.351977}
{403.571429,64.811767, 0}
{302.678571,-43.342925, 0}
{302.678571,-42.886521, -22.236928}
{302.678571,-42.296054, -44.470711}
{302.678571,-41.591716, -66.701186}
{302.678571,-40.790617, -88.928388}
{302.678571,-39.845372, -111.149866}
{302.678571,-38.640914, -133.358677}
{302.678571,-36.942317, -155.534433}
{302.678571,-33.993931, -177.570018}
{302.678571,-22.225485, -194.315348}
{302.678571,0, -194.7385}
{302.678571,22.225485, -194.315348}
{302.678571,33.993931, -177.570018}
{302.678571,36.942317, -155.534433}
{302.678571,38.640914, -133.358677}
{302.678571,39.845372, -111.149866}
{302.678571,40.790617, -88.928388}
{302.678571,41.591716, -66.701186}
{302.678571,42.296054, -44.470711}
{302.678571,42.886521, -22.236928}
{302.678571,43.342925, 0}
{201.785714,-20.775261, 0}
{201.785714,-20.580092, -12.954996}
{201.785714,-20.322025, -25.908896}
{201.785714,-20.010295, -38.861619}
{201.785714,-19.653405, -51.813178}
{201.785714,-19.233144, -64.762816}
{201.785714,-18.698965, -77.708217}
{201.785714,-17.957835, -90.643196}
{201.785714,-16.742448, -103.540432}
{201.785714,-12.770249, -115.579135}
{201.785714,0, -116.38584}
{201.785714,12.770249, -115.579135}
{201.785714,16.742448, -103.540432}
{201.785714,17.957835, -90.643196}
{201.785714,18.698965, -77.708217}
{201.785714,19.233144, -64.762816}
{201.785714,19.653405, -51.813178}
{201.785714,20.010295, -38.861619}
{201.785714,20.322025, -25.908896}
{201.785714,20.580092, -12.954996}
{201.785714,20.775261, 0}
{0,0, 0}
{5650,0, 0}
